Start Date,End Date,Portfolio name,Program Type,Campaign Name,Country,Status,Currency,Budget Amount,Targeting Type,Bidding strategy,Impressions,Last Year Impressions,Clicks,Last Year Clicks,Click-Thru Rate (CTR),Spend,Last Year Spend,Cost Per Click (CPC),Last Year Cost Per Click (CPC),14 Day Total Orders (#),"Total Advertising Cost of Sales (ACOS) ",Total Return on Advertising Spend (ROAS),"14 Day Total Sales "
"Jan 01, 2025","Jan 31, 2025",No Portfolio,Sponsored Products,Auto Low Bid - Q1 2024 - Feb Deals - MJC,United Kingdom,ENABLED,GBP,£39.0,Automatic targeting,Fixed bids,1359686,,5471,,0.402%,£786.29,,£0.1437196,£0.0,314,10.446%,9.57,£7527.44
"Jan 01, 2025","Jan 31, 2025",No Portfolio,Sponsored Products,Project Candy - Converting EXT - 20240710,United Kingdom,ENABLED,GBP,£25.0,Manual targeting,Fixed bids,219094,,884,,0.40299999999999997%,£132.3,,£0.1496606,£0.0,115,5.822%,17.17,£2272.25
"Jan 01, 2025","Jan 31, 2025",No Portfolio,Sponsored Products,New Selection September 23 - Auto - MJC,United Kingdom,ENABLED,GBP,£63.0,Automatic targeting,Dynamic bids - down only,388129,1582432,1896,4736,0.488%,£245.66,£591.17,£0.1295675,£0.1248247,247,5.668%,17.64,£4334.35
"Jan 01, 2025","Jan 31, 2025",No Portfolio,Sponsored Products,Droppers - Auto Low Bid - MJC,United Kingdom,ENABLED,GBP,£69.0,Automatic targeting,Dynamic bids - down only,889508,1989383,4041,7409,0.45399999999999996%,£607.65,£945.05,£0.1503712,£0.1275543,506,5.65%,17.7,£10755.04
"Jan 01, 2025","Jan 31, 2025",No Portfolio,Sponsored Products,Manual Profit Expand BRD PHR Low Bid - December 2023 - MJC,United Kingdom,ENABLED,GBP,£26.0,Manual targeting,Fixed bids,460164,1415616,2030,4183,0.441%,£274.52,£454.08,£0.1352315,£0.1085537,163,7.992000000000001%,12.51,£3434.99
"Jan 01, 2025","Jan 31, 2025","# Campaign Bid Trial #",Sponsored Products,Keyword Research Low Bid (Category) - BRD PHR - SD,United Kingdom,ENABLED,GBP,£42.0,Manual targeting,Fixed bids,1979599,,5668,,0.28600000000000003%,£881.42,,£0.1555081,£0.0,661,4.746%,21.07,£18572.36
"Jan 01, 2025","Jan 31, 2025",No Portfolio,Sponsored Products,Droppers Profit - Low Bid - MJC,United Kingdom,ENABLED,GBP,£33.0,Manual targeting,Dynamic bids - down only,139581,1112883,640,5589,0.459%,£97.66,£743.94,£0.1525938,£0.1331079,86,5.351%,18.69,£1825.1
"Jan 01, 2025","Jan 31, 2025",No Portfolio,Sponsored Products,Manual Profit EXT Low Bid - Q2 2024 - MJC,United Kingdom,ENABLED,GBP,£19.0,Manual targeting,Fixed bids,164513,,765,,0.46499999999999997%,£112.21,,£0.1466797,£0.0,97,5.765%,17.35,£1946.55
"Jan 01, 2025","Jan 31, 2025",No Portfolio,Sponsored Products,Droppers - PAT Low Bid - MJC,United Kingdom,ENABLED,GBP,£28.0,Manual targeting,Dynamic bids - down only,89391,373645,981,4331,1.097%,£164.48,£550.62,£0.16766559999999997,£0.1271346,194,3.567%,28.03,£4611.05
"Jan 01, 2025","Jan 31, 2025",No Portfolio,Sponsored Products,PAT Profit May 2024,United Kingdom,ENABLED,GBP,£60.0,Manual targeting,Dynamic bids - up and down,319157,,4739,,1.485%,£1036.08,,£0.21862839999999997,£0.0,814,5.391%,18.55,£19218.67
"Jan 01, 2025","Jan 31, 2025",No Portfolio,Sponsored Products,Project Candy - EV4 - Auto Low Bid - MJC,United Kingdom,ENABLED,GBP,£13.0,Automatic targeting,Dynamic bids - down only,43878,,343,,0.782%,£49.29,,£0.1437026,£0.0,11,9.652%,10.36,£510.67
"Jan 01, 2025","Jan 31, 2025",No Portfolio,Sponsored Products,Manual Profit EXT Low Bid - December 2023 - MJC,United Kingdom,ENABLED,GBP,£29.0,Manual targeting,Fixed bids,199691,1079377,788,3301,0.395%,£124.08,£453.85,£0.15746190000000002,£0.13748860000000002,86,5.926%,16.87,£2093.84
"Jan 01, 2025","Jan 31, 2025",No Portfolio,Sponsored Products,Growers - Profit Low Bid - MJC,United Kingdom,ENABLED,GBP,£28.0,Manual targeting,Dynamic bids - down only,37735,455483,239,2091,0.633%,£38.71,£282.57,£0.1619665,£0.1351363,39,3.3489999999999998%,29.86,£1155.98
"Jan 01, 2025","Jan 31, 2025","# Campaign Bid Trial #",Sponsored Products,(B2B Multiplier Test) Growers - Auto Low Bid - MJC,United Kingdom,ENABLED,GBP,£123.0,Automatic targeting,Dynamic bids - down only,1072862,3668045,5734,10528,0.534%,£909.26,£1412.29,£0.1585734,£0.1341461,695,4.91%,20.37,£18517.46
"Jan 01, 2025","Jan 31, 2025",No Portfolio,Sponsored Products,(Dayparting Test) Auto Low Bid - Q4 2023 - MJC,United Kingdom,PAUSED,GBP,£83.0,Automatic targeting,Fixed bids,3262354,6753271,12237,15749,0.375%,£1490.12,£1923.72,£0.1217717,£0.1221487,823,6.660000000000001%,15.01,£22372.71
"Jan 01, 2025","Jan 31, 2025","# Campaign Bid Trial #",Sponsored Products,Keyword Research Low Bid (New Selection) - BRD PHR - SD,United Kingdom,ENABLED,GBP,£75.0,Manual targeting,Dynamic bids - up and down,1255069,,6031,,0.481%,£1352.75,,£0.2242995,£0.0,892,5.2780000000000005%,18.95,£25632.31
"Jan 01, 2025","Jan 31, 2025",No Portfolio,Sponsored Products,Growers - PAT Low Bid - MJC,United Kingdom,ENABLED,GBP,£31.0,Manual targeting,Dynamic bids - down only,46303,419913,499,5104,1.078%,£80.35,£681.87,£0.161022,£0.1335952,91,3.072%,32.55,£2615.19
"Jan 01, 2025","Jan 31, 2025",No Portfolio,Sponsored Products,Keyword Research Low Bid Top Sellers 2 - BRD PHR - SD,United Kingdom,ENABLED,GBP,£15.0,Manual targeting,Fixed bids,254437,,1291,,0.507%,£269.52,,£0.20876840000000002,£0.0,205,4.622%,21.64,£5831.22
"Jan 01, 2025","Jan 31, 2025",No Portfolio,Sponsored Products,Keyword Research Low Bid - BRD PHR - SD,United Kingdom,ENABLED,GBP,£63.0,Manual targeting,Dynamic bids - down only,1140317,,6037,,0.529%,£972.25,,£0.16104849999999998,£0.0,819,3.6999999999999997%,27.02,£26273.92
"Jan 01, 2025","Jan 31, 2025",No Portfolio,Sponsored Products,Manual Profit Expand BRD PHR Low Bid - Q2 2024 - MJC,United Kingdom,ENABLED,GBP,£21.0,Manual targeting,Fixed bids,444038,,2338,,0.527%,£371.49,,£0.1588922,£0.0,255,5.545%,18.03,£6699.6
"Jan 01, 2025","Jan 31, 2025",No Portfolio,Sponsored Products,Manual Profit EXT Low Bid - Q4 - MJC,United Kingdom,ENABLED,GBP,£23.0,Manual targeting,Fixed bids,32688,223821,177,936,0.541%,£26.62,£131.87,£0.15039550000000002,£0.1408868,21,12.276%,8.15,£216.84
"Jan 01, 2025","Jan 31, 2025",No Portfolio,Sponsored Products,Keyword Research Low Bid (Seasonal) - BRD PHR - SD,United Kingdom,ENABLED,GBP,£28.0,Manual targeting,Fixed bids,1499399,,5157,,0.344%,£848.8,,£0.1645918,£0.0,370,6.2829999999999995%,15.92,£13510.39
"Jan 01, 2025","Jan 31, 2025",No Portfolio,Sponsored Products,Keyword Research Low Bid (Product Engagement) - BRD PHR - SD,United Kingdom,ENABLED,GBP,£23.0,Manual targeting,Fixed bids,1007463,,2580,,0.256%,£394.62,,£0.1529535,£0.0,164,7.576%,13.2,£5209.08
"Jan 01, 2025","Jan 31, 2025",No Portfolio,Sponsored Products,"Core Keywords, Close Match EXT - Suggested Bid - SD",United Kingdom,ENABLED,GBP,£21.0,Manual targeting,Dynamic bids - down only,197847,,1053,,0.532%,£384.58,,£0.3652232,£0.0,188,7.282%,13.73,£5281.12
"Feb 01, 2025","Feb 28, 2025",No Portfolio,Sponsored Products,PAT Profit May 2024,United Kingdom,ENABLED,GBP,£60.0,Manual targeting,Dynamic bids - up and down,284983,,4042,,1.418%,£881.83,,£0.2181667,£0.0,767,5.067%,19.74,£17403.31
"Feb 01, 2025","Feb 28, 2025",No Portfolio,Sponsored Products,Keyword Research Low Bid Top Sellers 2 - BRD PHR - SD,United Kingdom,ENABLED,GBP,£15.0,Manual targeting,Fixed bids,255264,,1478,,0.579%,£298.69,,£0.2020907,£0.0,225,5.2139999999999995%,19.18,£5728.1
"Feb 01, 2025","Feb 28, 2025",No Portfolio,Sponsored Products,Keyword Research Low Bid - BRD PHR - SD,United Kingdom,ENABLED,GBP,£63.0,Manual targeting,Dynamic bids - down only,1137670,,5619,,0.494%,£876.99,,£0.15607580000000001,£0.0,668,4.369%,22.89,£20072.5
"Feb 01, 2025","Feb 28, 2025",No Portfolio,Sponsored Products,Auto Low Bid - Q1 2024 - Feb Deals - MJC,United Kingdom,ENABLED,GBP,£39.0,Automatic targeting,Fixed bids,657840,420640,3158,1421,0.48%,£438.7,£190.59,£0.138917,£0.1341239,232,7.941%,12.59,£5524.75
"Feb 01, 2025","Feb 28, 2025",No Portfolio,Sponsored Products,Manual Profit EXT Low Bid - Q4 - MJC,United Kingdom,ENABLED,GBP,£23.0,Manual targeting,Fixed bids,18233,189695,121,783,0.664%,£17.38,£109.22,£0.1436364,£0.1394891,25,4.747%,21.07,£366.15
"Feb 01, 2025","Feb 28, 2025",No Portfolio,Sponsored Products,Droppers Profit - Low Bid - MJC,United Kingdom,ENABLED,GBP,£33.0,Manual targeting,Dynamic bids - down only,170206,977571,854,4882,0.502%,£131.74,£658.12,£0.1542623,£0.1348054,113,5.6610000000000005%,17.66,£2326.98
"Feb 01, 2025","Feb 28, 2025","# Campaign Bid Trial #",Sponsored Products,Keyword Research Low Bid (Category) - BRD PHR - SD,United Kingdom,ENABLED,GBP,£42.0,Manual targeting,Fixed bids,1527984,,5535,,0.362%,£838.5,,£0.1514905,£0.0,677,4.774%,20.95,£17565.46
"Feb 01, 2025","Feb 28, 2025","# Campaign Bid Trial #",Sponsored Products,(B2B Multiplier Test) Growers - Auto Low Bid - MJC,United Kingdom,ENABLED,GBP,£123.0,Automatic targeting,Dynamic bids - down only,1476456,3547898,7034,13372,0.47600000000000003%,£1106.23,£1818.12,£0.157269,£0.1359647,824,5.0520000000000005%,19.79,£21897.21
"Feb 01, 2025","Feb 28, 2025",No Portfolio,Sponsored Products,Manual Profit EXT Low Bid - December 2023 - MJC,United Kingdom,ENABLED,GBP,£29.0,Manual targeting,Fixed bids,175834,1223829,809,3789,0.45999999999999996%,£121.61,£518.42,£0.1503214,£0.1368224,80,6.677%,14.98,£1821.2
"Feb 01, 2025","Feb 28, 2025",No Portfolio,Sponsored Products,Keyword Research Low Bid (Seasonal) - BRD PHR - SD,United Kingdom,ENABLED,GBP,£28.0,Manual targeting,Fixed bids,1401208,,4565,,0.326%,£722.59,,£0.1582892,£0.0,336,6.294%,15.89,£11479.83
"Feb 01, 2025","Feb 28, 2025",No Portfolio,Sponsored Products,"Core Keywords, Close Match EXT - Suggested Bid - SD",United Kingdom,ENABLED,GBP,£21.0,Manual targeting,Dynamic bids - down only,133202,,782,,0.587%,£137.24,,£0.17549869999999998,£0.0,163,2.48%,40.32,£5534.04
"Feb 01, 2025","Feb 28, 2025",No Portfolio,Sponsored Products,Project Candy - Converting EXT - 20240710,United Kingdom,ENABLED,GBP,£25.0,Manual targeting,Fixed bids,196934,,998,,0.507%,£140.22,,£0.14050100000000001,£0.0,123,4.9590000000000005%,20.16,£2827.5
"Feb 01, 2025","Feb 28, 2025",No Portfolio,Sponsored Products,(Dayparting Test) Auto Low Bid - Q4 2023 - MJC,United Kingdom,PAUSED,GBP,£83.0,Automatic targeting,Fixed bids,2301999,6842527,10180,16654,0.44200000000000006%,£1217.82,£1943.77,£0.1196287,£0.11671490000000001,734,6.148%,16.26,£19807.39
"Feb 01, 2025","Feb 28, 2025",No Portfolio,Sponsored Products,Droppers - Auto Low Bid - MJC,United Kingdom,ENABLED,GBP,£69.0,Automatic targeting,Dynamic bids - down only,881424,1948442,3454,8963,0.392%,£485.85,£1165.48,£0.140663,£0.1300324,384,5.785%,17.29,£8398.36
"Feb 01, 2025","Feb 28, 2025",No Portfolio,Sponsored Products,Project Candy - EV4 - Auto Low Bid - MJC,United Kingdom,ENABLED,GBP,£13.0,Automatic targeting,Dynamic bids - down only,79088,,425,,0.5369999999999999%,£63.19,,£0.1486824,£0.0,16,7.926%,12.62,£797.27
"Feb 01, 2025","Feb 28, 2025",No Portfolio,Sponsored Products,Growers - Profit Low Bid - MJC,United Kingdom,ENABLED,GBP,£28.0,Manual targeting,Dynamic bids - down only,48039,383268,282,1750,0.587%,£44.46,£235.71,£0.1576596,£0.1346914,48,3.422%,29.22,£1299.27
"Feb 01, 2025","Feb 28, 2025",No Portfolio,Sponsored Products,Manual Profit EXT Low Bid - Q2 2024 - MJC,United Kingdom,ENABLED,GBP,£19.0,Manual targeting,Fixed bids,155237,,761,,0.49%,£109.85,,£0.14434950000000002,£0.0,70,6.757000000000001%,14.8,£1625.81
"Feb 01, 2025","Feb 28, 2025",No Portfolio,Sponsored Products,Manual Profit Expand BRD PHR Low Bid - Q2 2024 - MJC,United Kingdom,ENABLED,GBP,£21.0,Manual targeting,Fixed bids,255535,,1565,,0.612%,£223.85,,£0.1430351,£0.0,192,5.493%,18.2,£4074.85
"Feb 01, 2025","Feb 28, 2025",No Portfolio,Sponsored Products,Keyword Research Low Bid (Product Engagement) - BRD PHR - SD,United Kingdom,ENABLED,GBP,£23.0,Manual targeting,Fixed bids,560729,,1583,,0.28200000000000003%,£217.62,,£0.1374732,£0.0,138,5.331%,18.76,£4082.39
"Feb 01, 2025","Feb 28, 2025",No Portfolio,Sponsored Products,Manual Profit Expand BRD PHR Low Bid - December 2023 - MJC,United Kingdom,ENABLED,GBP,£26.0,Manual targeting,Fixed bids,392099,1438404,1677,4867,0.428%,£239.03,£518.66,£0.1425343,£0.1065667,173,6.702%,14.92,£3566.29
"Feb 01, 2025","Feb 28, 2025",No Portfolio,Sponsored Products,Droppers - PAT Low Bid - MJC,United Kingdom,ENABLED,GBP,£28.0,Manual targeting,Dynamic bids - down only,75331,342152,847,3875,1.124%,£131.53,£504.14,£0.15528930000000002,£0.13010059999999998,164,4.003%,24.98,£3286.13
"Feb 01, 2025","Feb 28, 2025",No Portfolio,Sponsored Products,New Selection September 23 - Auto - MJC,United Kingdom,ENABLED,GBP,£63.0,Automatic targeting,Dynamic bids - down only,364802,1386328,1602,4370,0.439%,£189.8,£529.7,£0.1184769,£0.12121280000000001,207,5.191%,19.27,£3656.51
"Feb 01, 2025","Feb 28, 2025",No Portfolio,Sponsored Products,Growers - PAT Low Bid - MJC,United Kingdom,ENABLED,GBP,£31.0,Manual targeting,Dynamic bids - down only,38018,386541,552,4500,1.452%,£88.33,£601.17,£0.1600181,£0.1335933,92,3.6519999999999997%,27.38,£2418.55
"Feb 01, 2025","Feb 28, 2025","# Campaign Bid Trial #",Sponsored Products,Keyword Research Low Bid (New Selection) - BRD PHR - SD,United Kingdom,ENABLED,GBP,£75.0,Manual targeting,Dynamic bids - up and down,1561204,,6178,,0.396%,£1438.32,,£0.2328132,£0.0,834,6.031000000000001%,16.58,£23850.41
"Mar 01, 2025","Mar 31, 2025",No Portfolio,Sponsored Products,Droppers - Auto Low Bid - MJC,United Kingdom,ENABLED,GBP,£69.0,Automatic targeting,Dynamic bids - down only,1089381,1661889,4040,5801,0.371%,£574.03,£787.0,£0.1420866,£0.1356663,492,5.811999999999999%,17.21,£9876.26
"Mar 01, 2025","Mar 31, 2025",No Portfolio,Sponsored Products,Project Candy - Converting EXT - 20240710,United Kingdom,ENABLED,GBP,£25.0,Manual targeting,Fixed bids,254735,,1419,,0.557%,£201.4,,£0.1419309,£0.0,216,6.680999999999999%,14.97,£3014.57
"Mar 01, 2025","Mar 31, 2025",No Portfolio,Sponsored Products,"Core Keywords, Close Match EXT - Suggested Bid - SD",United Kingdom,ENABLED,GBP,£21.0,Manual targeting,Dynamic bids - down only,395968,,1497,,0.378%,£297.3,,£0.1985972,£0.0,252,3.92%,25.51,£7584.11
"Mar 01, 2025","Mar 31, 2025",No Portfolio,Sponsored Products,Growers - PAT Low Bid - MJC,United Kingdom,ENABLED,GBP,£31.0,Manual targeting,Dynamic bids - down only,62138,276609,717,3176,1.154%,£112.45,£456.86,£0.156834,£0.1438476,140,3.5639999999999996%,28.06,£3155.37
"Mar 01, 2025","Mar 31, 2025",No Portfolio,Sponsored Products,Manual Profit EXT Low Bid - December 2023 - MJC,United Kingdom,ENABLED,GBP,£29.0,Manual targeting,Fixed bids,154981,1837711,707,4914,0.45599999999999996%,£104.8,£689.95,£0.148232,£0.140405,105,4.152%,24.08,£2523.86
"Mar 01, 2025","Mar 31, 2025",No Portfolio,Sponsored Products,Project Candy - EV4 - Auto Low Bid - MJC,United Kingdom,ENABLED,GBP,£13.0,Automatic targeting,Dynamic bids - down only,82406,,488,,0.592%,£72.71,,£0.1489959,£0.0,28,6.642%,15.06,£1094.67
"Mar 01, 2025","Mar 31, 2025","# Campaign Bid Trial #",Sponsored Products,(B2B Multiplier Test) Growers - Auto Low Bid - MJC,United Kingdom,ENABLED,GBP,£123.0,Automatic targeting,Dynamic bids - down only,1746036,2852017,7801,9394,0.447%,£1207.43,£1335.83,£0.1547789,£0.1422003,1066,4.755%,21.03,£25393.64
"Mar 01, 2025","Mar 31, 2025",No Portfolio,Sponsored Products,PAT Profit May 2024,United Kingdom,ENABLED,GBP,£60.0,Manual targeting,Dynamic bids - up and down,311305,,4559,,1.464%,£1053.56,,£0.23109449999999998,£0.0,970,5.56%,17.99,£18949.95
"Mar 01, 2025","Mar 31, 2025",No Portfolio,Sponsored Products,Keyword Research Low Bid (Seasonal) - BRD PHR - SD,United Kingdom,ENABLED,GBP,£28.0,Manual targeting,Fixed bids,1342922,,3504,,0.261%,£546.04,,£0.1558333,£0.0,223,8.091%,12.36,£6748.87
"Mar 01, 2025","Mar 31, 2025",No Portfolio,Sponsored Products,Manual Profit Expand BRD PHR Low Bid - December 2023 - MJC,United Kingdom,ENABLED,GBP,£26.0,Manual targeting,Fixed bids,412376,1742195,1768,6388,0.42900000000000005%,£241.41,£689.0,£0.1365441,£0.1078585,186,5.787%,17.28,£4171.67
"Mar 01, 2025","Mar 31, 2025","# Campaign Bid Trial #",Sponsored Products,Keyword Research Low Bid (Category) - BRD PHR - SD,United Kingdom,ENABLED,GBP,£42.0,Manual targeting,Fixed bids,1862570,,6410,,0.344%,£961.54,,£0.1500062,£0.0,939,4.265%,23.45,£22543.94
"Mar 01, 2025","Mar 31, 2025",No Portfolio,Sponsored Products,Manual Profit Expand BRD PHR Low Bid - Q2 2024 - MJC,United Kingdom,ENABLED,GBP,£21.0,Manual targeting,Fixed bids,312558,,1896,,0.607%,£262.56,,£0.138481,£0.0,259,5.8229999999999995%,17.17,£4508.64
"Mar 01, 2025","Mar 31, 2025",No Portfolio,Sponsored Products,Droppers Profit - Low Bid - MJC,United Kingdom,ENABLED,GBP,£33.0,Manual targeting,Dynamic bids - down only,214617,872458,1093,3874,0.509%,£168.0,£529.48,£0.1537054,£0.1366753,153,6.268%,15.95,£2680.37
"Mar 01, 2025","Mar 31, 2025",No Portfolio,Sponsored Products,Auto Low Bid - Q1 2024 - Feb Deals - MJC,United Kingdom,ENABLED,GBP,£39.0,Automatic targeting,Fixed bids,620637,1717122,2734,4087,0.441%,£374.85,£564.65,£0.1371068,£0.1381576,238,8.908000000000001%,11.23,£4207.95
"Mar 01, 2025","Mar 31, 2025",No Portfolio,Sponsored Products,Keyword Research Low Bid (Product Engagement) - BRD PHR - SD,United Kingdom,ENABLED,GBP,£23.0,Manual targeting,Fixed bids,711167,,1746,,0.246%,£239.74,,£0.1373081,£0.0,136,8.111%,12.33,£2955.88
"Mar 01, 2025","Mar 31, 2025",No Portfolio,Sponsored Products,Growers - Profit Low Bid - MJC,United Kingdom,ENABLED,GBP,£28.0,Manual targeting,Dynamic bids - down only,36643,254060,217,1242,0.592%,£32.14,£174.71,£0.14811059999999998,£0.1406683,38,3.8129999999999997%,26.23,£842.99
"Mar 01, 2025","Mar 31, 2025",No Portfolio,Sponsored Products,Keyword Research Low Bid Top Sellers 2 - BRD PHR - SD,United Kingdom,ENABLED,GBP,£15.0,Manual targeting,Fixed bids,365863,,1852,,0.506%,£360.87,,£0.1948542,£0.0,348,5.726%,17.46,£6301.78
"Mar 01, 2025","Mar 31, 2025","# Campaign Bid Trial #",Sponsored Products,Keyword Research Low Bid (New Selection) - BRD PHR - SD,United Kingdom,ENABLED,GBP,£75.0,Manual targeting,Dynamic bids - up and down,2187284,,6577,,0.301%,£1641.16,,£0.24953019999999998,£0.0,969,7.361%,13.58,£22294.03
"Mar 01, 2025","Mar 31, 2025",No Portfolio,Sponsored Products,Droppers - PAT Low Bid - MJC,United Kingdom,ENABLED,GBP,£28.0,Manual targeting,Dynamic bids - down only,78917,347421,1066,3711,1.351%,£163.12,£499.64,£0.1530206,£0.1346376,189,4.617%,21.66,£3533.12
"Mar 01, 2025","Mar 31, 2025",No Portfolio,Sponsored Products,New Selection September 23 - Auto - MJC,United Kingdom,ENABLED,GBP,£63.0,Automatic targeting,Dynamic bids - down only,475920,1110775,2230,3688,0.469%,£274.14,£443.22,£0.12293269999999999,£0.120179,333,4.827%,20.72,£5679.41
"Mar 01, 2025","Mar 31, 2025",No Portfolio,Sponsored Products,Manual Profit EXT Low Bid - Q4 - MJC,United Kingdom,ENABLED,GBP,£23.0,Manual targeting,Fixed bids,22102,130085,133,594,0.602%,£18.82,£84.41,£0.1415038,£0.1421044,26,6.825%,14.65,£275.74
"Mar 01, 2025","Mar 31, 2025",No Portfolio,Sponsored Products,Manual Profit EXT Low Bid - Q2 2024 - MJC,United Kingdom,ENABLED,GBP,£19.0,Manual targeting,Fixed bids,153314,,744,,0.485%,£107.54,,£0.144543,£0.0,110,5.144%,19.44,£2090.5
"Mar 01, 2025","Mar 31, 2025",No Portfolio,Sponsored Products,(Dayparting Test) Auto Low Bid - Q4 2023 - MJC,United Kingdom,PAUSED,GBP,£83.0,Automatic targeting,Fixed bids,2496261,4738736,11245,11359,0.44999999999999996%,£1327.27,£1342.97,£0.118032,£0.1182296,797,6.085%,16.44,£21813.77
"Mar 01, 2025","Mar 31, 2025",No Portfolio,Sponsored Products,Keyword Research Low Bid - BRD PHR - SD,United Kingdom,ENABLED,GBP,£63.0,Manual targeting,Dynamic bids - down only,1172175,,4357,,0.372%,£669.05,,£0.1535575,£0.0,619,3.765%,26.56,£17770.39
"Apr 01, 2025","Apr 30, 2025",No Portfolio,Sponsored Products,Manual Profit EXT Low Bid - Q2 2024 - MJC,United Kingdom,ENABLED,GBP,£19.0,Manual targeting,Fixed bids,145163,,692,,0.477%,£102.33,,£0.1478757,£0.0,108,4.349%,22.99,£2352.97
"Apr 01, 2025","Apr 30, 2025",No Portfolio,Sponsored Products,Growers - Profit Low Bid - MJC,United Kingdom,ENABLED,GBP,£28.0,Manual targeting,Dynamic bids - down only,28612,269120,148,1028,0.517%,£22.8,£142.13,£0.1540541,£0.1382588,21,4.564%,21.91,£499.52
"Apr 01, 2025","Apr 30, 2025",No Portfolio,Sponsored Products,Keyword Research Low Bid Top Sellers 2 - BRD PHR - SD,United Kingdom,ENABLED,GBP,£15.0,Manual targeting,Fixed bids,290226,,1618,,0.557%,£311.22,,£0.1923486,£0.0,338,6.139%,16.29,£5069.54
"Apr 01, 2025","Apr 30, 2025",No Portfolio,Sponsored Products,Manual Profit EXT Low Bid - Q4 - MJC,United Kingdom,ENABLED,GBP,£23.0,Manual targeting,Fixed bids,17416,103524,107,522,0.614%,£15.36,£73.66,£0.1435514,£0.1411111,32,3.1559999999999997%,31.69,£486.76
"Apr 01, 2025","Apr 30, 2025","# Campaign Bid Trial #",Sponsored Products,Keyword Research Low Bid (Category) - BRD PHR - SD,United Kingdom,ENABLED,GBP,£42.0,Manual targeting,Fixed bids,1397611,,5018,,0.359%,£778.69,,£0.1551794,£0.0,705,4.846%,20.64,£16069.77
"Apr 01, 2025","Apr 30, 2025",No Portfolio,Sponsored Products,New Selection September 23 - Auto - MJC,United Kingdom,ENABLED,GBP,£63.0,Automatic targeting,Dynamic bids - down only,569720,1044116,2976,3372,0.522%,£381.99,£394.4,£0.1283569,£0.1169632,352,7.06%,14.16,£5410.65
"Apr 01, 2025","Apr 30, 2025",No Portfolio,Sponsored Products,(Dayparting Test) Auto Low Bid - Q4 2023 - MJC,United Kingdom,PAUSED,GBP,£83.0,Automatic targeting,Fixed bids,1816977,3994978,9302,9250,0.512%,£1099.18,£1052.43,£0.118166,£0.11377620000000001,703,6.199000000000001%,16.13,£17730.45
"Apr 01, 2025","Apr 30, 2025","# Campaign Bid Trial #",Sponsored Products,(B2B Multiplier Test) Growers - Auto Low Bid - MJC,United Kingdom,ENABLED,GBP,£123.0,Automatic targeting,Dynamic bids - down only,1381811,2546374,6499,6944,0.47000000000000003%,£1029.17,£1002.1,£0.1583582,£0.1443116,921,4.198%,23.82,£24513.3
"Apr 01, 2025","Apr 30, 2025",No Portfolio,Sponsored Products,PAT Profit May 2024,United Kingdom,ENABLED,GBP,£60.0,Manual targeting,Dynamic bids - up and down,265223,,4404,,1.66%,£1102.73,,£0.2503928,£0.0,1000,5.527%,18.09,£19952.48
"Apr 01, 2025","Apr 30, 2025",No Portfolio,Sponsored Products,Auto Low Bid - Q1 2024 - Feb Deals - MJC,United Kingdom,ENABLED,GBP,£39.0,Automatic targeting,Fixed bids,517742,3011829,2311,6754,0.44600000000000006%,£328.57,£947.37,£0.1421765,£0.140268,211,7.156999999999999%,13.97,£4590.62
"Apr 01, 2025","Apr 30, 2025",No Portfolio,Sponsored Products,Droppers Profit - Low Bid - MJC,United Kingdom,ENABLED,GBP,£33.0,Manual targeting,Dynamic bids - down only,149548,603770,646,2697,0.432%,£99.19,£375.6,£0.1535449,£0.1392659,100,5.872%,17.03,£1689.2
"Apr 01, 2025","Apr 30, 2025",No Portfolio,Sponsored Products,Growers - PAT Low Bid - MJC,United Kingdom,ENABLED,GBP,£31.0,Manual targeting,Dynamic bids - down only,48715,232817,542,2808,1.113%,£90.79,£400.31,£0.1675092,£0.1425605,115,3.492%,28.64,£2600.19
"Apr 01, 2025","Apr 30, 2025",No Portfolio,Sponsored Products,"Core Keywords, Close Match EXT - Suggested Bid - SD",United Kingdom,ENABLED,GBP,£21.0,Manual targeting,Dynamic bids - down only,220952,,911,,0.41200000000000003%,£186.31,,£0.20451149999999998,£0.0,148,4.498%,22.23,£4142.36
"Apr 01, 2025","Apr 30, 2025",No Portfolio,Sponsored Products,Manual Profit Expand BRD PHR Low Bid - December 2023 - MJC,United Kingdom,ENABLED,GBP,£26.0,Manual targeting,Fixed bids,306908,1448201,1376,5414,0.44799999999999995%,£188.44,£584.13,£0.1369477,£0.10789249999999999,156,5.795999999999999%,17.25,£3251.17
"Apr 01, 2025","Apr 30, 2025",No Portfolio,Sponsored Products,Manual Profit Expand BRD PHR Low Bid - Q2 2024 - MJC,United Kingdom,ENABLED,GBP,£21.0,Manual targeting,Fixed bids,260584,,1494,,0.573%,£204.68,,£0.1370013,£0.0,244,4.494%,22.25,£4554.95
"Apr 01, 2025","Apr 30, 2025",No Portfolio,Sponsored Products,Droppers - PAT Low Bid - MJC,United Kingdom,ENABLED,GBP,£28.0,Manual targeting,Dynamic bids - down only,65864,275900,941,2636,1.429%,£145.0,£355.39,£0.15409140000000002,£0.1348217,186,4.159%,24.05,£3486.76
"Apr 01, 2025","Apr 30, 2025",No Portfolio,Sponsored Products,Project Candy - EV4 - Auto Low Bid - MJC,United Kingdom,ENABLED,GBP,£13.0,Automatic targeting,Dynamic bids - down only,78993,,364,,0.461%,£53.6,,£0.14725270000000001,£0.0,15,7.7700000000000005%,12.87,£689.81
"Apr 01, 2025","Apr 30, 2025",No Portfolio,Sponsored Products,Keyword Research Low Bid (Seasonal) - BRD PHR - SD,United Kingdom,ENABLED,GBP,£28.0,Manual targeting,Fixed bids,1107108,,2808,,0.254%,£444.63,,£0.158344,£0.0,196,8.389000000000001%,11.92,£5300.28
"Apr 01, 2025","Apr 30, 2025","# Campaign Bid Trial #",Sponsored Products,Keyword Research Low Bid (New Selection) - BRD PHR - SD,United Kingdom,ENABLED,GBP,£75.0,Manual targeting,Dynamic bids - up and down,1392578,,5143,,0.369%,£1357.94,,£0.2640366,£0.0,1038,6.658%,15.02,£20395.06
"Apr 01, 2025","Apr 30, 2025",No Portfolio,Sponsored Products,Keyword Research Low Bid (Product Engagement) - BRD PHR - SD,United Kingdom,ENABLED,GBP,£23.0,Manual targeting,Fixed bids,599893,,1418,,0.23600000000000002%,£200.21,,£0.1411918,£0.0,152,6.106%,16.38,£3279.02
"Apr 01, 2025","Apr 30, 2025",No Portfolio,Sponsored Products,Project Candy - Converting EXT - 20240710,United Kingdom,ENABLED,GBP,£25.0,Manual targeting,Fixed bids,230950,,1257,,0.544%,£180.06,,£0.14324579999999998,£0.0,234,4.589%,21.79,£3923.9
"Apr 01, 2025","Apr 30, 2025",No Portfolio,Sponsored Products,Keyword Research Low Bid - BRD PHR - SD,United Kingdom,ENABLED,GBP,£63.0,Manual targeting,Dynamic bids - down only,913994,,3340,,0.365%,£523.38,,£0.1567006,£0.0,572,3.3259999999999996%,30.07,£15737.67
"Apr 01, 2025","Apr 30, 2025",No Portfolio,Sponsored Products,Manual Profit EXT Low Bid - December 2023 - MJC,United Kingdom,ENABLED,GBP,£29.0,Manual targeting,Fixed bids,125548,1188000,444,3640,0.35400000000000004%,£66.46,£507.97,£0.1496847,£0.13955220000000002,59,5.43%,18.42,£1223.93
"Apr 01, 2025","Apr 30, 2025",No Portfolio,Sponsored Products,Droppers - Auto Low Bid - MJC,United Kingdom,ENABLED,GBP,£69.0,Automatic targeting,Dynamic bids - down only,744758,1347222,3133,3958,0.42100000000000004%,£461.98,£542.56,£0.14745609999999998,£0.1370793,377,6.276%,15.93,£7360.93
"May 01, 2025","May 31, 2025",No Portfolio,Sponsored Products,Manual Profit EXT Low Bid - December 2023 - MJC,United Kingdom,ENABLED,GBP,£29.0,Manual targeting,Fixed bids,91406,796216,458,2447,0.501%,£69.65,£340.94,£0.15207420000000002,£0.1393298,89,3.904%,25.62,£1784.18
"May 30, 2025","May 31, 2025",No Portfolio,Sponsored Products,Bridging Promo 31 May - Project Candy Low Bid - MJC,United Kingdom,PAUSED,GBP,£100.0,Automatic targeting,Fixed bids,17834,,121,,0.6779999999999999%,£16.8,,£0.138843,£0.0,14,5.9319999999999995%,16.86,£283.22
"May 01, 2025","May 31, 2025",No Portfolio,Sponsored Products,Manual Profit EXT Low Bid - Q4 - MJC,United Kingdom,ENABLED,GBP,£23.0,Manual targeting,Fixed bids,20308,102209,125,538,0.616%,£17.53,£75.76,£0.14024,£0.1408178,15,7.64%,13.09,£229.45
"May 01, 2025","May 31, 2025",No Portfolio,Sponsored Products,Manual Profit EXT Low Bid - Q2 2024 - MJC,United Kingdom,ENABLED,GBP,£19.0,Manual targeting,Fixed bids,112819,47108,679,114,0.602%,£100.18,£15.88,£0.1475405,£0.13929819999999998,143,3.39%,29.49,£2954.76
"May 01, 2025","May 31, 2025",No Portfolio,Sponsored Products,Auto Low Bid - Q1 2024 - Feb Deals - MJC,United Kingdom,ENABLED,GBP,£39.0,Automatic targeting,Fixed bids,344140,2652533,1822,6402,0.529%,£260.24,£876.97,£0.14283210000000002,£0.1369838,171,9.714%,10.29,£2678.96
"May 14, 2025","May 31, 2025",No Portfolio,Sponsored Products,Home and Garden 2025 - Project Candy - Auto Low Bid - MJC,United Kingdom,ENABLED,GBP,£100.0,Automatic targeting,Fixed bids,1918846,,9646,,0.503%,£1349.43,,£0.1398953,£0.0,903,8.425%,11.87,£16016.37
"May 01, 2025","May 31, 2025",No Portfolio,Sponsored Products,Growers - PAT Low Bid - MJC,United Kingdom,ENABLED,GBP,£31.0,Manual targeting,Dynamic bids - down only,49554,184742,625,2114,1.261%,£104.33,£298.75,£0.166928,£0.1413198,146,3.15%,31.75,£3312.38
"May 19, 2025","May 31, 2025",No Portfolio,Sponsored Products,Bridging Promo 17 May - Project Candy Low Bid - MJC,United Kingdom,PAUSED,GBP,£100.0,Automatic targeting,Fixed bids,465715,,2125,,0.45599999999999996%,£295.07,,£0.1388565,£0.0,234,6.390999999999999%,15.65,£4617.29
"May 01, 2025","May 31, 2025",No Portfolio,Sponsored Products,Project Candy - Converting EXT - 20240710,United Kingdom,ENABLED,GBP,£25.0,Manual targeting,Fixed bids,233053,,1211,,0.52%,£176.12,,£0.1454335,£0.0,240,4.559%,21.94,£3863.22
"May 01, 2025","May 31, 2025",No Portfolio,Sponsored Products,Keyword Research Low Bid (Seasonal) - BRD PHR - SD,United Kingdom,ENABLED,GBP,£28.0,Manual targeting,Fixed bids,854529,,1962,,0.22999999999999998%,£310.6,,£0.1583078,£0.0,149,8.312999999999999%,12.03,£3736.42
"May 01, 2025","May 31, 2025",No Portfolio,Sponsored Products,"Core Keywords, Close Match EXT - Suggested Bid - SD",United Kingdom,ENABLED,GBP,£21.0,Manual targeting,Dynamic bids - down only,128972,,691,,0.536%,£125.87,,£0.18215630000000002,£0.0,151,3.065%,32.63,£4106.58
"May 23, 2025","May 31, 2025",No Portfolio,Sponsored Products,Bridging Promo 24 May - Project Candy Low Bid - MJC,United Kingdom,PAUSED,GBP,£100.0,Automatic targeting,Fixed bids,263105,,1494,,0.5680000000000001%,£208.35,,£0.1394578,£0.0,231,3.6929999999999996%,27.08,£5642.0
"May 01, 2025","May 31, 2025","# Campaign Bid Trial #",Sponsored Products,Keyword Research Low Bid (New Selection) - BRD PHR - SD,United Kingdom,ENABLED,GBP,£75.0,Manual targeting,Dynamic bids - up and down,1421119,,5005,,0.35200000000000004%,£1305.92,,£0.2609231,£0.0,1131,6.182%,16.18,£21125.44
"May 01, 2025","May 31, 2025",No Portfolio,Sponsored Products,Droppers - PAT Low Bid - MJC,United Kingdom,ENABLED,GBP,£28.0,Manual targeting,Dynamic bids - down only,68240,186250,976,1774,1.43%,£151.99,£240.75,£0.1557275,£0.1357103,187,4.055000000000001%,24.66,£3748.55
"May 01, 2025","May 31, 2025",No Portfolio,Sponsored Products,Keyword Research Low Bid Top Sellers 2 - BRD PHR - SD,United Kingdom,ENABLED,GBP,£15.0,Manual targeting,Fixed bids,316249,,1628,,0.515%,£321.1,,£0.19723590000000002,£0.0,330,5.3469999999999995%,18.7,£6005.11
"May 01, 2025","May 31, 2025",No Portfolio,Sponsored Products,Growers - Profit Low Bid - MJC,United Kingdom,ENABLED,GBP,£28.0,Manual targeting,Dynamic bids - down only,22662,248231,163,857,0.719%,£24.35,£120.79,£0.1493865,£0.1409452,21,5.208%,19.2,£467.55
"May 01, 2025","May 31, 2025","# Campaign Bid Trial #",Sponsored Products,(B2B Multiplier Test) Growers - Auto Low Bid - MJC,United Kingdom,ENABLED,GBP,£123.0,Automatic targeting,Dynamic bids - down only,1047048,1968349,4777,7204,0.45599999999999996%,£774.08,£1041.04,£0.1620431,£0.14450860000000001,833,4.044%,24.73,£19143.02
"May 01, 2025","May 31, 2025",No Portfolio,Sponsored Products,Project Candy - EV4 - Auto Low Bid - MJC,United Kingdom,ENABLED,GBP,£13.0,Automatic targeting,Dynamic bids - down only,40669,4700,255,32,0.627%,£37.01,£4.26,£0.1451373,£0.133125,12,8.204%,12.19,£451.11
"May 29, 2025","May 31, 2025",No Portfolio,Sponsored Products,B2B Only 500% Multi Test - Project Candy Low Bid - MJC,United Kingdom,ENABLED,GBP,£48.0,Automatic targeting,Fixed bids,25690,,141,,0.549%,£6.68,,£0.0473759,£0.0,19,2.373%,42.14,£281.47
"May 01, 2025","May 31, 2025",No Portfolio,Sponsored Products,Droppers Profit - Low Bid - MJC,United Kingdom,ENABLED,GBP,£33.0,Manual targeting,Dynamic bids - down only,105869,471236,461,1925,0.43499999999999994%,£68.75,£267.0,£0.1491323,£0.1387013,121,3.167%,31.58,£2170.85
"May 01, 2025","May 31, 2025",No Portfolio,Sponsored Products,PAT Profit May 2024,United Kingdom,ENABLED,GBP,£60.0,Manual targeting,Dynamic bids - up and down,352767,7246,5513,92,1.5630000000000002%,£1380.62,£20.66,£0.2504299,£0.22456520000000002,1282,5.827%,17.16,£23692.0
"May 01, 2025","May 31, 2025",No Portfolio,Sponsored Products,Keyword Research Low Bid (Product Engagement) - BRD PHR - SD,United Kingdom,ENABLED,GBP,£23.0,Manual targeting,Fixed bids,499960,,1186,,0.23700000000000002%,£166.14,,£0.1400843,£0.0,142,6.75%,14.81,£2461.26
"May 01, 2025","May 31, 2025",No Portfolio,Sponsored Products,Manual Profit Expand BRD PHR Low Bid - Q2 2024 - MJC,United Kingdom,ENABLED,GBP,£21.0,Manual targeting,Fixed bids,218330,46648,1435,158,0.657%,£199.16,£19.36,£0.1387875,£0.12253159999999999,197,5.354%,18.68,£3719.71
"May 01, 2025","May 31, 2025","# Campaign Bid Trial #",Sponsored Products,Keyword Research Low Bid (Category) - BRD PHR - SD,United Kingdom,ENABLED,GBP,£42.0,Manual targeting,Fixed bids,1382522,,4902,,0.35500000000000004%,£768.44,,£0.1567605,£0.0,842,3.88%,25.77,£19804.51
"May 01, 2025","May 31, 2025",No Portfolio,Sponsored Products,Manual Profit Expand BRD PHR Low Bid - December 2023 - MJC,United Kingdom,ENABLED,GBP,£26.0,Manual targeting,Fixed bids,203794,1323939,988,4582,0.485%,£134.39,£490.3,£0.1360223,£0.10700570000000001,119,5.431%,18.41,£2474.44
"May 01, 2025","May 31, 2025",No Portfolio,Sponsored Products,New Selection September 23 - Auto - MJC,United Kingdom,ENABLED,GBP,£63.0,Automatic targeting,Dynamic bids - down only,452837,1064101,2716,4328,0.6%,£364.26,£497.88,£0.1341163,£0.115037,416,5.221%,19.15,£6976.73
"May 01, 2025","May 31, 2025",No Portfolio,Sponsored Products,(Dayparting Test) Auto Low Bid - Q4 2023 - MJC,United Kingdom,PAUSED,GBP,£83.0,Automatic targeting,Fixed bids,1341846,3449902,8249,9116,0.615%,£948.98,£1005.0,£0.1150418,£0.1102457,639,6.79%,14.73,£13976.38
"May 01, 2025","May 31, 2025",No Portfolio,Sponsored Products,Keyword Research Low Bid - BRD PHR - SD,United Kingdom,ENABLED,GBP,£63.0,Manual targeting,Dynamic bids - down only,910702,,3249,,0.357%,£514.8,,£0.1584488,£0.0,581,3.655%,27.36,£14083.29
"May 01, 2025","May 31, 2025",No Portfolio,Sponsored Products,Droppers - Auto Low Bid - MJC,United Kingdom,ENABLED,GBP,£69.0,Automatic targeting,Dynamic bids - down only,653885,1029643,2658,4230,0.406%,£398.26,£571.59,£0.14983449999999998,£0.1351277,453,4.361000000000001%,22.93,£9131.77
"Jun 01, 2025","Jun 30, 2025",No Portfolio,Sponsored Products,Keyword Research Low Bid Top Sellers 2 - BRD PHR - SD,United Kingdom,ENABLED,GBP,£15.0,Manual targeting,Fixed bids,199133,,1086,,0.545%,£236.05,,£0.2173573,£0.0,198,6.8260000000000005%,14.65,£3458.21
"Jun 01, 2025","Jun 30, 2025",No Portfolio,Sponsored Products,Manual Profit EXT Low Bid - December 2023 - MJC,United Kingdom,ENABLED,GBP,£29.0,Manual targeting,Fixed bids,65567,503535,298,2031,0.45399999999999996%,£44.35,£285.31,£0.1488255,£0.1404776,41,4.929%,20.29,£899.76
"Jun 01, 2025","Jun 30, 2025",No Portfolio,Sponsored Products,New Selection September 23 - Auto - MJC,United Kingdom,ENABLED,GBP,£63.0,Automatic targeting,Dynamic bids - down only,186102,788690,1287,3653,0.692%,£179.36,£458.68,£0.13936289999999998,£0.1255626,155,6.4479999999999995%,15.51,£2781.73
"Jun 01, 2025","Jun 30, 2025",No Portfolio,Sponsored Products,Droppers - Auto Low Bid - MJC,United Kingdom,ENABLED,GBP,£69.0,Automatic targeting,Dynamic bids - down only,398627,745041,1608,3498,0.40299999999999997%,£245.88,£482.3,£0.1529104,£0.1378788,251,5.685%,17.59,£4324.89
"Jun 01, 2025","Jun 30, 2025",No Portfolio,Sponsored Products,Bridging Promo 17 May - Project Candy Low Bid - MJC,United Kingdom,PAUSED,GBP,£100.0,Automatic targeting,Fixed bids,717360,,3486,,0.486%,£484.14,,£0.1388812,£0.0,386,5.842%,17.12,£8287.05
"Jun 01, 2025","Jun 30, 2025","# Campaign Bid Trial #",Sponsored Products,Keyword Research Low Bid (New Selection) - BRD PHR - SD,United Kingdom,ENABLED,GBP,£75.0,Manual targeting,Dynamic bids - up and down,1244624,,4633,,0.372%,£1188.23,,£0.256471,£0.0,914,6.678000000000001%,14.98,£17793.86
"Jun 01, 2025","Jun 30, 2025",No Portfolio,Sponsored Products,Bridging Promo 31 May - Project Candy Low Bid - MJC,United Kingdom,PAUSED,GBP,£100.0,Automatic targeting,Fixed bids,722702,,3865,,0.5349999999999999%,£537.36,,£0.1390323,£0.0,347,6.407%,15.61,£8386.44
"Jun 01, 2025","Jun 30, 2025",No Portfolio,Sponsored Products,(Dayparting Test) Auto Low Bid - Q4 2023 - MJC,United Kingdom,PAUSED,GBP,£83.0,Automatic targeting,Fixed bids,1039631,2567693,5528,7911,0.532%,£700.08,£873.96,£0.1266425,£0.110474,484,7.414%,13.49,£9442.38
"Jun 01, 2025","Jun 30, 2025",No Portfolio,Sponsored Products,Manual Profit EXT Low Bid - Q2 2024 - MJC,United Kingdom,ENABLED,GBP,£19.0,Manual targeting,Fixed bids,96818,706160,476,2124,0.492%,£71.06,£300.11,£0.1492857,£0.1412947,97,4.111%,24.32,£1728.33
"Jun 01, 2025","Jun 30, 2025",No Portfolio,Sponsored Products,Home and Garden 2025 - Project Candy - Auto Low Bid - MJC,United Kingdom,ENABLED,GBP,£100.0,Automatic targeting,Fixed bids,3004696,,14149,,0.471%,£1991.62,,£0.1407605,£0.0,1376,7.738%,12.92,£25738.7
"Jun 01, 2025","Jun 30, 2025",No Portfolio,Sponsored Products,Droppers Profit - Low Bid - MJC,United Kingdom,ENABLED,GBP,£33.0,Manual targeting,Dynamic bids - down only,62395,348961,322,1344,0.516%,£49.95,£187.66,£0.15512420000000002,£0.139628,56,4.961%,20.16,£1006.9
"Jun 01, 2025","Jun 30, 2025","# Campaign Bid Trial #",Sponsored Products,(B2B Multiplier Test) Growers - Auto Low Bid - MJC,United Kingdom,ENABLED,GBP,£123.0,Automatic targeting,Dynamic bids - down only,757328,1318402,3810,6069,0.503%,£663.13,£914.34,£0.1740499,£0.1506574,612,4.336%,23.06,£15294.95
"Jun 01, 2025","Jun 30, 2025",No Portfolio,Sponsored Products,Droppers - PAT Low Bid - MJC,United Kingdom,ENABLED,GBP,£28.0,Manual targeting,Dynamic bids - down only,39060,122346,624,1219,1.598%,£102.24,£171.04,£0.16384620000000003,£0.14031169999999998,141,3.766%,26.56,£2715.04
"Jun 01, 2025","Jun 30, 2025",No Portfolio,Sponsored Products,Keyword Research Low Bid (Seasonal) - BRD PHR - SD,United Kingdom,ENABLED,GBP,£28.0,Manual targeting,Fixed bids,650458,,1772,,0.272%,£281.26,,£0.1587246,£0.0,131,9.19%,10.88,£3060.51
"Jun 12, 2025","Jun 30, 2025","# Campaign Bid Trial #",Sponsored Products,Project Candy V3 - Top 100 (May 2025) - Auto Low Bid with Multi - MJC,United Kingdom,ENABLED,GBP,£84.0,Automatic targeting,Dynamic bids - up and down,259436,,2955,,1.139%,£635.59,,£0.21508970000000002,£0.0,804,5.148%,19.43,£12347.38
"Jun 01, 2025","Jun 30, 2025",No Portfolio,Sponsored Products,Keyword Research Low Bid - BRD PHR - SD,United Kingdom,ENABLED,GBP,£63.0,Manual targeting,Dynamic bids - down only,691300,,2651,,0.383%,£424.11,,£0.15998110000000001,£0.0,388,4.552%,21.97,£9316.63
"Jun 01, 2025","Jun 30, 2025",No Portfolio,Sponsored Products,Growers - Profit Low Bid - MJC,United Kingdom,ENABLED,GBP,£28.0,Manual targeting,Dynamic bids - down only,11389,125564,88,547,0.773%,£13.25,£76.8,£0.1505682,£0.1404022,18,2.383%,41.96,£555.96
"Jun 01, 2025","Jun 30, 2025",No Portfolio,Sponsored Products,Manual Profit Expand BRD PHR Low Bid - December 2023 - MJC,United Kingdom,ENABLED,GBP,£26.0,Manual targeting,Fixed bids,118330,768438,512,2788,0.43299999999999994%,£71.84,£303.08,£0.1403125,£0.1087088,61,4.596%,21.76,£1563.18
"Jun 01, 2025","Jun 30, 2025",No Portfolio,Sponsored Products,PAT Profit May 2024,United Kingdom,ENABLED,GBP,£60.0,Manual targeting,Dynamic bids - up and down,403894,103154,6012,1336,1.489%,£1473.47,£300.4,£0.2450882,£0.22485029999999998,1351,5.555000000000001%,18.0,£26526.7
"Jun 01, 2025","Jun 30, 2025",No Portfolio,Sponsored Products,Bridging Promo 24 May - Project Candy Low Bid - MJC,United Kingdom,PAUSED,GBP,£100.0,Automatic targeting,Fixed bids,787656,,3829,,0.486%,£530.63,,£0.1385819,£0.0,438,5.128%,19.5,£10346.73
"Jun 01, 2025","Jun 30, 2025",No Portfolio,Sponsored Products,Project Candy - EV4 - Auto Low Bid - MJC,United Kingdom,ENABLED,GBP,£13.0,Automatic targeting,Dynamic bids - down only,28046,5008,161,58,0.5740000000000001%,£22.94,£7.4,£0.14248450000000001,£0.1275862,5,12.503%,8.0,£183.48
"Jun 01, 2025","Jun 30, 2025",No Portfolio,Sponsored Products,Growers - PAT Low Bid - MJC,United Kingdom,ENABLED,GBP,£31.0,Manual targeting,Dynamic bids - down only,34250,122078,387,1437,1.13%,£64.52,£214.17,£0.16671829999999999,£0.1490397,94,2.516%,39.74,£2564.04
"Jun 01, 2025","Jun 30, 2025","# Campaign Bid Trial #",Sponsored Products,Keyword Research Low Bid (Category) - BRD PHR - SD,United Kingdom,ENABLED,GBP,£42.0,Manual targeting,Fixed bids,1066675,,3893,,0.365%,£609.14,,£0.1564706,£0.0,637,4.238%,23.59,£14372.58
"Jun 01, 2025","Jun 30, 2025",No Portfolio,Sponsored Products,Manual Profit Expand BRD PHR Low Bid - Q2 2024 - MJC,United Kingdom,ENABLED,GBP,£21.0,Manual targeting,Fixed bids,155057,688240,965,2391,0.622%,£141.81,£299.85,£0.1469534,£0.12540779999999999,154,5.499%,18.18,£2578.79
"Jun 01, 2025","Jun 30, 2025",No Portfolio,Sponsored Products,Manual Profit EXT Low Bid - Q4 - MJC,United Kingdom,ENABLED,GBP,£23.0,Manual targeting,Fixed bids,11560,70336,82,337,0.709%,£11.17,£47.75,£0.1362195,£0.1416914,16,6.077%,16.46,£183.81
"Jun 01, 2025","Jun 30, 2025",No Portfolio,Sponsored Products,"Core Keywords, Close Match EXT - Suggested Bid - SD",United Kingdom,ENABLED,GBP,£21.0,Manual targeting,Dynamic bids - down only,88859,,475,,0.5349999999999999%,£98.14,,£0.2066105,£0.0,98,3.805%,26.28,£2579.13
"Jun 01, 2025","Jun 30, 2025",No Portfolio,Sponsored Products,B2B Only 500% Multi Test - Project Candy Low Bid - MJC,United Kingdom,ENABLED,GBP,£48.0,Automatic targeting,Fixed bids,731604,,4947,,0.676%,£440.51,,£0.08904590000000001,£0.0,689,4.5760000000000005%,21.85,£9626.41
"Jun 01, 2025","Jun 30, 2025",No Portfolio,Sponsored Products,Auto Low Bid - Q1 2024 - Feb Deals - MJC,United Kingdom,ENABLED,GBP,£39.0,Automatic targeting,Fixed bids,217390,2091526,932,6617,0.42900000000000005%,£132.58,£922.06,£0.1422532,£0.1393471,89,10.583%,9.45,£1252.77
"Jun 01, 2025","Jun 30, 2025",No Portfolio,Sponsored Products,Project Candy - Converting EXT - 20240710,United Kingdom,ENABLED,GBP,£25.0,Manual targeting,Fixed bids,150491,,825,,0.5479999999999999%,£117.11,,£0.1419515,£0.0,148,5.351999999999999%,18.68,£2188.02
"Jun 01, 2025","Jun 30, 2025",No Portfolio,Sponsored Products,Keyword Research Low Bid (Product Engagement) - BRD PHR - SD,United Kingdom,ENABLED,GBP,£23.0,Manual targeting,Fixed bids,365179,,1063,,0.291%,£148.8,,£0.1399812,£0.0,86,8.612%,11.61,£1727.79
"Jul 01, 2025","Jul 31, 2025",No Portfolio,Sponsored Products,New Selection September 23 - Auto - MJC,United Kingdom,ENABLED,GBP,£63.0,Automatic targeting,Dynamic bids - down only,149933,897222,1010,4465,0.674%,£152.67,£564.87,£0.1511584,£0.1265106,137,8.148%,12.27,£1873.74
"Jul 07, 2025","Jul 31, 2025","# Campaign Bid Trial #",Sponsored Products,SP - PRIME DAY - Project Candy Low Bid with Multi,United Kingdom,ENABLED,GBP,£500.0,Automatic targeting,Dynamic bids - down only,5665131,,27564,,0.48700000000000004%,£4750.26,,£0.1723357,£0.0,3745,6.32%,15.82,£75157.08
"Jul 01, 2025","Jul 31, 2025","# Campaign Bid Trial #",Sponsored Products,Keyword Research Low Bid (Category) - BRD PHR - SD,United Kingdom,ENABLED,GBP,£42.0,Manual targeting,Fixed bids,868151,,3370,,0.388%,£528.41,,£0.1567982,£0.0,493,4.982%,20.07,£10605.84
"Jul 01, 2025","Jul 31, 2025",No Portfolio,Sponsored Products,Growers - PAT Low Bid - MJC,United Kingdom,ENABLED,GBP,£31.0,Manual targeting,Dynamic bids - down only,29597,150172,365,1744,1.233%,£61.78,£260.3,£0.1692603,£0.1492546,85,3.216%,31.09,£1920.92
"Jul 01, 2025","Jul 31, 2025",No Portfolio,Sponsored Products,Keyword Research Low Bid - BRD PHR - SD,United Kingdom,ENABLED,GBP,£63.0,Manual targeting,Dynamic bids - down only,461767,,2080,,0.44999999999999996%,£338.8,,£0.16288460000000002,£0.0,296,4.393%,22.76,£7712.42
"Jul 01, 2025","Jul 31, 2025",No Portfolio,Sponsored Products,Project Candy - EV4 - Auto Low Bid - MJC,United Kingdom,ENABLED,GBP,£13.0,Automatic targeting,Dynamic bids - down only,20488,7939,110,71,0.5369999999999999%,£16.22,£9.79,£0.1474545,£0.1378873,2,48.131%,2.08,£33.7
"Jul 01, 2025","Jul 31, 2025",No Portfolio,Sponsored Products,Droppers Profit - Low Bid - MJC,United Kingdom,ENABLED,GBP,£33.0,Manual targeting,Dynamic bids - down only,42298,356947,222,1751,0.525%,£34.89,£248.8,£0.1571622,£0.1420902,47,4.551%,21.97,£766.61
"Jul 01, 2025","Jul 31, 2025",No Portfolio,Sponsored Products,Bridging Promo 17 May - Project Candy Low Bid - MJC,United Kingdom,PAUSED,GBP,£100.0,Automatic targeting,Fixed bids,522558,,2444,,0.468%,£341.77,,£0.1398404,£0.0,213,7.714%,12.96,£4430.23
"Jul 01, 2025","Jul 31, 2025",No Portfolio,Sponsored Products,Home and Garden 2025 - Project Candy - Auto Low Bid - MJC,United Kingdom,ENABLED,GBP,£100.0,Automatic targeting,Fixed bids,2133415,,9831,,0.461%,£1385.63,,£0.140945,£0.0,770,10.218%,9.79,£13560.94
"Jul 01, 2025","Jul 31, 2025",No Portfolio,Sponsored Products,Growers - Profit Low Bid - MJC,United Kingdom,ENABLED,GBP,£28.0,Manual targeting,Dynamic bids - down only,9359,157512,63,597,0.673%,£9.45,£84.35,£0.15,£0.1412898,13,1.9189999999999998%,52.11,£492.42
"Jul 01, 2025","Jul 31, 2025","# Campaign Bid Trial #",Sponsored Products,(B2B Multiplier Test) Growers - Auto Low Bid - MJC,United Kingdom,ENABLED,GBP,£123.0,Automatic targeting,Dynamic bids - down only,498831,1376444,3073,8067,0.616%,£551.02,£1218.47,£0.1793101,£0.1510438,513,4.45%,22.47,£12383.49
"Jul 01, 2025","Jul 31, 2025",No Portfolio,Sponsored Products,Keyword Research Low Bid Top Sellers 2 - BRD PHR - SD,United Kingdom,ENABLED,GBP,£15.0,Manual targeting,Fixed bids,157087,,803,,0.511%,£200.15,,£0.2492528,£0.0,146,6.578%,15.2,£3042.86
"Jul 01, 2025","Jul 31, 2025",No Portfolio,Sponsored Products,Project Candy - Converting EXT - 20240710,United Kingdom,ENABLED,GBP,£25.0,Manual targeting,Fixed bids,107604,424391,533,1689,0.49500000000000005%,£77.33,£239.23,£0.1450844,£0.14164,88,5.929%,16.87,£1304.35
"Jul 01, 2025","Jul 31, 2025",No Portfolio,Sponsored Products,Manual Profit EXT Low Bid - December 2023 - MJC,United Kingdom,ENABLED,GBP,£29.0,Manual targeting,Fixed bids,46488,547281,240,2304,0.516%,£36.03,£325.43,£0.15012499999999998,£0.1412457,26,5.827%,17.16,£618.35
"Jul 01, 2025","Jul 31, 2025",No Portfolio,Sponsored Products,Droppers - PAT Low Bid - MJC,United Kingdom,ENABLED,GBP,£28.0,Manual targeting,Dynamic bids - down only,37035,118357,430,1363,1.161%,£69.39,£192.46,£0.1613721,£0.1412032,74,5.46%,18.31,£1270.86
"Jul 01, 2025","Jul 31, 2025",No Portfolio,Sponsored Products,PAT Profit May 2024,United Kingdom,ENABLED,GBP,£60.0,Manual targeting,Dynamic bids - up and down,439653,133615,6848,1697,1.558%,£1742.49,£361.79,£0.25445239999999997,£0.2131939,1317,6.923%,14.44,£25167.81
"Jul 01, 2025","Jul 31, 2025",No Portfolio,Sponsored Products,Manual Profit Expand BRD PHR Low Bid - December 2023 - MJC,United Kingdom,ENABLED,GBP,£26.0,Manual targeting,Fixed bids,99913,829888,508,3385,0.508%,£64.37,£377.72,£0.1267126,£0.1115864,41,9.322999999999999%,10.73,£690.48
"Jul 01, 2025","Jul 31, 2025",No Portfolio,Sponsored Products,Manual Profit EXT Low Bid - Q2 2024 - MJC,United Kingdom,ENABLED,GBP,£19.0,Manual targeting,Fixed bids,72405,681532,325,2371,0.449%,£48.16,£336.86,£0.1481846,£0.14207509999999998,44,6.554%,15.26,£734.8
"Jul 01, 2025","Jul 31, 2025",No Portfolio,Sponsored Products,Manual Profit EXT Low Bid - Q4 - MJC,United Kingdom,ENABLED,GBP,£23.0,Manual targeting,Fixed bids,9297,85623,49,405,0.527%,£6.45,£57.67,£0.13163270000000002,£0.1423951,7,11.448%,8.73,£56.34
"Jul 01, 2025","Jul 31, 2025","# Campaign Bid Trial #",Sponsored Products,Keyword Research Low Bid (New Selection) - BRD PHR - SD,United Kingdom,ENABLED,GBP,£75.0,Manual targeting,Dynamic bids - up and down,1120642,,4608,,0.411%,£1236.39,,£0.2683138,£0.0,925,7.703%,12.98,£16049.98
"Jul 01, 2025","Jul 31, 2025",No Portfolio,Sponsored Products,Manual Profit Expand BRD PHR Low Bid - Q2 2024 - MJC,United Kingdom,ENABLED,GBP,£21.0,Manual targeting,Fixed bids,113634,766787,616,2583,0.542%,£88.94,£326.99,£0.1443831,£0.1265931,71,6.97%,14.35,£1275.99
"Jul 01, 2025","Jul 31, 2025",No Portfolio,Sponsored Products,(Dayparting Test) Auto Low Bid - Q4 2023 - MJC,United Kingdom,PAUSED,GBP,£83.0,Automatic targeting,Fixed bids,800746,2595038,3871,11259,0.483%,£516.06,£1235.13,£0.1333144,£0.1097016,353,8.235000000000001%,12.14,£6266.87
"Jul 01, 2025","Jul 31, 2025",No Portfolio,Sponsored Products,Keyword Research Low Bid (Seasonal) - BRD PHR - SD,United Kingdom,ENABLED,GBP,£28.0,Manual targeting,Fixed bids,451774,,1491,,0.33%,£240.07,,£0.1610127,£0.0,97,10.435%,9.58,£2300.61
"Jul 01, 2025","Jul 31, 2025",No Portfolio,Sponsored Products,Auto Low Bid - Q1 2024 - Feb Deals - MJC,United Kingdom,ENABLED,GBP,£39.0,Automatic targeting,Fixed bids,225976,2197673,964,7077,0.42700000000000005%,£141.91,£1003.92,£0.1472095,£0.1418567,63,14.013%,7.14,£1012.73
"Jul 01, 2025","Jul 31, 2025",No Portfolio,Sponsored Products,Bridging Promo 24 May - Project Candy Low Bid - MJC,United Kingdom,PAUSED,GBP,£100.0,Automatic targeting,Fixed bids,536588,,2575,,0.48%,£354.98,,£0.1378563,£0.0,251,6.3740000000000006%,15.69,£5569.28
"Jul 01, 2025","Jul 31, 2025",No Portfolio,Sponsored Products,B2B Only 500% Multi Test - Project Candy Low Bid - MJC,United Kingdom,ENABLED,GBP,£48.0,Automatic targeting,Fixed bids,936058,,6906,,0.738%,£639.37,,£0.09258179999999999,£0.0,937,5.81%,17.21,£11003.83
"Jul 31, 2025","Jul 31, 2025",No Portfolio,Sponsored Products,SP - Bridging Promo until 4th Aug - Project Candy Low Bid - MJC,United Kingdom,PAUSED,GBP,£50.0,Automatic targeting,Fixed bids,9155,,45,,0.492%,£5.66,,£0.1257778,£0.0,9,10.534%,9.49,£53.73
"Jul 01, 2025","Jul 31, 2025",No Portfolio,Sponsored Products,Bridging Promo 31 May - Project Candy Low Bid - MJC,United Kingdom,PAUSED,GBP,£100.0,Automatic targeting,Fixed bids,419274,,1979,,0.47200000000000003%,£279.83,,£0.1413997,£0.0,120,8.752%,11.43,£3197.48
"Jul 01, 2025","Jul 31, 2025",No Portfolio,Sponsored Products,Droppers - Auto Low Bid - MJC,United Kingdom,ENABLED,GBP,£69.0,Automatic targeting,Dynamic bids - down only,169527,686466,802,4455,0.473%,£123.94,£622.75,£0.1545387,£0.13978680000000002,124,5.385%,18.57,£2301.47
"Jul 01, 2025","Jul 31, 2025",No Portfolio,Sponsored Products,Keyword Research Low Bid (Product Engagement) - BRD PHR - SD,United Kingdom,ENABLED,GBP,£23.0,Manual targeting,Fixed bids,296282,,894,,0.302%,£124.44,,£0.1391946,£0.0,100,7.155%,13.98,£1739.2
"Jul 01, 2025","Jul 31, 2025","# Campaign Bid Trial #",Sponsored Products,Project Candy V3 - Top 100 (May 2025) - Auto Low Bid with Multi - MJC,United Kingdom,ENABLED,GBP,£84.0,Automatic targeting,Dynamic bids - up and down,771351,,6729,,0.872%,£1495.47,,£0.2222425,£0.0,1629,5.748%,17.4,£26017.5
"Jul 01, 2025","Jul 31, 2025",No Portfolio,Sponsored Products,"Core Keywords, Close Match EXT - Suggested Bid - SD",United Kingdom,ENABLED,GBP,£21.0,Manual targeting,Dynamic bids - down only,62845,,428,,0.681%,£90.77,,£0.2120794,£0.0,92,4.074%,24.55,£2228.0
"Aug 01, 2025","Aug 31, 2025",No Portfolio,Sponsored Products,PAT Profit May 2024,United Kingdom,ENABLED,GBP,£60.0,Manual targeting,Dynamic bids - up and down,404519,191342,6510,2331,1.609%,£1549.04,£488.62,£0.2379478,£0.2096182,1258,6.346%,15.76,£24410.44
"Aug 01, 2025","Aug 31, 2025",No Portfolio,Sponsored Products,Droppers - PAT Low Bid - MJC,United Kingdom,ENABLED,GBP,£28.0,Manual targeting,Dynamic bids - down only,72765,97564,1229,1146,1.6889999999999998%,£196.8,£158.47,£0.1601302,£0.138281,214,5.3420000000000005%,18.72,£3684.23
"Aug 01, 2025","Aug 31, 2025",No Portfolio,Sponsored Products,Manual Profit EXT Low Bid - Q2 2024 - MJC,United Kingdom,ENABLED,GBP,£19.0,Manual targeting,Fixed bids,45930,692571,255,2330,0.555%,£37.67,£327.12,£0.1477255,£0.1403948,46,3.8739999999999997%,25.81,£972.35
"Aug 05, 2025","Aug 31, 2025",No Portfolio,Sponsored Products,SP - Bridging Promo 5th August 2025,United Kingdom,PAUSED,GBP,£50.0,Automatic targeting,Fixed bids,1604332,,9616,,0.599%,£1308.49,,£0.1360743,£0.0,1017,14.741000000000001%,6.78,£8876.74
"Aug 01, 2025","Aug 31, 2025",No Portfolio,Sponsored Products,(Dayparting Test) Auto Low Bid - Q4 2023 - MJC,United Kingdom,PAUSED,GBP,£83.0,Automatic targeting,Fixed bids,1047056,1775708,4207,6611,0.402%,£581.18,£701.57,£0.13814590000000002,£0.1061216,421,6.64%,15.06,£8752.59
"Aug 01, 2025","Aug 31, 2025",No Portfolio,Sponsored Products,Droppers - Auto Low Bid - MJC,United Kingdom,ENABLED,GBP,£69.0,Automatic targeting,Dynamic bids - down only,196208,979010,1022,4288,0.521%,£158.19,£595.07,£0.1547847,£0.1387757,161,6.069%,16.48,£2606.44
"Aug 01, 2025","Aug 31, 2025","# Campaign Bid Trial #",Sponsored Products,Project Candy V3 - Top 100 (May 2025) - Auto Low Bid with Multi - MJC,United Kingdom,ENABLED,GBP,£84.0,Automatic targeting,Dynamic bids - up and down,641449,,4871,,0.759%,£1055.17,,£0.21662289999999998,£0.0,1152,5.644%,17.72,£18695.27
"Aug 01, 2025","Aug 31, 2025","# Campaign Bid Trial #",Sponsored Products,Keyword Research Low Bid (New Selection) - BRD PHR - SD,United Kingdom,ENABLED,GBP,£75.0,Manual targeting,Dynamic bids - up and down,1349867,,4253,,0.315%,£1011.87,,£0.23791910000000002,£0.0,889,4.898000000000001%,20.42,£20659.89
"Aug 01, 2025","Aug 31, 2025",No Portfolio,Sponsored Products,Keyword Research Low Bid Top Sellers 2 - BRD PHR - SD,United Kingdom,ENABLED,GBP,£15.0,Manual targeting,Fixed bids,139569,,704,,0.504%,£169.75,,£0.2411222,£0.0,116,7.394%,13.52,£2295.72
"Aug 01, 2025","Aug 31, 2025",No Portfolio,Sponsored Products,Manual Profit EXT Low Bid - December 2023 - MJC,United Kingdom,ENABLED,GBP,£29.0,Manual targeting,Fixed bids,41654,335792,242,1244,0.581%,£33.93,£172.4,£0.1402066,£0.1385852,32,5.663%,17.66,£599.14
"Aug 01, 2025","Aug 31, 2025",No Portfolio,Sponsored Products,Project Candy - Converting EXT - 20240710,United Kingdom,ENABLED,GBP,£25.0,Manual targeting,Fixed bids,82235,831408,399,3106,0.485%,£56.14,£432.11,£0.14070180000000002,£0.1391211,76,5.407%,18.49,£1038.3
"Aug 01, 2025","Aug 31, 2025",No Portfolio,Sponsored Products,Manual Profit Expand BRD PHR Low Bid - December 2023 - MJC,United Kingdom,ENABLED,GBP,£26.0,Manual targeting,Fixed bids,158262,496030,624,1793,0.394%,£84.97,£195.51,£0.13616989999999998,£0.1090407,56,7.608%,13.14,£1116.83
"Aug 01, 2025","Aug 31, 2025","# Campaign Bid Trial #",Sponsored Products,SP - PRIME DAY - Project Candy Low Bid with Multi,United Kingdom,ENABLED,GBP,£500.0,Automatic targeting,Dynamic bids - down only,7618064,,28644,,0.376%,£4872.29,,£0.17009810000000003,£0.0,4820,5.209%,19.2,£93529.66
"Aug 01, 2025","Aug 31, 2025",No Portfolio,Sponsored Products,SP - Bridging Promo until 4th Aug - Project Candy Low Bid - MJC,United Kingdom,PAUSED,GBP,£50.0,Automatic targeting,Fixed bids,1470064,,6814,,0.464%,£935.08,,£0.1372292,£0.0,794,11.97%,8.35,£7812.01
"Aug 01, 2025","Aug 31, 2025",No Portfolio,Sponsored Products,B2B Only 500% Multi Test - Project Candy Low Bid - MJC,United Kingdom,ENABLED,GBP,£48.0,Automatic targeting,Fixed bids,836018,,5615,,0.672%,£547.34,,£0.09747820000000001,£0.0,709,5.868%,17.04,£9327.57
"Aug 01, 2025","Aug 31, 2025",No Portfolio,Sponsored Products,Growers - Profit Low Bid - MJC,United Kingdom,ENABLED,GBP,£28.0,Manual targeting,Dynamic bids - down only,16111,112407,68,481,0.422%,£9.63,£65.79,£0.14161759999999998,£0.1367775,11,3.8850000000000002%,25.74,£247.9
"Aug 01, 2025","Aug 31, 2025","# Campaign Bid Trial #",Sponsored Products,(B2B Multiplier Test) Growers - Auto Low Bid - MJC,United Kingdom,ENABLED,GBP,£123.0,Automatic targeting,Dynamic bids - down only,677117,1631910,3910,5637,0.577%,£725.59,£830.27,£0.18557289999999999,£0.1472893,640,4.903%,20.4,£14798.43
"Aug 01, 2025","Aug 31, 2025",No Portfolio,Sponsored Products,Project Candy - EV4 - Auto Low Bid - MJC,United Kingdom,ENABLED,GBP,£13.0,Automatic targeting,Dynamic bids - down only,26038,5920,86,57,0.33%,£13.06,£7.66,£0.1518605,£0.134386,3,12.886000000000001%,7.76,£101.35
"Aug 01, 2025","Aug 31, 2025",No Portfolio,Sponsored Products,Home and Garden 2025 - Project Candy - Auto Low Bid - MJC,United Kingdom,ENABLED,GBP,£100.0,Automatic targeting,Fixed bids,1982050,,9346,,0.47200000000000003%,£1324.87,,£0.141758,£0.0,1009,8.414000000000001%,11.89,£15746.56
"Aug 01, 2025","Aug 31, 2025",No Portfolio,Sponsored Products,Keyword Research Low Bid - BRD PHR - SD,United Kingdom,ENABLED,GBP,£63.0,Manual targeting,Dynamic bids - down only,525958,433033,2201,2040,0.418%,£339.48,£260.35,£0.154239,£0.1276225,355,3.723%,26.86,£9118.27
"Aug 01, 2025","Aug 31, 2025",No Portfolio,Sponsored Products,Bridging Promo 17 May - Project Candy Low Bid - MJC,United Kingdom,PAUSED,GBP,£100.0,Automatic targeting,Fixed bids,565323,,2308,,0.40800000000000003%,£328.59,,£0.14237,£0.0,218,8.239%,12.14,£3988.46
"Aug 01, 2025","Aug 31, 2025",No Portfolio,Sponsored Products,Auto Low Bid - Q1 2024 - Feb Deals - MJC,United Kingdom,ENABLED,GBP,£39.0,Automatic targeting,Fixed bids,166765,1852601,794,5673,0.47600000000000003%,£117.63,£802.34,£0.1481486,£0.14143129999999998,43,15.328%,6.52,£767.41
"Aug 01, 2025","Aug 31, 2025",No Portfolio,Sponsored Products,Bridging Promo 24 May - Project Candy Low Bid - MJC,United Kingdom,PAUSED,GBP,£100.0,Automatic targeting,Fixed bids,613417,,2709,,0.44200000000000006%,£388.06,,£0.1432484,£0.0,278,6.773%,14.77,£5729.91
"Aug 01, 2025","Aug 31, 2025",No Portfolio,Sponsored Products,Manual Profit EXT Low Bid - Q4 - MJC,United Kingdom,ENABLED,GBP,£23.0,Manual targeting,Fixed bids,11829,48506,51,280,0.43099999999999994%,£7.54,£38.27,£0.1478431,£0.13667859999999998,12,5.587000000000001%,17.9,£134.96
"Aug 01, 2025","Aug 31, 2025","# Campaign Bid Trial #",Sponsored Products,Keyword Research Low Bid (Category) - BRD PHR - SD,United Kingdom,ENABLED,GBP,£42.0,Manual targeting,Fixed bids,966865,,3678,,0.38%,£548.89,,£0.149236,£0.0,518,4.886%,20.47,£11234.97
"Aug 01, 2025","Aug 31, 2025",No Portfolio,Sponsored Products,Keyword Research Low Bid (Product Engagement) - BRD PHR - SD,United Kingdom,ENABLED,GBP,£23.0,Manual targeting,Fixed bids,371855,,947,,0.255%,£127.54,,£0.13467790000000002,£0.0,70,10.699%,9.35,£1192.12
"Aug 01, 2025","Aug 31, 2025",No Portfolio,Sponsored Products,Keyword Research Low Bid (Seasonal) - BRD PHR - SD,United Kingdom,ENABLED,GBP,£28.0,Manual targeting,Fixed bids,724813,,2577,,0.356%,£403.51,,£0.1565813,£0.0,190,9.589%,10.43,£4207.84
"Aug 01, 2025","Aug 31, 2025",No Portfolio,Sponsored Products,Growers - PAT Low Bid - MJC,United Kingdom,ENABLED,GBP,£31.0,Manual targeting,Dynamic bids - down only,42107,113083,501,1252,1.1900000000000002%,£80.72,£182.32,£0.1611178,£0.145623,94,3.911%,25.57,£2063.67
"Aug 01, 2025","Aug 31, 2025",No Portfolio,Sponsored Products,New Selection September 23 - Auto - MJC,United Kingdom,ENABLED,GBP,£63.0,Automatic targeting,Dynamic bids - down only,133416,547565,987,2768,0.74%,£152.74,£333.33,£0.1547518,£0.12042270000000001,183,7.340000000000001%,13.62,£2080.94
"Aug 01, 2025","Aug 31, 2025",No Portfolio,Sponsored Products,Droppers Profit - Low Bid - MJC,United Kingdom,ENABLED,GBP,£33.0,Manual targeting,Dynamic bids - down only,42668,262695,248,1449,0.581%,£38.74,£202.67,£0.1562097,£0.13986890000000002,56,3.9059999999999997%,25.6,£991.9
"Aug 01, 2025","Aug 31, 2025",No Portfolio,Sponsored Products,Bridging Promo 31 May - Project Candy Low Bid - MJC,United Kingdom,PAUSED,GBP,£100.0,Automatic targeting,Fixed bids,458480,,2405,,0.525%,£344.46,,£0.1432266,£0.0,209,7.564%,13.22,£4553.76
"Aug 01, 2025","Aug 31, 2025",No Portfolio,Sponsored Products,Manual Profit Expand BRD PHR Low Bid - Q2 2024 - MJC,United Kingdom,ENABLED,GBP,£21.0,Manual targeting,Fixed bids,121652,764645,805,3142,0.662%,£115.72,£386.59,£0.14375159999999998,£0.12303950000000001,126,5.981%,16.72,£1934.66
"Aug 01, 2025","Aug 31, 2025",No Portfolio,Sponsored Products,"Core Keywords, Close Match EXT - Suggested Bid - SD",United Kingdom,ENABLED,GBP,£21.0,Manual targeting,Dynamic bids - down only,72763,92642,421,335,0.579%,£88.63,£186.93,£0.2105226,£0.5579999999999999,113,3.06%,32.68,£2896.78
"Sep 01, 2025","Sep 30, 2025",No Portfolio,Sponsored Products,Manual Profit EXT Low Bid - December 2023 - MJC,United Kingdom,ENABLED,GBP,£29.0,Manual targeting,Fixed bids,94536,737596,406,2381,0.42900000000000005%,£57.51,£327.86,£0.1416502,£0.1376984,39,8.187%,12.21,£702.45
"Sep 01, 2025","Sep 30, 2025","# Campaign Bid Trial #",Sponsored Products,Keyword Research Low Bid (New Selection) - BRD PHR - SD,United Kingdom,ENABLED,GBP,£75.0,Manual targeting,Dynamic bids - up and down,1224842,623739,6755,2845,0.551%,£1578.77,£579.4,£0.2337187,£0.2036555,1270,4.884%,20.47,£32324.46
"Sep 01, 2025","Sep 30, 2025",No Portfolio,Sponsored Products,Keyword Research Low Bid - BRD PHR - SD,United Kingdom,ENABLED,GBP,£63.0,Manual targeting,Dynamic bids - down only,1134802,1706477,5375,7587,0.47400000000000003%,£848.67,£985.54,£0.1578921,£0.1298985,712,4.107%,24.35,£20666.33
"Sep 01, 2025","Sep 30, 2025",No Portfolio,Sponsored Products,Manual Profit EXT Low Bid - Q4 - MJC,United Kingdom,ENABLED,GBP,£23.0,Manual targeting,Fixed bids,15633,76661,70,371,0.44799999999999995%,£9.22,£49.48,£0.1317143,£0.1333693,11,5.409%,18.49,£170.47
"Sep 01, 2025","Sep 30, 2025",No Portfolio,Sponsored Products,Droppers Profit - Low Bid - MJC,United Kingdom,ENABLED,GBP,£33.0,Manual targeting,Dynamic bids - down only,112525,626443,560,3937,0.498%,£87.44,£554.96,£0.1561429,£0.1409601,89,5.3100000000000005%,18.83,£1646.55
"Sep 01, 2025","Sep 30, 2025",No Portfolio,Sponsored Products,Keyword Research Low Bid (Seasonal) - BRD PHR - SD,United Kingdom,ENABLED,GBP,£28.0,Manual targeting,Fixed bids,1167994,515190,5067,1568,0.434%,£801.5,£221.5,£0.1581804,£0.1412628,391,7.826%,12.78,£10241.56
"Sep 01, 2025","Sep 30, 2025",No Portfolio,Sponsored Products,"Core Keywords, Close Match EXT - Suggested Bid - SD",United Kingdom,ENABLED,GBP,£21.0,Manual targeting,Dynamic bids - down only,146798,188562,523,729,0.356%,£109.42,£300.4,£0.20921610000000002,£0.4120713,106,3.077%,32.5,£3555.74
"Sep 01, 2025","Sep 30, 2025",No Portfolio,Sponsored Products,Droppers - PAT Low Bid - MJC,United Kingdom,ENABLED,GBP,£28.0,Manual targeting,Dynamic bids - down only,135072,146582,2917,1697,2.16%,£468.13,£222.72,£0.1604834,£0.1312434,389,7.175%,13.94,£6524.17
"Sep 01, 2025","Sep 30, 2025",No Portfolio,Sponsored Products,New Selection September 23 - Auto - MJC,United Kingdom,ENABLED,GBP,£63.0,Automatic targeting,Dynamic bids - down only,213306,821190,2242,4415,1.051%,£322.94,£562.17,£0.144041,£0.1273318,377,5.931%,16.86,£5445.39
"Sep 01, 2025","Sep 30, 2025",No Portfolio,Sponsored Products,Manual Profit EXT Low Bid - Q2 2024 - MJC,United Kingdom,ENABLED,GBP,£19.0,Manual targeting,Fixed bids,81014,758816,348,2470,0.43%,£50.31,£345.06,£0.144569,£0.1397004,64,5.917%,16.9,£850.31
"Sep 01, 2025","Sep 30, 2025",No Portfolio,Sponsored Products,Keyword Research Low Bid (Product Engagement) - BRD PHR - SD,United Kingdom,ENABLED,GBP,£23.0,Manual targeting,Fixed bids,811497,,2692,,0.332%,£380.23,,£0.1412444,£0.0,184,7.861%,12.72,£4837.0
"Sep 22, 2025","Sep 30, 2025",No Portfolio,Sponsored Products,SP - Project Candy Auto Low Bid - Bridging Promo - 22 Sep - MJC,United Kingdom,PAUSED,GBP,£50.0,Automatic targeting,Fixed bids,205049,,1105,,0.539%,£124.37,,£0.112552,£0.0,68,8.305%,12.04,£1497.59
"Sep 01, 2025","Sep 30, 2025",No Portfolio,Sponsored Products,Bridging Promo 24 May - Project Candy Low Bid - MJC,United Kingdom,PAUSED,GBP,£100.0,Automatic targeting,Fixed bids,1064886,,6121,,0.575%,£878.76,,£0.1435648,£0.0,551,6.851999999999999%,14.59,£12824.68
"Sep 01, 2025","Sep 30, 2025",No Portfolio,Sponsored Products,Bridging Promo 17 May - Project Candy Low Bid - MJC,United Kingdom,PAUSED,GBP,£100.0,Automatic targeting,Fixed bids,915726,,3783,,0.413%,£556.17,,£0.1470182,£0.0,289,8.537%,11.71,£6514.89
"Sep 01, 2025","Sep 30, 2025",No Portfolio,Sponsored Products,Project Candy - Converting EXT - 20240710,United Kingdom,ENABLED,GBP,£25.0,Manual targeting,Fixed bids,120675,958874,561,4645,0.46499999999999997%,£77.99,£641.18,£0.13901960000000002,£0.1380366,111,4.851%,20.61,£1607.65
"Sep 01, 2025","Sep 30, 2025",No Portfolio,Sponsored Products,Manual Profit Expand BRD PHR Low Bid - Q2 2024 - MJC,United Kingdom,ENABLED,GBP,£21.0,Manual targeting,Fixed bids,245872,818291,1400,3712,0.569%,£220.77,£460.98,£0.1576929,£0.1241864,188,5.840999999999999%,17.12,£3779.92
"Sep 01, 2025","Sep 30, 2025",No Portfolio,Sponsored Products,(Dayparting Test) Auto Low Bid - Q4 2023 - MJC,United Kingdom,PAUSED,GBP,£83.0,Automatic targeting,Fixed bids,2455875,4466957,10396,16535,0.42300000000000004%,£1432.25,£1925.52,£0.1377693,£0.1164512,854,9.599%,10.42,£14920.75
"Sep 21, 2025","Sep 30, 2025",No Portfolio,Sponsored Products,SP - Project Candy - Bridging Promo - 22 Sep 2025 - Auto Low Bid - MJC,United Kingdom,PAUSED,GBP,£50.0,Automatic targeting,Fixed bids,923227,,3564,,0.386%,£499.52,,£0.1401571,£0.0,174,11.843%,8.44,£4217.78
"Sep 01, 2025","Sep 30, 2025",No Portfolio,Sponsored Products,Growers - Profit Low Bid - MJC,United Kingdom,ENABLED,GBP,£28.0,Manual targeting,Dynamic bids - down only,17207,231304,99,881,0.575%,£14.64,£121.43,£0.1478788,£0.137832,12,4.102%,24.38,£356.89
"Sep 01, 2025","Sep 30, 2025",No Portfolio,Sponsored Products,SP - Bridging Promo until 4th Aug - Project Candy Low Bid - MJC,United Kingdom,PAUSED,GBP,£50.0,Automatic targeting,Fixed bids,1549903,,8194,,0.529%,£1146.48,,£0.13991699999999999,£0.0,773,12.948%,7.72,£8854.71
"Sep 01, 2025","Sep 30, 2025",No Portfolio,Sponsored Products,Droppers - Auto Low Bid - MJC,United Kingdom,ENABLED,GBP,£69.0,Automatic targeting,Dynamic bids - down only,621863,1748623,3147,8204,0.506%,£526.54,£1134.36,£0.16731490000000002,£0.1382691,398,7.550999999999999%,13.24,£6973.15
"Sep 01, 2025","Sep 30, 2025",No Portfolio,Sponsored Products,Keyword Research Low Bid Top Sellers 2 - BRD PHR - SD,United Kingdom,ENABLED,GBP,£15.0,Manual targeting,Fixed bids,137087,,598,,0.436%,£127.17,,£0.21265889999999998,£0.0,113,4.9430000000000005%,20.23,£2572.92
"Sep 01, 2025","Sep 30, 2025",No Portfolio,Sponsored Products,Home and Garden 2025 - Project Candy - Auto Low Bid - MJC,United Kingdom,ENABLED,GBP,£100.0,Automatic targeting,Fixed bids,2611651,,14650,,0.561%,£2091.2,,£0.142744,£0.0,1449,8.081000000000001%,12.38,£25879.12
"Sep 01, 2025","Sep 30, 2025","# Campaign Bid Trial #",Sponsored Products,SP - PRIME DAY - Project Candy Low Bid with Multi,United Kingdom,ENABLED,GBP,£500.0,Automatic targeting,Dynamic bids - down only,12058066,,54731,,0.45399999999999996%,£9627.21,,£0.17590050000000002,£0.0,7833,5.88%,17.01,£163738.86
"Sep 01, 2025","Sep 30, 2025",No Portfolio,Sponsored Products,Manual Profit Expand BRD PHR Low Bid - December 2023 - MJC,United Kingdom,ENABLED,GBP,£26.0,Manual targeting,Fixed bids,246034,847575,1240,2834,0.504%,£175.76,£307.8,£0.1417419,£0.1086097,109,9.028%,11.08,£1946.78
"Sep 01, 2025","Sep 30, 2025",No Portfolio,Sponsored Products,Bridging Promo 31 May - Project Candy Low Bid - MJC,United Kingdom,PAUSED,GBP,£100.0,Automatic targeting,Fixed bids,1211144,,6778,,0.5599999999999999%,£988.31,,£0.1458114,£0.0,426,8.485%,11.78,£11647.14
"Sep 01, 2025","Sep 30, 2025",No Portfolio,Sponsored Products,Growers - PAT Low Bid - MJC,United Kingdom,ENABLED,GBP,£31.0,Manual targeting,Dynamic bids - down only,61629,152945,789,1789,1.28%,£130.86,£251.39,£0.16585550000000002,£0.1405198,142,3.964%,25.23,£3301.56
"Sep 01, 2025","Sep 30, 2025",No Portfolio,Sponsored Products,B2B Only 500% Multi Test - Project Candy Low Bid - MJC,United Kingdom,ENABLED,GBP,£48.0,Automatic targeting,Fixed bids,1232637,,9225,,0.748%,£929.55,,£0.10076420000000001,£0.0,978,5.926%,16.87,£15684.81
"Sep 01, 2025","Sep 30, 2025",No Portfolio,Sponsored Products,SP - Bridging Promo 5th August 2025,United Kingdom,PAUSED,GBP,£50.0,Automatic targeting,Fixed bids,1869683,,10969,,0.587%,£1500.41,,£0.1367864,£0.0,813,11.985%,8.34,£12519.07
"Sep 04, 2025","Sep 30, 2025",No Portfolio,Sponsored Products,SP - Project Candy - Bridging Promo - 5 Sep 2025 - Auto Low Bid - MJC,United Kingdom,PAUSED,GBP,£50.0,Automatic targeting,Fixed bids,2103465,,8053,,0.383%,£1115.93,,£0.1385732,£0.0,341,18.04%,5.54,£6185.97
"Sep 01, 2025","Sep 30, 2025","# Campaign Bid Trial #",Sponsored Products,(B2B Multiplier Test) Growers - Auto Low Bid - MJC,United Kingdom,ENABLED,GBP,£123.0,Automatic targeting,Dynamic bids - down only,1384610,2867139,8041,9802,0.581%,£1462.95,£1424.61,£0.1819363,£0.14533870000000002,1104,5.1819999999999995%,19.3,£28231.02
"Sep 01, 2025","Sep 30, 2025",No Portfolio,Sponsored Products,PAT Profit May 2024,United Kingdom,ENABLED,GBP,£60.0,Manual targeting,Dynamic bids - up and down,352851,207206,5812,3357,1.6469999999999998%,£1414.53,£707.72,£0.2433809,£0.2108192,1191,5.817%,17.19,£24317.75
"Sep 01, 2025","Sep 30, 2025",No Portfolio,Sponsored Products,Project Candy - EV4 - Auto Low Bid - MJC,United Kingdom,ENABLED,GBP,£13.0,Automatic targeting,Dynamic bids - down only,54940,37342,246,250,0.44799999999999995%,£35.53,£35.04,£0.1444309,£0.14016,5,18.624%,5.37,£190.78
"Sep 01, 2025","Sep 30, 2025","# Campaign Bid Trial #",Sponsored Products,Keyword Research Low Bid (Category) - BRD PHR - SD,United Kingdom,ENABLED,GBP,£42.0,Manual targeting,Fixed bids,1454311,,5671,,0.38999999999999996%,£842.22,,£0.1485135,£0.0,627,5.423%,18.44,£15531.74
"Sep 01, 2025","Sep 30, 2025",No Portfolio,Sponsored Products,Auto Low Bid - Q1 2024 - Feb Deals - MJC,United Kingdom,ENABLED,GBP,£39.0,Automatic targeting,Fixed bids,443028,2366417,2006,7704,0.453%,£308.3,£1078.76,£0.15368890000000002,£0.14002599999999998,116,12.747%,7.84,£2418.54
"Sep 01, 2025","Sep 30, 2025","# Campaign Bid Trial #",Sponsored Products,Project Candy V3 - Top 100 (May 2025) - Auto Low Bid with Multi - MJC,United Kingdom,ENABLED,GBP,£84.0,Automatic targeting,Dynamic bids - up and down,717962,,7147,,0.9950000000000001%,£1674.79,,£0.2343347,£0.0,1420,6.699%,14.93,£24998.92
"Oct 01, 2025","Oct 31, 2025",No Portfolio,Sponsored Products,Droppers - Auto Low Bid - MJC,United Kingdom,ENABLED,GBP,£69.0,Automatic targeting,Dynamic bids - down only,652359,2657410,4271,10265,0.655%,£655.17,£1387.34,£0.1533997,£0.1351525,590,6.339%,15.78,£10336.08
"Oct 01, 2025","Oct 31, 2025",No Portfolio,Sponsored Products,Manual Profit EXT Low Bid - December 2023 - MJC,United Kingdom,ENABLED,GBP,£29.0,Manual targeting,Fixed bids,89397,873781,373,3064,0.41700000000000004%,£51.59,£419.87,£0.138311,£0.1370333,48,5.632000000000001%,17.76,£916.07
"Oct 01, 2025","Oct 31, 2025",No Portfolio,Sponsored Products,Project Candy - Converting EXT - 20240710,United Kingdom,ENABLED,GBP,£25.0,Manual targeting,Fixed bids,126218,1186103,599,4699,0.475%,£83.76,£644.43,£0.1398331,£0.1371419,75,6.141%,16.28,£1363.93
"Oct 01, 2025","Oct 31, 2025",No Portfolio,Sponsored Products,Auto Low Bid - Q1 2024 - Feb Deals - MJC,United Kingdom,ENABLED,GBP,£39.0,Automatic targeting,Fixed bids,306902,2331421,1445,7396,0.471%,£217.51,£1025.55,£0.150526,£0.1386628,123,8.52%,11.74,£2552.91
"Oct 01, 2025","Oct 31, 2025",No Portfolio,Sponsored Products,Keyword Research Low Bid - BRD PHR - SD,United Kingdom,ENABLED,GBP,£63.0,Manual targeting,Dynamic bids - down only,1446070,2666427,6990,10925,0.483%,£1096.84,£1612.63,£0.15691560000000002,£0.1476092,891,4.508%,22.18,£24330.1
"Oct 01, 2025","Oct 31, 2025",No Portfolio,Sponsored Products,SP - Project Candy - Bridging Promo - 22 Sep 2025 - Auto Low Bid - MJC,United Kingdom,PAUSED,GBP,£50.0,Automatic targeting,Fixed bids,2393639,,10998,,0.459%,£1548.89,,£0.1408338,£0.0,514,12.601%,7.94,£12291.54
"Oct 01, 2025","Oct 31, 2025",No Portfolio,Sponsored Products,SP - Bridging Promo 5th August 2025,United Kingdom,PAUSED,GBP,£50.0,Automatic targeting,Fixed bids,1674005,,11345,,0.6779999999999999%,£1549.43,,£0.1365738,£0.0,991,11.272%,8.87,£13745.66
"Oct 01, 2025","Oct 31, 2025",No Portfolio,Sponsored Products,Growers - Profit Low Bid - MJC,United Kingdom,ENABLED,GBP,£28.0,Manual targeting,Dynamic bids - down only,16192,335154,114,1105,0.7040000000000001%,£17.41,£150.33,£0.1527193,£0.1360452,24,3.3099999999999996%,30.21,£525.94
"Oct 01, 2025","Oct 31, 2025",No Portfolio,Sponsored Products,SP - Bridging Promo until 4th Aug - Project Candy Low Bid - MJC,United Kingdom,PAUSED,GBP,£50.0,Automatic targeting,Fixed bids,1220528,,6728,,0.551%,£926.18,,£0.1376605,£0.0,754,11.013%,9.08,£8410.1
"Oct 01, 2025","Oct 31, 2025",No Portfolio,Sponsored Products,Bridging Promo 17 May - Project Candy Low Bid - MJC,United Kingdom,PAUSED,GBP,£100.0,Automatic targeting,Fixed bids,629278,,2649,,0.42100000000000004%,£386.09,,£0.1457493,£0.0,259,7.031%,14.22,£5491.42
"Oct 01, 2025","Oct 31, 2025",No Portfolio,Sponsored Products,Home and Garden 2025 - Project Candy - Auto Low Bid - MJC,United Kingdom,ENABLED,GBP,£100.0,Automatic targeting,Fixed bids,2535118,,14372,,0.567%,£2015.27,,£0.14022199999999999,£0.0,1666,7.034%,14.22,£28650.4
"Oct 01, 2025","Oct 31, 2025","# Campaign Bid Trial #",Sponsored Products,SP - PRIME DAY - Project Candy Low Bid with Multi,United Kingdom,ENABLED,GBP,£500.0,Automatic targeting,Dynamic bids - down only,11689912,,55179,,0.47200000000000003%,£9585.88,,£0.17372330000000002,£0.0,8314,5.685%,17.59,£168608.74
"Oct 01, 2025","Oct 31, 2025","# Campaign Bid Trial #",Sponsored Products,Project Candy V3 - Top 100 (May 2025) - Auto Low Bid with Multi - MJC,United Kingdom,ENABLED,GBP,£84.0,Automatic targeting,Dynamic bids - up and down,657645,,9104,,1.384%,£2141.49,,£0.2352252,£0.0,2072,6.354%,15.74,£33701.98
"Oct 01, 2025","Oct 31, 2025",No Portfolio,Sponsored Products,PAT Profit May 2024,United Kingdom,ENABLED,GBP,£60.0,Manual targeting,Dynamic bids - up and down,557947,283333,6553,4499,1.174%,£1549.39,£932.84,£0.23643979999999998,£0.20734390000000003,1311,6.407%,15.61,£24182.68
"Oct 01, 2025","Oct 31, 2025",No Portfolio,Sponsored Products,Manual Profit EXT Low Bid - Q4 - MJC,United Kingdom,ENABLED,GBP,£23.0,Manual targeting,Fixed bids,12194,86578,74,466,0.607%,£10.0,£62.33,£0.1351351,£0.1337554,10,7.729%,12.94,£129.38
"Oct 01, 2025","Oct 31, 2025",No Portfolio,Sponsored Products,Project Candy - EV4 - Auto Low Bid - MJC,United Kingdom,ENABLED,GBP,£13.0,Automatic targeting,Dynamic bids - down only,71933,60915,368,363,0.512%,£52.07,£50.53,£0.1414946,£0.1392011,11,12.636%,7.91,£412.07
"Oct 01, 2025","Oct 31, 2025",No Portfolio,Sponsored Products,Keyword Research Low Bid (Product Engagement) - BRD PHR - SD,United Kingdom,ENABLED,GBP,£23.0,Manual targeting,Fixed bids,813039,,3244,,0.39899999999999997%,£452.26,,£0.1394143,£0.0,243,7.013%,14.26,£6449.08
"Oct 01, 2025","Oct 31, 2025",No Portfolio,Sponsored Products,Droppers Profit - Low Bid - MJC,United Kingdom,ENABLED,GBP,£33.0,Manual targeting,Dynamic bids - down only,132637,588534,871,3425,0.657%,£130.67,£472.42,£0.150023,£0.1379328,147,5.402%,18.51,£2418.98
"Oct 01, 2025","Oct 31, 2025",No Portfolio,Sponsored Products,Growers - PAT Low Bid - MJC,United Kingdom,ENABLED,GBP,£31.0,Manual targeting,Dynamic bids - down only,73087,259864,860,2352,1.1769999999999998%,£140.26,£326.26,£0.16309300000000002,£0.138716,143,4.244%,23.56,£3304.52
"Oct 01, 2025","Oct 31, 2025",No Portfolio,Sponsored Products,Bridging Promo 24 May - Project Candy Low Bid - MJC,United Kingdom,PAUSED,GBP,£100.0,Automatic targeting,Fixed bids,812924,,5323,,0.655%,£768.05,,£0.1442889,£0.0,587,5.666%,17.65,£13555.22
"Oct 01, 2025","Oct 31, 2025","# Campaign Bid Trial #",Sponsored Products,Keyword Research Low Bid (New Selection) - BRD PHR - SD,United Kingdom,ENABLED,GBP,£75.0,Manual targeting,Dynamic bids - up and down,2066683,1613035,9280,5801,0.449%,£2150.95,£1139.31,£0.23178339999999997,£0.19639890000000002,1644,5.2540000000000004%,19.03,£40940.1
"Oct 01, 2025","Oct 31, 2025",No Portfolio,Sponsored Products,Bridging Promo 31 May - Project Candy Low Bid - MJC,United Kingdom,PAUSED,GBP,£100.0,Automatic targeting,Fixed bids,1186608,,7100,,0.598%,£1037.86,,£0.1461775,£0.0,498,8.121%,12.31,£12779.39
"Oct 01, 2025","Oct 31, 2025",No Portfolio,Sponsored Products,B2B Only 500% Multi Test - Project Candy Low Bid - MJC,United Kingdom,ENABLED,GBP,£48.0,Automatic targeting,Fixed bids,1141641,,8620,,0.755%,£847.9,,£0.0983643,£0.0,1032,5.131%,19.49,£16525.37
"Oct 01, 2025","Oct 31, 2025",No Portfolio,Sponsored Products,New Selection September 23 - Auto - MJC,United Kingdom,ENABLED,GBP,£63.0,Automatic targeting,Dynamic bids - down only,287747,1305058,2265,5245,0.787%,£319.52,£668.59,£0.1410684,£0.1274719,410,6.088%,16.43,£5248.7
"Oct 01, 2025","Oct 31, 2025","# Campaign Bid Trial #",Sponsored Products,Keyword Research Low Bid (Category) - BRD PHR - SD,United Kingdom,ENABLED,GBP,£42.0,Manual targeting,Fixed bids,1939382,213072,6986,714,0.36%,£1018.95,£96.17,£0.14585599999999999,£0.1346919,891,5.4030000000000005%,18.51,£18860.0
"Oct 01, 2025","Oct 31, 2025",No Portfolio,Sponsored Products,Droppers - PAT Low Bid - MJC,United Kingdom,ENABLED,GBP,£28.0,Manual targeting,Dynamic bids - down only,215091,256389,5394,2818,2.508%,£864.02,£357.7,£0.1601817,£0.126934,1011,5.536%,18.06,£15607.37
"Oct 01, 2025","Oct 31, 2025",No Portfolio,Sponsored Products,"Core Keywords, Close Match EXT - Suggested Bid - SD",United Kingdom,ENABLED,GBP,£21.0,Manual targeting,Dynamic bids - down only,125981,206864,582,750,0.462%,£133.12,£310.14,£0.2287285,£0.41351999999999994,128,4.2090000000000005%,23.76,£3162.84
"Oct 01, 2025","Oct 31, 2025",No Portfolio,Sponsored Products,Manual Profit Expand BRD PHR Low Bid - Q2 2024 - MJC,United Kingdom,ENABLED,GBP,£21.0,Manual targeting,Fixed bids,310062,987757,1586,3656,0.512%,£249.22,£450.74,£0.15713749999999999,£0.1232877,205,5.8020000000000005%,17.24,£4295.76
"Oct 01, 2025","Oct 31, 2025",No Portfolio,Sponsored Products,SP - Project Candy - Bridging Promo - 5 Sep 2025 - Auto Low Bid - MJC,United Kingdom,PAUSED,GBP,£50.0,Automatic targeting,Fixed bids,1666251,,6436,,0.386%,£886.02,,£0.1376663,£0.0,351,14.126%,7.08,£6272.2
"Oct 01, 2025","Oct 31, 2025",No Portfolio,Sponsored Products,Keyword Research Low Bid Top Sellers 2 - BRD PHR - SD,United Kingdom,ENABLED,GBP,£15.0,Manual targeting,Fixed bids,151236,,674,,0.44600000000000006%,£142.39,,£0.2112611,£0.0,94,7.86%,12.72,£1811.69
"Oct 01, 2025","Oct 31, 2025",No Portfolio,Sponsored Products,Manual Profit Expand BRD PHR Low Bid - December 2023 - MJC,United Kingdom,ENABLED,GBP,£26.0,Manual targeting,Fixed bids,414772,1198661,1650,3835,0.398%,£240.37,£420.45,£0.1456788,£0.10963490000000001,168,7.954999999999999%,12.57,£3021.76
"Oct 01, 2025","Oct 31, 2025",No Portfolio,Sponsored Products,SP - Project Candy Auto Low Bid - Bridging Promo - 22 Sep - MJC,United Kingdom,PAUSED,GBP,£50.0,Automatic targeting,Fixed bids,753171,,4194,,0.557%,£454.58,,£0.1083882,£0.0,172,11.603%,8.62,£3917.87
"Oct 01, 2025","Oct 31, 2025","# Campaign Bid Trial #",Sponsored Products,(B2B Multiplier Test) Growers - Auto Low Bid - MJC,United Kingdom,ENABLED,GBP,£123.0,Automatic targeting,Dynamic bids - down only,1527565,4474187,8850,13806,0.579%,£1644.09,£2018.77,£0.18577290000000002,£0.1462241,1077,6.061%,16.5,£27125.2
"Oct 01, 2025","Oct 31, 2025",No Portfolio,Sponsored Products,Keyword Research Low Bid (Seasonal) - BRD PHR - SD,United Kingdom,ENABLED,GBP,£28.0,Manual targeting,Fixed bids,1339720,2019664,5521,4987,0.41200000000000003%,£868.32,£688.56,£0.1572759,£0.138071,438,7.063%,14.16,£12294.03
"Oct 01, 2025","Oct 31, 2025",No Portfolio,Sponsored Products,Manual Profit EXT Low Bid - Q2 2024 - MJC,United Kingdom,ENABLED,GBP,£19.0,Manual targeting,Fixed bids,96148,733013,412,2450,0.42900000000000005%,£59.25,£346.21,£0.14381069999999999,£0.1413102,47,7.37%,13.57,£803.89
"Oct 05, 2025","Oct 31, 2025",No Portfolio,Sponsored Products,SP - PBDD - Project Candy Low Bid - MJC,United Kingdom,ENABLED,GBP,£60.0,Automatic targeting,Fixed bids,1761009,,9818,,0.5579999999999999%,£1349.51,,£0.1374526,£0.0,1447,4.404%,22.71,£30640.7
"Oct 01, 2025","Oct 31, 2025",No Portfolio,Sponsored Products,(Dayparting Test) Auto Low Bid - Q4 2023 - MJC,United Kingdom,PAUSED,GBP,£83.0,Automatic targeting,Fixed bids,1291812,6215218,7614,19249,0.5890000000000001%,£1157.24,£2279.93,£0.1519884,£0.1184441,575,8.857%,11.29,£13065.36
"Nov 01, 2025","Nov 30, 2025",No Portfolio,Sponsored Products,"Core Keywords, Close Match EXT - Suggested Bid - SD",United Kingdom,ENABLED,GBP,£21.0,Manual targeting,Dynamic bids - down only,172522,438831,664,2156,0.385%,£147.33,£849.1,£0.2218825,£0.3938312,126,4.651000000000001%,21.5,£3167.5
"Nov 01, 2025","Nov 30, 2025",No Portfolio,Sponsored Products,PAT Profit May 2024,United Kingdom,ENABLED,GBP,£60.0,Manual targeting,Dynamic bids - up and down,417897,825946,5234,9789,1.252%,£1198.92,£2112.78,£0.22906379999999998,£0.2158321,962,7.000000000000001%,14.29,£17128.0
"Nov 01, 2025","Nov 30, 2025",No Portfolio,Sponsored Products,Manual Profit EXT Low Bid - December 2023 - MJC,United Kingdom,ENABLED,GBP,£29.0,Manual targeting,Fixed bids,105957,350420,537,1620,0.507%,£75.18,£222.7,£0.14,£0.1374691,62,4.029%,24.82,£1866.18
"Nov 01, 2025","Nov 30, 2025",No Portfolio,Sponsored Products,Manual Profit EXT Low Bid - Q2 2024 - MJC,United Kingdom,ENABLED,GBP,£19.0,Manual targeting,Fixed bids,100070,287316,470,1320,0.47000000000000003%,£67.9,£183.37,£0.1444681,£0.1389167,41,9.433%,10.6,£719.84
"Nov 01, 2025","Nov 30, 2025",No Portfolio,Sponsored Products,SP - Project Candy Auto Low Bid - Bridging Promo - 22 Sep - MJC,United Kingdom,PAUSED,GBP,£50.0,Automatic targeting,Fixed bids,668720,,3970,,0.594%,£436.05,,£0.1098363,£0.0,139,11.243%,8.89,£3878.55
"Nov 01, 2025","Nov 30, 2025",No Portfolio,Sponsored Products,Droppers - Auto Low Bid - MJC,United Kingdom,ENABLED,GBP,£69.0,Automatic targeting,Dynamic bids - down only,610925,1172116,2703,4599,0.44200000000000006%,£457.99,£647.68,£0.1694377,£0.1408306,278,8.981%,11.13,£5099.37
"Nov 01, 2025","Nov 30, 2025",No Portfolio,Sponsored Products,Bridging Promo 17 May - Project Candy Low Bid - MJC,United Kingdom,PAUSED,GBP,£100.0,Automatic targeting,Fixed bids,558470,,2978,,0.5329999999999999%,£432.74,,£0.1453123,£0.0,252,8.709%,11.48,£4969.12
"Nov 01, 2025","Nov 30, 2025",No Portfolio,Sponsored Products,Keyword Research Low Bid Top Sellers 2 - BRD PHR - SD,United Kingdom,ENABLED,GBP,£15.0,Manual targeting,Fixed bids,200271,467993,748,1242,0.373%,£177.06,£239.2,£0.23671119999999998,£0.1925926,108,7.22%,13.85,£2452.46
"Nov 01, 2025","Nov 30, 2025",No Portfolio,Sponsored Products,Manual Profit EXT Low Bid - Q4 - MJC,United Kingdom,ENABLED,GBP,£23.0,Manual targeting,Fixed bids,17063,56066,58,338,0.33999999999999997%,£8.24,£46.52,£0.142069,£0.1376331,6,12.716%,7.86,£64.8
"Nov 01, 2025","Nov 30, 2025",No Portfolio,Sponsored Products,(Dayparting Test) Auto Low Bid - Q4 2023 - MJC,United Kingdom,PAUSED,GBP,£83.0,Automatic targeting,Fixed bids,1702823,5960210,9009,20583,0.529%,£1416.9,£2423.57,£0.1572761,£0.11774620000000001,526,11.333%,8.82,£12502.32
"Nov 01, 2025","Nov 30, 2025",No Portfolio,Sponsored Products,Manual Profit Expand BRD PHR Low Bid - Q2 2024 - MJC,United Kingdom,ENABLED,GBP,£21.0,Manual targeting,Fixed bids,350947,413898,1780,1722,0.507%,£281.34,£211.94,£0.15805619999999998,£0.12307779999999999,152,7.109%,14.07,£3957.51
"Nov 01, 2025","Nov 30, 2025",No Portfolio,Sponsored Products,Keyword Research Low Bid (Product Engagement) - BRD PHR - SD,United Kingdom,ENABLED,GBP,£23.0,Manual targeting,Fixed bids,1106489,1667616,4751,4746,0.42900000000000005%,£690.24,£653.92,£0.1452831,£0.1377834,357,5.659%,17.67,£12196.94
"Nov 01, 2025","Nov 30, 2025",No Portfolio,Sponsored Products,New Selection September 23 - Auto - MJC,United Kingdom,ENABLED,GBP,£63.0,Automatic targeting,Dynamic bids - down only,167315,628200,1156,2717,0.6910000000000001%,£165.52,£323.27,£0.1431834,£0.11898049999999999,179,6.196%,16.14,£2671.55
"Nov 01, 2025","Nov 30, 2025","# Campaign Bid Trial #",Sponsored Products,Keyword Research Low Bid (New Selection) - BRD PHR - SD,United Kingdom,ENABLED,GBP,£75.0,Manual targeting,Dynamic bids - up and down,3824156,3340082,19165,13861,0.501%,£4192.33,£2919.28,£0.21874929999999998,£0.2106111,2337,7.199999999999999%,13.89,£58227.88
"Nov 01, 2025","Nov 30, 2025",No Portfolio,Sponsored Products,Manual Profit Expand BRD PHR Low Bid - December 2023 - MJC,United Kingdom,ENABLED,GBP,£26.0,Manual targeting,Fixed bids,413693,461348,1766,1433,0.42700000000000005%,£286.23,£155.77,£0.16207809999999997,£0.10870200000000001,143,9.597999999999999%,10.42,£2982.27
"Nov 01, 2025","Nov 30, 2025","# Campaign Bid Trial #",Sponsored Products,Project Candy V3 - Top 100 (May 2025) - Auto Low Bid with Multi - MJC,United Kingdom,ENABLED,GBP,£84.0,Automatic targeting,Dynamic bids - up and down,751583,,6294,,0.8370000000000001%,£1390.15,,£0.22086909999999998,£0.0,1412,5.572%,17.95,£24947.5
"Nov 01, 2025","Nov 30, 2025",No Portfolio,Sponsored Products,SP - Project Candy - Bridging Promo - 22 Sep 2025 - Auto Low Bid - MJC,United Kingdom,PAUSED,GBP,£50.0,Automatic targeting,Fixed bids,1886593,,10531,,0.5579999999999999%,£1486.6,,£0.1411642,£0.0,512,11.713%,8.54,£12691.9
"Nov 01, 2025","Nov 30, 2025",No Portfolio,Sponsored Products,SP - Bridging Promo until 4th Aug - Project Candy Low Bid - MJC,United Kingdom,PAUSED,GBP,£50.0,Automatic targeting,Fixed bids,1428279,,7878,,0.5519999999999999%,£1103.72,,£0.1401015,£0.0,673,15.265999999999998%,6.55,£7229.89
"Nov 01, 2025","Nov 30, 2025",No Portfolio,Sponsored Products,Home and Garden 2025 - Project Candy - Auto Low Bid - MJC,United Kingdom,ENABLED,GBP,£100.0,Automatic targeting,Fixed bids,2330470,,12312,,0.528%,£1781.17,,£0.1446694,£0.0,1000,10.497%,9.53,£16967.94
"Nov 01, 2025","Nov 30, 2025",No Portfolio,Sponsored Products,Auto Low Bid - Q1 2024 - Feb Deals - MJC,United Kingdom,ENABLED,GBP,£39.0,Automatic targeting,Fixed bids,298927,1817148,1558,6572,0.521%,£227.97,£894.78,£0.1463222,£0.1361503,86,10.367999999999999%,9.64,£2198.77
"Nov 01, 2025","Nov 30, 2025",No Portfolio,Sponsored Products,Project Candy - EV4 - Auto Low Bid - MJC,United Kingdom,ENABLED,GBP,£13.0,Automatic targeting,Dynamic bids - down only,105642,54599,369,291,0.349%,£52.33,£41.04,£0.14181570000000002,£0.1410309,9,11.229%,8.91,£466.03
"Nov 01, 2025","Nov 30, 2025",No Portfolio,Sponsored Products,Project Candy - Converting EXT - 20240710,United Kingdom,ENABLED,GBP,£25.0,Manual targeting,Fixed bids,132382,555100,708,2491,0.5349999999999999%,£104.1,£348.68,£0.1470339,£0.13997590000000001,91,6.429%,15.55,£1619.13
"Nov 01, 2025","Nov 30, 2025",No Portfolio,Sponsored Products,Keyword Research Low Bid (Seasonal) - BRD PHR - SD,United Kingdom,ENABLED,GBP,£28.0,Manual targeting,Fixed bids,1153620,2477620,5353,8639,0.464%,£840.77,£1179.76,£0.1570652,£0.1365621,410,6.492000000000001%,15.4,£12950.07
"Nov 01, 2025","Nov 30, 2025",No Portfolio,Sponsored Products,Droppers Profit - Low Bid - MJC,United Kingdom,ENABLED,GBP,£33.0,Manual targeting,Dynamic bids - down only,81753,239386,584,1424,0.714%,£88.34,£219.37,£0.1512671,£0.154052,84,5.559%,17.99,£1589.04
"Nov 01, 2025","Nov 30, 2025","# Campaign Bid Trial #",Sponsored Products,Keyword Research Low Bid (Category) - BRD PHR - SD,United Kingdom,ENABLED,GBP,£42.0,Manual targeting,Fixed bids,1903013,3248362,6962,8474,0.366%,£1048.32,£1128.76,£0.1505774,£0.1332027,789,5.785%,17.29,£18122.15
"Nov 01, 2025","Nov 30, 2025",No Portfolio,Sponsored Products,Bridging Promo 24 May - Project Candy Low Bid - MJC,United Kingdom,PAUSED,GBP,£100.0,Automatic targeting,Fixed bids,782407,,5180,,0.662%,£756.03,,£0.1459517,£0.0,524,6.277000000000001%,15.93,£12045.05
"Nov 01, 2025","Nov 30, 2025",No Portfolio,Sponsored Products,B2B Only 500% Multi Test - Project Candy Low Bid - MJC,United Kingdom,ENABLED,GBP,£48.0,Automatic targeting,Fixed bids,1315095,,9550,,0.726%,£962.53,,£0.10078849999999999,£0.0,1098,4.522%,22.12,£21286.65
"Nov 01, 2025","Nov 30, 2025",No Portfolio,Sponsored Products,Droppers - PAT Low Bid - MJC,United Kingdom,ENABLED,GBP,£28.0,Manual targeting,Dynamic bids - down only,125923,88429,2269,843,1.802%,£355.38,£109.82,£0.1566241,£0.1302728,512,4.12%,24.27,£8626.61
"Nov 01, 2025","Nov 30, 2025",No Portfolio,Sponsored Products,Growers - Profit Low Bid - MJC,United Kingdom,ENABLED,GBP,£28.0,Manual targeting,Dynamic bids - down only,22519,97663,204,407,0.906%,£31.74,£55.66,£0.1555882,£0.1367568,19,6.521000000000001%,15.33,£486.7
"Nov 17, 2025","Nov 30, 2025",No Portfolio,Sponsored Products,B2B SP Auto Low Bid - SD,United Kingdom,ENABLED,GBP,£78.0,Automatic targeting,Fixed bids,112042,,1076,,0.96%,£306.75,,£0.2850836,£0.0,433,2.158%,46.33,£14212.26
"Nov 01, 2025","Nov 30, 2025",No Portfolio,Sponsored Products,Keyword Research Low Bid - BRD PHR - SD,United Kingdom,ENABLED,GBP,£63.0,Manual targeting,Dynamic bids - down only,2356282,2906443,11454,14296,0.486%,£1783.54,£2219.1,£0.1557133,£0.1552252,1280,5.152%,19.41,£34616.01
"Nov 01, 2025","Nov 30, 2025","# Campaign Bid Trial #",Sponsored Products,SP - PRIME DAY - Project Candy Low Bid with Multi,United Kingdom,ENABLED,GBP,£500.0,Automatic targeting,Dynamic bids - down only,13731356,,62422,,0.455%,£10960.12,,£0.175581,£0.0,7842,6.43%,15.55,£170441.8
"Nov 01, 2025","Nov 30, 2025","# Campaign Bid Trial #",Sponsored Products,(B2B Multiplier Test) Growers - Auto Low Bid - MJC,United Kingdom,ENABLED,GBP,£123.0,Automatic targeting,Dynamic bids - down only,1676405,2477479,9182,9673,0.5479999999999999%,£1700.17,£1394.12,£0.1851634,£0.1441249,933,7.263%,13.77,£23409.04
"Nov 01, 2025","Nov 30, 2025",No Portfolio,Sponsored Products,Growers - PAT Low Bid - MJC,United Kingdom,ENABLED,GBP,£31.0,Manual targeting,Dynamic bids - down only,42237,80330,450,875,1.065%,£76.13,£128.06,£0.16917780000000002,£0.1463543,73,4.95%,20.2,£1537.99
"Nov 01, 2025","Nov 30, 2025",No Portfolio,Sponsored Products,SP - Project Candy - Bridging Promo - 5 Sep 2025 - Auto Low Bid - MJC,United Kingdom,PAUSED,GBP,£50.0,Automatic targeting,Fixed bids,1136955,,4611,,0.406%,£651.2,,£0.1412275,£0.0,180,16.371%,6.11,£3977.66
"Nov 01, 2025","Nov 30, 2025",No Portfolio,Sponsored Products,Bridging Promo 31 May - Project Candy Low Bid - MJC,United Kingdom,PAUSED,GBP,£100.0,Automatic targeting,Fixed bids,1289873,,8574,,0.6649999999999999%,£1242.64,,£0.14493119999999998,£0.0,571,8.288%,12.07,£14993.85
"Nov 01, 2025","Nov 30, 2025",No Portfolio,Sponsored Products,SP - Bridging Promo 5th August 2025,United Kingdom,PAUSED,GBP,£50.0,Automatic targeting,Fixed bids,1885799,,10895,,0.5780000000000001%,£1500.65,,£0.13773749999999998,£0.0,793,13.849%,7.22,£10835.66
"Nov 01, 2025","Nov 30, 2025",No Portfolio,Sponsored Products,SP - PBDD - Project Candy Low Bid - MJC,United Kingdom,ENABLED,GBP,£60.0,Automatic targeting,Fixed bids,4807605,,28871,,0.601%,£4010.49,,£0.1389107,£0.0,3553,5.45%,18.35,£73580.57
"Dec 01, 2025","Dec 31, 2025",No Portfolio,Sponsored Products,Auto Low Bid - Q1 2024 - Feb Deals - MJC,United Kingdom,ENABLED,GBP,£39.0,Automatic targeting,Fixed bids,251219,1285310,818,4007,0.326%,£117.11,£564.71,£0.1431663,£0.1409309,50,8.042%,12.43,£1456.18
"Dec 01, 2025","Dec 31, 2025",No Portfolio,Sponsored Products,Droppers - PAT Low Bid - MJC,United Kingdom,ENABLED,GBP,£28.0,Manual targeting,Dynamic bids - down only,79135,76183,1527,928,1.9300000000000002%,£243.57,£140.09,£0.1595088,£0.1509591,346,4.4830000000000005%,22.31,£5433.6
"Dec 01, 2025","Dec 31, 2025",No Portfolio,Sponsored Products,Droppers Profit - Low Bid - MJC,United Kingdom,ENABLED,GBP,£33.0,Manual targeting,Dynamic bids - down only,89225,70809,361,441,0.40499999999999997%,£56.26,£64.0,£0.1558449,£0.1451247,49,6.697%,14.93,£840.13
"Dec 01, 2025","Dec 03, 2025",No Portfolio,Sponsored Products,SP - Project Candy - Bridging Promo - 22 Sep 2025 - Auto Low Bid - MJC,United Kingdom,PAUSED,GBP,£50.0,Automatic targeting,Fixed bids,114392,,736,,0.643%,£105.24,,£0.14298909999999998,£0.0,35,8.866%,11.28,£1187.03
"Dec 01, 2025","Dec 03, 2025",No Portfolio,Sponsored Products,SP - Project Candy Auto Low Bid - Bridging Promo - 22 Sep - MJC,United Kingdom,PAUSED,GBP,£50.0,Automatic targeting,Fixed bids,30332,,128,,0.422%,£14.04,,£0.1096875,£0.0,7,16.352%,6.12,£85.86
"Dec 01, 2025","Dec 31, 2025","# Campaign Bid Trial #",Sponsored Products,SP - PRIME DAY - Project Candy Low Bid with Multi,United Kingdom,ENABLED,GBP,£500.0,Automatic targeting,Dynamic bids - down only,5360421,,28345,,0.529%,£4958.57,,£0.1749363,£0.0,4468,5.539000000000001%,18.06,£89529.09
"Dec 01, 2025","Dec 31, 2025",No Portfolio,Sponsored Products,PAT Profit May 2024,United Kingdom,ENABLED,GBP,£60.0,Manual targeting,Dynamic bids - up and down,230743,374529,2852,5027,1.236%,£653.04,£1084.5,£0.2289762,£0.21573499999999998,550,6.993%,14.3,£9339.06
"Dec 01, 2025","Dec 31, 2025",No Portfolio,Sponsored Products,Growers - Profit Low Bid - MJC,United Kingdom,ENABLED,GBP,£28.0,Manual targeting,Dynamic bids - down only,38534,39221,238,131,0.618%,£36.13,£18.74,£0.1518067,£0.1430534,41,3.643%,27.45,£991.69
"Dec 01, 2025","Dec 03, 2025",No Portfolio,Sponsored Products,SP - Project Candy - Bridging Promo - 5 Sep 2025 - Auto Low Bid - MJC,United Kingdom,PAUSED,GBP,£50.0,Automatic targeting,Fixed bids,44269,,165,,0.373%,£24.16,,£0.1464242,£0.0,8,12.78%,7.82,£189.04
"Dec 01, 2025","Dec 31, 2025",No Portfolio,Sponsored Products,New Selection September 23 - Auto - MJC,United Kingdom,ENABLED,GBP,£63.0,Automatic targeting,Dynamic bids - down only,183394,421664,722,1845,0.394%,£95.81,£228.52,£0.1327008,£0.12385910000000001,96,6.5600000000000005%,15.24,£1460.54
"Dec 01, 2025","Dec 31, 2025",No Portfolio,Sponsored Products,Keyword Research Low Bid - BRD PHR - SD,United Kingdom,ENABLED,GBP,£63.0,Manual targeting,Dynamic bids - down only,1479979,1167036,6585,6058,0.445%,£1046.17,£971.25,£0.1588717,£0.16032520000000003,837,5.126%,19.51,£20408.19
"Dec 01, 2025","Dec 31, 2025",No Portfolio,Sponsored Products,Project Candy - Converting EXT - 20240710,United Kingdom,ENABLED,GBP,£25.0,Manual targeting,Fixed bids,150448,244298,576,999,0.383%,£81.75,£145.27,£0.1419271,£0.1454154,73,8.515%,11.74,£960.12
"Dec 01, 2025","Dec 03, 2025",No Portfolio,Sponsored Products,SP - Bridging Promo until 4th Aug - Project Candy Low Bid - MJC,United Kingdom,PAUSED,GBP,£50.0,Automatic targeting,Fixed bids,70208,,330,,0.47000000000000003%,£47.1,,£0.1427273,£0.0,32,18.387%,5.44,£256.16
"Dec 01, 2025","Dec 31, 2025",No Portfolio,Sponsored Products,Droppers - Auto Low Bid - MJC,United Kingdom,ENABLED,GBP,£69.0,Automatic targeting,Dynamic bids - down only,210800,798324,1071,3702,0.508%,£169.18,£560.08,£0.1579645,£0.15129120000000001,107,9.235%,10.83,£1831.92
"Dec 01, 2025","Dec 31, 2025",No Portfolio,Sponsored Products,Keyword Research Low Bid Top Sellers 2 - BRD PHR - SD,United Kingdom,ENABLED,GBP,£15.0,Manual targeting,Fixed bids,135825,266694,531,973,0.391%,£112.44,£186.81,£0.21175139999999998,£0.19199380000000002,61,9.061%,11.04,£1240.9
"Dec 01, 2025","Dec 03, 2025",No Portfolio,Sponsored Products,Bridging Promo 31 May - Project Candy Low Bid - MJC,United Kingdom,PAUSED,GBP,£100.0,Automatic targeting,Fixed bids,57732,,465,,0.8049999999999999%,£67.44,,£0.1450323,£0.0,23,9.097%,10.99,£741.33
"Dec 01, 2025","Dec 31, 2025",No Portfolio,Sponsored Products,Project Candy - EV4 - Auto Low Bid - MJC,United Kingdom,ENABLED,GBP,£13.0,Automatic targeting,Dynamic bids - down only,54553,24061,325,192,0.596%,£41.75,£26.37,£0.1284615,£0.1373438,13,8.729000000000001%,11.46,£478.27
"Dec 01, 2025","Dec 03, 2025",No Portfolio,Sponsored Products,Bridging Promo 24 May - Project Candy Low Bid - MJC,United Kingdom,PAUSED,GBP,£100.0,Automatic targeting,Fixed bids,33803,,274,,0.8109999999999999%,£38.11,,£0.13908759999999998,£0.0,28,5.775%,17.32,£659.95
"Dec 01, 2025","Dec 31, 2025",No Portfolio,Sponsored Products,Manual Profit EXT Low Bid - December 2023 - MJC,United Kingdom,ENABLED,GBP,£29.0,Manual targeting,Fixed bids,143939,129974,545,562,0.379%,£78.23,£80.95,£0.14354129999999998,£0.1440391,52,7.1739999999999995%,13.94,£1090.53
"Dec 01, 2025","Dec 31, 2025",No Portfolio,Sponsored Products,Manual Profit Expand BRD PHR Low Bid - Q2 2024 - MJC,United Kingdom,ENABLED,GBP,£21.0,Manual targeting,Fixed bids,277360,393421,1337,1339,0.482%,£186.06,£194.13,£0.13916230000000002,£0.1449813,111,8.134%,12.29,£2287.43
"Dec 01, 2025","Dec 31, 2025",No Portfolio,Sponsored Products,"Core Keywords, Close Match EXT - Suggested Bid - SD",United Kingdom,ENABLED,GBP,£21.0,Manual targeting,Dynamic bids - down only,197177,352105,636,1697,0.32299999999999995%,£142.24,£676.26,£0.2236478,£0.39850320000000006,134,5.186%,19.28,£2742.76
"Dec 01, 2025","Dec 31, 2025",No Portfolio,Sponsored Products,B2B Only 500% Multi Test - Project Candy Low Bid - MJC,United Kingdom,ENABLED,GBP,£48.0,Automatic targeting,Fixed bids,2037253,,11501,,0.565%,£1180.09,,£0.1026076,£0.0,1136,5.56%,17.98,£21223.57
"Dec 01, 2025","Dec 31, 2025",No Portfolio,Sponsored Products,Home and Garden 2025 - Project Candy - Auto Low Bid - MJC,United Kingdom,ENABLED,GBP,£100.0,Automatic targeting,Fixed bids,910329,,4184,,0.45999999999999996%,£581.83,,£0.1390607,£0.0,458,7.077999999999999%,14.13,£8219.78
"Dec 01, 2025","Dec 31, 2025",No Portfolio,Sponsored Products,Growers - PAT Low Bid - MJC,United Kingdom,ENABLED,GBP,£31.0,Manual targeting,Dynamic bids - down only,46534,38477,536,349,1.1520000000000001%,£81.92,£55.08,£0.1528358,£0.1578223,83,4.552%,21.97,£1799.46
"Dec 01, 2025","Dec 31, 2025",No Portfolio,Sponsored Products,B2B SP Auto Low Bid - SD,United Kingdom,ENABLED,GBP,£78.0,Automatic targeting,Fixed bids,236762,,1752,,0.74%,£484.3,,£0.27642690000000003,£0.0,626,2.46%,40.65,£19686.34
"Dec 01, 2025","Dec 03, 2025",No Portfolio,Sponsored Products,SP - Bridging Promo 5th August 2025,United Kingdom,PAUSED,GBP,£50.0,Automatic targeting,Fixed bids,148235,,825,,0.557%,£115.75,,£0.140303,£0.0,59,19.261%,5.19,£600.95
"Dec 01, 2025","Dec 31, 2025",No Portfolio,Sponsored Products,Keyword Research Low Bid (Seasonal) - BRD PHR - SD,United Kingdom,ENABLED,GBP,£28.0,Manual targeting,Fixed bids,1366635,1204715,5362,4450,0.392%,£784.75,£669.64,£0.146354,£0.1504809,387,6.843000000000001%,14.61,£11467.22
"Dec 01, 2025","Dec 03, 2025",No Portfolio,Sponsored Products,Bridging Promo 17 May - Project Candy Low Bid - MJC,United Kingdom,PAUSED,GBP,£100.0,Automatic targeting,Fixed bids,24757,,127,,0.513%,£17.87,,£0.1407087,£0.0,12,10.15%,9.85,£176.06
"Dec 01, 2025","Dec 31, 2025",No Portfolio,Sponsored Products,Keyword Research Low Bid (Product Engagement) - BRD PHR - SD,United Kingdom,ENABLED,GBP,£23.0,Manual targeting,Fixed bids,916792,983057,4047,2126,0.441%,£573.55,£314.44,£0.1417223,£0.14790219999999998,310,6.387%,15.66,£8979.37
"Dec 01, 2025","Dec 31, 2025",No Portfolio,Sponsored Products,Manual Profit Expand BRD PHR Low Bid - December 2023 - MJC,United Kingdom,ENABLED,GBP,£26.0,Manual targeting,Fixed bids,298812,282408,1381,1015,0.462%,£178.31,£122.4,£0.1291166,£0.1205911,122,6.032%,16.58,£2955.84
"Dec 01, 2025","Dec 06, 2025",No Portfolio,Sponsored Products,(Dayparting Test) Auto Low Bid - Q4 2023 - MJC,United Kingdom,PAUSED,GBP,£83.0,Automatic targeting,Fixed bids,287801,3282447,1574,10435,0.547%,£239.13,£1267.24,£0.151925,£0.1214413,88,13.767%,7.26,£1736.97
"Dec 01, 2025","Dec 31, 2025","# Campaign Bid Trial #",Sponsored Products,Keyword Research Low Bid (New Selection) - BRD PHR - SD,United Kingdom,ENABLED,GBP,£75.0,Manual targeting,Dynamic bids - up and down,1210344,957129,5732,4649,0.47400000000000003%,£1071.67,£968.5,£0.18696269999999998,£0.2083244,656,7.117%,14.05,£15058.33
"Dec 01, 2025","Dec 31, 2025",No Portfolio,Sponsored Products,Manual Profit EXT Low Bid - Q2 2024 - MJC,United Kingdom,ENABLED,GBP,£19.0,Manual targeting,Fixed bids,89411,198639,489,543,0.547%,£70.68,£76.7,£0.1445399,£0.1412523,60,7.027%,14.23,£1005.88
"Dec 01, 2025","Dec 31, 2025",No Portfolio,Sponsored Products,SP - PBDD - Project Candy Low Bid - MJC,United Kingdom,ENABLED,GBP,£60.0,Automatic targeting,Fixed bids,2533713,,13745,,0.542%,£1800.72,,£0.13100910000000002,£0.0,1822,4.891%,20.45,£36818.38
"Dec 01, 2025","Dec 31, 2025","# Campaign Bid Trial #",Sponsored Products,Project Candy V3 - Top 100 (May 2025) - Auto Low Bid with Multi - MJC,United Kingdom,ENABLED,GBP,£84.0,Automatic targeting,Dynamic bids - up and down,753153,,6389,,0.848%,£1316.38,,£0.2060385,£0.0,1320,6.141%,16.28,£21435.61
"Dec 01, 2025","Dec 31, 2025",No Portfolio,Sponsored Products,Manual Profit EXT Low Bid - Q4 - MJC,United Kingdom,ENABLED,GBP,£23.0,Manual targeting,Fixed bids,98183,38848,126,196,0.128%,£18.21,£27.55,£0.1445238,£0.1405612,66,2.726%,36.69,£668.09
"Dec 01, 2025","Dec 31, 2025","# Campaign Bid Trial #",Sponsored Products,(B2B Multiplier Test) Growers - Auto Low Bid - MJC,United Kingdom,ENABLED,GBP,£123.0,Automatic targeting,Dynamic bids - down only,259177,970730,1594,4153,0.615%,£260.22,£625.5,£0.1632497,£0.150614,186,5.801%,17.24,£4485.69
"Dec 01, 2025","Dec 31, 2025","# Campaign Bid Trial #",Sponsored Products,Keyword Research Low Bid (Category) - BRD PHR - SD,United Kingdom,ENABLED,GBP,£42.0,Manual targeting,Fixed bids,1339555,2100120,5016,5279,0.374%,£672.15,£760.42,£0.1340012,£0.14404619999999999,508,5.667%,17.64,£11859.99
"Jan 01, 2026","Jan 31, 2026","# Campaign Bid Trial #",Sponsored Products,Keyword Research Low Bid (Category) - BRD PHR - SD,United Kingdom,ENABLED,GBP,£42.0,Manual targeting,Fixed bids,1163156,1979599,5478,5668,0.471%,£719.43,£881.42,£0.1313308,£0.1555081,510,6.014%,16.63,£11961.68
"Jan 01, 2026","Jan 31, 2026",No Portfolio,Sponsored Products,New Selection September 23 - Auto - MJC,United Kingdom,ENABLED,GBP,£63.0,Automatic targeting,Dynamic bids - down only,153315,388129,706,1896,0.45999999999999996%,£88.87,£245.66,£0.1258782,£0.1295675,111,5.37%,18.62,£1655.03
"Jan 01, 2026","Jan 31, 2026",No Portfolio,Sponsored Products,B2B SP Auto Low Bid - SD,United Kingdom,ENABLED,GBP,£78.0,Automatic targeting,Fixed bids,711155,,3856,,0.542%,£1109.14,,£0.28764,£0.0,1019,3.406%,29.36,£32561.81
"Jan 01, 2026","Jan 31, 2026",No Portfolio,Sponsored Products,Growers - Profit Low Bid - MJC,United Kingdom,ENABLED,GBP,£28.0,Manual targeting,Dynamic bids - down only,38204,37735,273,239,0.715%,£39.69,£38.71,£0.1453846,£0.1619665,19,8.437999999999999%,11.85,£470.37
"Jan 01, 2026","Jan 31, 2026",No Portfolio,Sponsored Products,Project Candy - Converting EXT - 20240710,United Kingdom,ENABLED,GBP,£25.0,Manual targeting,Fixed bids,151801,219094,704,884,0.464%,£99.49,£132.3,£0.141321,£0.1496606,101,5.092%,19.64,£1953.78
"Jan 01, 2026","Jan 31, 2026","# Campaign Bid Trial #",Sponsored Products,SP - PRIME DAY - Project Candy Low Bid with Multi,United Kingdom,ENABLED,GBP,£500.0,Automatic targeting,Dynamic bids - down only,5783446,,31434,,0.544%,£5280.09,,£0.1679738,£0.0,4851,4.715%,21.21,£111987.89
"Jan 01, 2026","Jan 31, 2026",No Portfolio,Sponsored Products,Droppers - Auto Low Bid - MJC,United Kingdom,ENABLED,GBP,£69.0,Automatic targeting,Dynamic bids - down only,182333,889508,1027,4041,0.563%,£147.94,£607.65,£0.1440506,£0.1503712,81,8.495999999999999%,11.77,£1741.36
"Jan 01, 2026","Jan 31, 2026",No Portfolio,Sponsored Products,PAT Profit May 2024,United Kingdom,ENABLED,GBP,£60.0,Manual targeting,Dynamic bids - up and down,227025,319157,2793,4739,1.23%,£642.41,£1036.08,£0.23000720000000002,£0.21862839999999997,589,5.241%,19.08,£12257.87
"Jan 01, 2026","Jan 31, 2026",No Portfolio,Sponsored Products,Auto Low Bid - Q1 2024 - Feb Deals - MJC,United Kingdom,ENABLED,GBP,£39.0,Automatic targeting,Fixed bids,268562,1359686,1028,5471,0.383%,£149.01,£786.29,£0.14495139999999998,£0.1437196,72,6.864000000000001%,14.57,£2171.0
"Jan 01, 2026","Jan 31, 2026",No Portfolio,Sponsored Products,Manual Profit EXT Low Bid - Q4 - MJC,United Kingdom,ENABLED,GBP,£23.0,Manual targeting,Fixed bids,48432,32688,208,177,0.42900000000000005%,£28.34,£26.62,£0.13625,£0.15039550000000002,17,10.106%,9.9,£280.43
"Jan 01, 2026","Jan 31, 2026",No Portfolio,Sponsored Products,Keyword Research Low Bid (Product Engagement) - BRD PHR - SD,United Kingdom,ENABLED,GBP,£23.0,Manual targeting,Fixed bids,1102887,1007463,4611,2580,0.418%,£618.89,£394.62,£0.1342203,£0.1529535,303,7.68%,13.02,£8058.37
"Jan 01, 2026","Jan 31, 2026",No Portfolio,Sponsored Products,Keyword Research Low Bid - BRD PHR - SD,United Kingdom,ENABLED,GBP,£63.0,Manual targeting,Dynamic bids - down only,1267320,1140317,7577,6037,0.598%,£1208.43,£972.25,£0.1594866,£0.16104849999999998,940,4.304%,23.24,£28078.36
"Jan 01, 2026","Jan 31, 2026",No Portfolio,Sponsored Products,"Core Keywords, Close Match EXT - Suggested Bid - SD",United Kingdom,ENABLED,GBP,£21.0,Manual targeting,Dynamic bids - down only,156753,197847,651,1053,0.415%,£116.71,£384.58,£0.17927800000000002,£0.3652232,156,2.653%,37.69,£4399.05
"Jan 01, 2026","Jan 31, 2026","# Campaign Bid Trial #",Sponsored Products,Project Candy V3 - Top 100 (May 2025) - Auto Low Bid with Multi - MJC,United Kingdom,ENABLED,GBP,£84.0,Automatic targeting,Dynamic bids - up and down,1017221,,7447,,0.732%,£1463.15,,£0.1964751,£0.0,1293,5.604%,17.84,£26108.67
"Jan 01, 2026","Jan 31, 2026",No Portfolio,Sponsored Products,Manual Profit EXT Low Bid - December 2023 - MJC,United Kingdom,ENABLED,GBP,£29.0,Manual targeting,Fixed bids,130007,199691,619,788,0.47600000000000003%,£86.02,£124.08,£0.1389661,£0.15746190000000002,84,4.516%,22.14,£1904.72
"Jan 01, 2026","Jan 31, 2026",No Portfolio,Sponsored Products,Manual Profit Expand BRD PHR Low Bid - Q2 2024 - MJC,United Kingdom,ENABLED,GBP,£21.0,Manual targeting,Fixed bids,313389,444038,1593,2338,0.508%,£206.98,£371.49,£0.12993090000000002,£0.1588922,133,5.778%,17.31,£3581.96
"Jan 01, 2026","Jan 31, 2026",No Portfolio,Sponsored Products,Droppers Profit - Low Bid - MJC,United Kingdom,ENABLED,GBP,£33.0,Manual targeting,Dynamic bids - down only,67705,139581,396,640,0.585%,£56.4,£97.66,£0.1424242,£0.1525938,53,4.944%,20.23,£1140.89
"Jan 01, 2026","Jan 31, 2026",No Portfolio,Sponsored Products,Project Candy - EV4 - Auto Low Bid - MJC,United Kingdom,ENABLED,GBP,£13.0,Automatic targeting,Dynamic bids - down only,103476,43878,632,343,0.611%,£82.8,£49.29,£0.13101269999999998,£0.1437026,19,11.919%,8.39,£694.7
"Jan 01, 2026","Jan 31, 2026",No Portfolio,Sponsored Products,Droppers - PAT Low Bid - MJC,United Kingdom,ENABLED,GBP,£28.0,Manual targeting,Dynamic bids - down only,112837,89391,1814,981,1.608%,£294.67,£164.48,£0.16244209999999998,£0.16766559999999997,282,6.0600000000000005%,16.5,£4862.34
"Jan 01, 2026","Jan 31, 2026",No Portfolio,Sponsored Products,Keyword Research Low Bid (Seasonal) - BRD PHR - SD,United Kingdom,ENABLED,GBP,£28.0,Manual targeting,Fixed bids,1228156,1499399,6106,5157,0.49699999999999994%,£867.76,£848.8,£0.14211600000000002,£0.1645918,395,6.99%,14.31,£12413.51
"Jan 01, 2026","Jan 31, 2026",No Portfolio,Sponsored Products,B2B Only 500% Multi Test - Project Candy Low Bid - MJC,United Kingdom,ENABLED,GBP,£48.0,Automatic targeting,Fixed bids,2127022,,12119,,0.5700000000000001%,£1240.65,,£0.1023723,£0.0,1252,4.703%,21.26,£26381.98
"Jan 01, 2026","Jan 31, 2026",No Portfolio,Sponsored Products,Home and Garden 2025 - Project Candy - Auto Low Bid - MJC,United Kingdom,ENABLED,GBP,£100.0,Automatic targeting,Fixed bids,812603,,4216,,0.519%,£564.68,,£0.13393739999999998,£0.0,475,5.982%,16.72,£9439.39
"Jan 01, 2026","Jan 31, 2026",No Portfolio,Sponsored Products,Keyword Research Low Bid Top Sellers 2 - BRD PHR - SD,United Kingdom,ENABLED,GBP,£15.0,Manual targeting,Fixed bids,127429,254437,667,1291,0.523%,£154.26,£269.52,£0.2312744,£0.20876840000000002,91,7.02%,14.25,£2197.44
"Jan 01, 2026","Jan 31, 2026",No Portfolio,Sponsored Products,SP - PBDD - Project Candy Low Bid - MJC,United Kingdom,ENABLED,GBP,£60.0,Automatic targeting,Fixed bids,2131922,,12164,,0.571%,£1550.27,,£0.1274474,£0.0,1614,4.054%,24.67,£38243.89
"Jan 01, 2026","Jan 31, 2026",No Portfolio,Sponsored Products,Manual Profit EXT Low Bid - Q2 2024 - MJC,United Kingdom,ENABLED,GBP,£19.0,Manual targeting,Fixed bids,119727,164513,653,765,0.545%,£93.67,£112.21,£0.1434456,£0.1466797,77,6.249%,16.0,£1498.97
"Jan 01, 2026","Jan 31, 2026",No Portfolio,Sponsored Products,Manual Profit Expand BRD PHR Low Bid - December 2023 - MJC,United Kingdom,ENABLED,GBP,£26.0,Manual targeting,Fixed bids,371030,460164,2035,2030,0.5479999999999999%,£240.4,£274.52,£0.1181327,£0.1352315,114,7.938000000000001%,12.6,£3028.43
"Jan 01, 2026","Jan 31, 2026",No Portfolio,Sponsored Products,Growers - PAT Low Bid - MJC,United Kingdom,ENABLED,GBP,£31.0,Manual targeting,Dynamic bids - down only,59876,46303,740,499,1.236%,£113.97,£80.35,£0.1540135,£0.161022,119,3.211%,31.15,£3549.74
"Jan 01, 2026","Jan 31, 2026","# Campaign Bid Trial #",Sponsored Products,(B2B Multiplier Test) Growers - Auto Low Bid - MJC,United Kingdom,ENABLED,GBP,£123.0,Automatic targeting,Dynamic bids - down only,105902,1072862,776,5734,0.733%,£92.66,£909.26,£0.1194072,£0.1585734,85,3.9890000000000003%,25.07,£2322.87
"Jan 01, 2026","Jan 31, 2026","# Campaign Bid Trial #",Sponsored Products,Keyword Research Low Bid (New Selection) - BRD PHR - SD,United Kingdom,ENABLED,GBP,£75.0,Manual targeting,Dynamic bids - up and down,840400,1255069,5482,6031,0.652%,£896.8,£1352.75,£0.16358989999999998,£0.2242995,610,5.478000000000001%,18.25,£16370.36
"Feb 01, 2026","Feb 28, 2026",No Portfolio,Sponsored Products,Project Candy - EV4 - Auto Low Bid - MJC,United Kingdom,ENABLED,GBP,£13.0,Automatic targeting,Dynamic bids - down only,69078,79088,571,425,0.827%,£79.57,£63.19,£0.139352,£0.1486824,14,12.280000000000001%,8.14,£647.98
"Feb 01, 2026","Feb 28, 2026",No Portfolio,Sponsored Products,Manual Profit Expand BRD PHR Low Bid - December 2023 - MJC,United Kingdom,ENABLED,GBP,£26.0,Manual targeting,Fixed bids,210839,392099,1281,1677,0.608%,£152.55,£239.03,£0.1190867,£0.1425343,132,4.324999999999999%,23.12,£3527.56
"Feb 01, 2026","Feb 28, 2026","# Campaign Bid Trial #",Sponsored Products,(B2B Multiplier Test) Growers - Auto Low Bid - MJC,United Kingdom,ENABLED,GBP,£123.0,Automatic targeting,Dynamic bids - down only,109387,1476456,631,7034,0.577%,£81.57,£1106.23,£0.129271,£0.157269,65,4.575%,21.86,£1782.92
"Feb 01, 2026","Feb 28, 2026",No Portfolio,Sponsored Products,Growers - PAT Low Bid - MJC,United Kingdom,ENABLED,GBP,£31.0,Manual targeting,Dynamic bids - down only,50548,38018,623,552,1.232%,£95.79,£88.33,£0.153756,£0.1600181,96,3.739%,26.75,£2561.92
"Feb 01, 2026","Feb 28, 2026","# Campaign Bid Trial #",Sponsored Products,SP - PRIME DAY - Project Candy Low Bid with Multi,United Kingdom,ENABLED,GBP,£500.0,Automatic targeting,Dynamic bids - down only,4240936,,22848,,0.539%,£4022.17,,£0.1760404,£0.0,3807,4.42%,22.62,£90994.56
"Feb 01, 2026","Feb 28, 2026","# Campaign Bid Trial #",Sponsored Products,Keyword Research Low Bid (New Selection) - BRD PHR - SD,United Kingdom,ENABLED,GBP,£75.0,Manual targeting,Dynamic bids - up and down,802330,1561204,3950,6178,0.492%,£655.57,£1438.32,£0.1659671,£0.2328132,552,4.788%,20.89,£13693.36
"Feb 01, 2026","Feb 28, 2026",No Portfolio,Sponsored Products,PAT Profit May 2024,United Kingdom,ENABLED,GBP,£60.0,Manual targeting,Dynamic bids - up and down,194073,284983,2706,4042,1.394%,£629.96,£881.83,£0.2328012,£0.2181667,586,4.859%,20.58,£12965.52
"Feb 01, 2026","Feb 28, 2026",No Portfolio,Sponsored Products,Keyword Research Low Bid (Product Engagement) - BRD PHR - SD,United Kingdom,ENABLED,GBP,£23.0,Manual targeting,Fixed bids,735249,560729,3582,1583,0.48700000000000004%,£466.57,£217.62,£0.13025399999999998,£0.1374732,215,8.728%,11.46,£5345.83
"Feb 01, 2026","Feb 28, 2026",No Portfolio,Sponsored Products,Droppers - Auto Low Bid - MJC,United Kingdom,ENABLED,GBP,£69.0,Automatic targeting,Dynamic bids - down only,131471,881424,802,3454,0.61%,£113.74,£485.85,£0.1418204,£0.140663,69,7.384%,13.54,£1540.3
"Feb 01, 2026","Feb 28, 2026",No Portfolio,Sponsored Products,Manual Profit EXT Low Bid - December 2023 - MJC,United Kingdom,ENABLED,GBP,£29.0,Manual targeting,Fixed bids,108799,175834,521,809,0.479%,£72.96,£121.61,£0.1400384,£0.1503214,68,4.688%,21.33,£1556.43
"Feb 01, 2026","Feb 28, 2026",No Portfolio,Sponsored Products,Manual Profit EXT Low Bid - Q4 - MJC,United Kingdom,ENABLED,GBP,£23.0,Manual targeting,Fixed bids,21603,18233,97,121,0.449%,£14.13,£17.38,£0.1456701,£0.1436364,12,8.072%,12.39,£175.05
"Feb 01, 2026","Feb 28, 2026",No Portfolio,Sponsored Products,Growers - Profit Low Bid - MJC,United Kingdom,ENABLED,GBP,£28.0,Manual targeting,Dynamic bids - down only,30737,48039,245,282,0.7969999999999999%,£37.62,£44.46,£0.153551,£0.1576596,42,3.311%,30.21,£1136.33
"Feb 01, 2026","Feb 28, 2026",No Portfolio,Sponsored Products,Keyword Research Low Bid Top Sellers 2 - BRD PHR - SD,United Kingdom,ENABLED,GBP,£15.0,Manual targeting,Fixed bids,121500,255264,520,1478,0.428%,£125.84,£298.69,£0.242,£0.2020907,58,10.056%,9.94,£1251.37
"Feb 01, 2026","Feb 28, 2026","# Campaign Bid Trial #",Sponsored Products,Project Candy V3 - Top 100 (May 2025) - Auto Low Bid with Multi - MJC,United Kingdom,ENABLED,GBP,£84.0,Automatic targeting,Dynamic bids - up and down,794138,,5939,,0.748%,£1165.04,,£0.1961677,£0.0,1193,4.791%,20.87,£24316.03
"Feb 01, 2026","Feb 28, 2026",No Portfolio,Sponsored Products,Auto Low Bid - Q1 2024 - Feb Deals - MJC,United Kingdom,ENABLED,GBP,£39.0,Automatic targeting,Fixed bids,212343,657840,831,3158,0.391%,£121.23,£438.7,£0.1458845,£0.138917,53,7.982%,12.53,£1518.84
"Feb 01, 2026","Feb 28, 2026",No Portfolio,Sponsored Products,SP - PBDD - Project Candy Low Bid - MJC,United Kingdom,ENABLED,GBP,£60.0,Automatic targeting,Fixed bids,2115674,,10970,,0.519%,£1399.91,,£0.1276126,£0.0,1623,3.914%,25.55,£35765.51
"Feb 01, 2026","Feb 28, 2026",No Portfolio,Sponsored Products,Keyword Research Low Bid - BRD PHR - SD,United Kingdom,ENABLED,GBP,£63.0,Manual targeting,Dynamic bids - down only,1127230,1137670,5437,5619,0.482%,£892.79,£876.99,£0.16420639999999997,£0.15607580000000001,781,3.7990000000000004%,26.32,£23502.54
"Feb 01, 2026","Feb 28, 2026",No Portfolio,Sponsored Products,Manual Profit EXT Low Bid - Q2 2024 - MJC,United Kingdom,ENABLED,GBP,£19.0,Manual targeting,Fixed bids,112107,155237,615,761,0.549%,£88.49,£109.85,£0.1438862,£0.14434950000000002,57,5.958%,16.78,£1485.11
"Feb 01, 2026","Feb 28, 2026","# Campaign Bid Trial #",Sponsored Products,Keyword Research Low Bid (Category) - BRD PHR - SD,United Kingdom,ENABLED,GBP,£42.0,Manual targeting,Fixed bids,839596,1527984,4814,5535,0.573%,£634.49,£838.5,£0.131801,£0.1514905,459,6.371%,15.7,£9959.21
"Feb 01, 2026","Feb 28, 2026",No Portfolio,Sponsored Products,Keyword Research Low Bid (Seasonal) - BRD PHR - SD,United Kingdom,ENABLED,GBP,£28.0,Manual targeting,Fixed bids,1137915,1401208,5000,4565,0.439%,£713.07,£722.59,£0.142614,£0.1582892,340,7.470000000000001%,13.39,£9545.26
"Feb 01, 2026","Feb 28, 2026",No Portfolio,Sponsored Products,Droppers Profit - Low Bid - MJC,United Kingdom,ENABLED,GBP,£33.0,Manual targeting,Dynamic bids - down only,57835,170206,364,854,0.629%,£52.06,£131.74,£0.14302199999999998,£0.1542623,54,4.519%,22.13,£1152.01
"Feb 01, 2026","Feb 28, 2026",No Portfolio,Sponsored Products,B2B Only 500% Multi Test - Project Candy Low Bid - MJC,United Kingdom,ENABLED,GBP,£48.0,Automatic targeting,Fixed bids,1579185,,10155,,0.643%,£1058.46,,£0.1042304,£0.0,1040,4.989%,20.04,£21214.68
"Feb 01, 2026","Feb 28, 2026",No Portfolio,Sponsored Products,B2B SP Auto Low Bid - SD,United Kingdom,ENABLED,GBP,£78.0,Automatic targeting,Fixed bids,761069,,3765,,0.49500000000000005%,£1081.88,,£0.2873519,£0.0,1114,2.9690000000000003%,33.69,£36445.08
"Feb 01, 2026","Feb 28, 2026",No Portfolio,Sponsored Products,Droppers - PAT Low Bid - MJC,United Kingdom,ENABLED,GBP,£28.0,Manual targeting,Dynamic bids - down only,74255,75331,884,847,1.1900000000000002%,£150.78,£131.53,£0.1705656,£0.15528930000000002,99,7.896%,12.66,£1909.62
"Feb 01, 2026","Feb 28, 2026",No Portfolio,Sponsored Products,Home and Garden 2025 - Project Candy - Auto Low Bid - MJC,United Kingdom,ENABLED,GBP,£100.0,Automatic targeting,Fixed bids,695009,,3600,,0.518%,£499.51,,£0.1387528,£0.0,380,7.2330000000000005%,13.83,£6906.38
"Feb 01, 2026","Feb 28, 2026",No Portfolio,Sponsored Products,New Selection September 23 - Auto - MJC,United Kingdom,ENABLED,GBP,£63.0,Automatic targeting,Dynamic bids - down only,165063,364802,687,1602,0.416%,£83.45,£189.8,£0.1214702,£0.1184769,88,5.798%,17.25,£1439.31
"Feb 01, 2026","Feb 28, 2026",No Portfolio,Sponsored Products,Project Candy - Converting EXT - 20240710,United Kingdom,ENABLED,GBP,£25.0,Manual targeting,Fixed bids,140763,196934,729,998,0.518%,£103.11,£140.22,£0.14144030000000002,£0.14050100000000001,97,4.744000000000001%,21.08,£2173.69
"Feb 01, 2026","Feb 28, 2026",No Portfolio,Sponsored Products,Manual Profit Expand BRD PHR Low Bid - Q2 2024 - MJC,United Kingdom,ENABLED,GBP,£21.0,Manual targeting,Fixed bids,216671,255535,1390,1565,0.642%,£181.65,£223.85,£0.1306835,£0.1430351,116,6.8260000000000005%,14.65,£2661.15
"Feb 01, 2026","Feb 28, 2026",No Portfolio,Sponsored Products,"Core Keywords, Close Match EXT - Suggested Bid - SD",United Kingdom,ENABLED,GBP,£21.0,Manual targeting,Dynamic bids - down only,134703,133202,512,782,0.38%,£94.09,£137.24,£0.1837695,£0.17549869999999998,97,4.0%,25.0,£2352.26
"Mar 01, 2026","Mar 31, 2026",No Portfolio,Sponsored Products,Droppers Profit - Low Bid - MJC,United Kingdom,ENABLED,GBP,£33.0,Manual targeting,Dynamic bids - down only,69710,214617,445,1093,0.638%,£65.57,£168.0,£0.14734830000000002,£0.1537054,81,4.1290000000000004%,24.22,£1588.15
"Mar 01, 2026","Mar 31, 2026",No Portfolio,Sponsored Products,Manual Profit Expand BRD PHR Low Bid - Q2 2024 - MJC,United Kingdom,ENABLED,GBP,£21.0,Manual targeting,Fixed bids,197853,312558,1219,1896,0.616%,£160.64,£262.56,£0.1317801,£0.138481,151,5.025%,19.9,£3196.51
"Mar 01, 2026","Mar 31, 2026","# Campaign Bid Trial #",Sponsored Products,Keyword Research Low Bid (Category) - BRD PHR - SD,United Kingdom,ENABLED,GBP,£42.0,Manual targeting,Fixed bids,868144,1862570,3823,6410,0.44%,£505.86,£961.54,£0.1323202,£0.1500062,519,4.877%,20.5,£10371.42
"Mar 01, 2026","Mar 31, 2026",No Portfolio,Sponsored Products,"Core Keywords, Close Match EXT - Suggested Bid - SD",United Kingdom,ENABLED,GBP,£21.0,Manual targeting,Dynamic bids - down only,118210,395968,613,1497,0.519%,£111.81,£297.3,£0.18239799999999998,£0.1985972,121,3.351%,29.84,£3336.94
"Mar 01, 2026","Mar 31, 2026","# Campaign Bid Trial #",Sponsored Products,Keyword Research Low Bid (New Selection) - BRD PHR - SD,United Kingdom,ENABLED,GBP,£75.0,Manual targeting,Dynamic bids - up and down,543163,2187284,1991,6577,0.367%,£336.54,£1641.16,£0.1690306,£0.24953019999999998,357,4.393%,22.76,£7661.15
"Mar 01, 2026","Mar 31, 2026",No Portfolio,Sponsored Products,Keyword Research Low Bid (Seasonal) - BRD PHR - SD,United Kingdom,ENABLED,GBP,£28.0,Manual targeting,Fixed bids,863317,1342922,2960,3504,0.34299999999999997%,£424.99,£546.04,£0.1435777,£0.1558333,258,7.180000000000001%,13.93,£5919.44
"Mar 01, 2026","Mar 31, 2026",No Portfolio,Sponsored Products,Droppers - Auto Low Bid - MJC,United Kingdom,ENABLED,GBP,£69.0,Automatic targeting,Dynamic bids - down only,99834,1089381,541,4040,0.542%,£80.5,£574.03,£0.1487985,£0.1420866,73,5.634%,17.75,£1428.71
"Mar 01, 2026","Mar 31, 2026",No Portfolio,Sponsored Products,Auto Low Bid - Q1 2024 - Feb Deals - MJC,United Kingdom,ENABLED,GBP,£39.0,Automatic targeting,Fixed bids,151865,620637,584,2734,0.385%,£86.34,£374.85,£0.1478425,£0.1371068,42,10.986%,9.1,£785.9
"Mar 01, 2026","Mar 31, 2026",No Portfolio,Sponsored Products,Growers - Profit Low Bid - MJC,United Kingdom,ENABLED,GBP,£28.0,Manual targeting,Dynamic bids - down only,23494,36643,120,217,0.511%,£17.79,£32.14,£0.14825,£0.14811059999999998,21,3.6479999999999997%,27.41,£487.63
"Mar 01, 2026","Mar 31, 2026",No Portfolio,Sponsored Products,Keyword Research Low Bid Top Sellers 2 - BRD PHR - SD,United Kingdom,ENABLED,GBP,£15.0,Manual targeting,Fixed bids,136881,365863,630,1852,0.45999999999999996%,£144.14,£360.87,£0.22879370000000002,£0.1948542,101,7.045%,14.2,£2046.08
"Mar 01, 2026","Mar 31, 2026",No Portfolio,Sponsored Products,B2B Only 500% Multi Test - Project Candy Low Bid - MJC,United Kingdom,ENABLED,GBP,£48.0,Automatic targeting,Fixed bids,1080653,,8331,,0.771%,£843.26,,£0.1012195,£0.0,1064,4.324999999999999%,23.12,£19495.64
"Mar 01, 2026","Mar 31, 2026",No Portfolio,Sponsored Products,PAT Profit May 2024,United Kingdom,ENABLED,GBP,£60.0,Manual targeting,Dynamic bids - up and down,194156,311305,3605,4559,1.857%,£905.64,£1053.56,£0.2512178,£0.23109449999999998,895,5.0360000000000005%,19.86,£17983.73
"Mar 01, 2026","Mar 31, 2026",No Portfolio,Sponsored Products,Manual Profit EXT Low Bid - December 2023 - MJC,United Kingdom,ENABLED,GBP,£29.0,Manual targeting,Fixed bids,116617,154981,474,707,0.406%,£66.6,£104.8,£0.1405063,£0.148232,77,3.5479999999999996%,28.18,£1877.06
"Mar 01, 2026","Mar 31, 2026",No Portfolio,Sponsored Products,Keyword Research Low Bid - BRD PHR - SD,United Kingdom,ENABLED,GBP,£63.0,Manual targeting,Dynamic bids - down only,838976,1172175,3401,4357,0.40499999999999997%,£567.5,£669.05,£0.1668627,£0.1535575,572,3.3779999999999997%,29.61,£16801.73
"Mar 01, 2026","Mar 31, 2026",No Portfolio,Sponsored Products,Project Candy - EV4 - Auto Low Bid - MJC,United Kingdom,ENABLED,GBP,£13.0,Automatic targeting,Dynamic bids - down only,53970,82406,392,488,0.726%,£52.91,£72.71,£0.1349745,£0.1489959,14,6.8309999999999995%,14.64,£774.58
"Mar 01, 2026","Mar 31, 2026",No Portfolio,Sponsored Products,New Selection September 23 - Auto - MJC,United Kingdom,ENABLED,GBP,£63.0,Automatic targeting,Dynamic bids - down only,197767,475920,1001,2230,0.506%,£134.13,£274.14,£0.133996,£0.12293269999999999,132,6.328%,15.8,£2119.72
"Mar 01, 2026","Mar 31, 2026",No Portfolio,Sponsored Products,Droppers - PAT Low Bid - MJC,United Kingdom,ENABLED,GBP,£28.0,Manual targeting,Dynamic bids - down only,76279,78917,1198,1066,1.5709999999999997%,£196.79,£163.12,£0.1642654,£0.1530206,209,5.35%,18.69,£3678.2
"Mar 01, 2026","Mar 31, 2026",No Portfolio,Sponsored Products,Manual Profit EXT Low Bid - Q2 2024 - MJC,United Kingdom,ENABLED,GBP,£19.0,Manual targeting,Fixed bids,111001,153314,517,744,0.466%,£75.73,£107.54,£0.14647970000000002,£0.144543,88,4.6%,21.74,£1646.24
"Mar 01, 2026","Mar 31, 2026","# Campaign Bid Trial #",Sponsored Products,Project Candy V3 - Top 100 (May 2025) - Auto Low Bid with Multi - MJC,United Kingdom,ENABLED,GBP,£84.0,Automatic targeting,Dynamic bids - up and down,1057814,,6426,,0.607%,£1263.85,,£0.1966776,£0.0,1460,5.392%,18.55,£23438.75
"Mar 01, 2026","Mar 31, 2026",No Portfolio,Sponsored Products,Project Candy - Converting EXT - 20240710,United Kingdom,ENABLED,GBP,£25.0,Manual targeting,Fixed bids,126258,254735,726,1419,0.575%,£103.8,£201.4,£0.1429752,£0.1419309,107,5.218%,19.16,£1989.14
"Mar 01, 2026","Mar 31, 2026",No Portfolio,Sponsored Products,Growers - PAT Low Bid - MJC,United Kingdom,ENABLED,GBP,£31.0,Manual targeting,Dynamic bids - down only,48570,62138,519,717,1.069%,£79.38,£112.45,£0.152948,£0.156834,80,3.44%,29.07,£2307.53
"Mar 01, 2026","Mar 31, 2026","# Campaign Bid Trial #",Sponsored Products,SP - PRIME DAY - Project Candy Low Bid with Multi,United Kingdom,ENABLED,GBP,£500.0,Automatic targeting,Dynamic bids - down only,2697821,,14845,,0.5499999999999999%,£2830.25,,£0.1906534,£0.0,3155,4.0969999999999995%,24.41,£69088.89
"Mar 01, 2026","Mar 31, 2026",No Portfolio,Sponsored Products,Manual Profit Expand BRD PHR Low Bid - December 2023 - MJC,United Kingdom,ENABLED,GBP,£26.0,Manual targeting,Fixed bids,197560,412376,1006,1768,0.509%,£121.48,£241.41,£0.1207555,£0.1365441,105,5.522%,18.11,£2200.09
"Mar 01, 2026","Mar 31, 2026",No Portfolio,Sponsored Products,B2B SP Auto Low Bid - SD,United Kingdom,ENABLED,GBP,£78.0,Automatic targeting,Fixed bids,1123139,,4573,,0.407%,£1367.0,,£0.2989285,£0.0,1780,2.451%,40.79,£55764.03
"Mar 01, 2026","Mar 31, 2026",No Portfolio,Sponsored Products,Manual Profit EXT Low Bid - Q4 - MJC,United Kingdom,ENABLED,GBP,£23.0,Manual targeting,Fixed bids,17264,22102,94,133,0.544%,£13.47,£18.82,£0.14329789999999998,£0.1415038,20,6.404%,15.62,£210.34
"Mar 01, 2026","Mar 31, 2026",No Portfolio,Sponsored Products,SP - PBDD - Project Candy Low Bid - MJC,United Kingdom,ENABLED,GBP,£60.0,Automatic targeting,Fixed bids,2549880,,11229,,0.44%,£1476.32,,£0.1314739,£0.0,1772,4.216%,23.72,£35017.94
"Mar 01, 2026","Mar 31, 2026",No Portfolio,Sponsored Products,Keyword Research Low Bid (Product Engagement) - BRD PHR - SD,United Kingdom,ENABLED,GBP,£23.0,Manual targeting,Fixed bids,522869,711167,1397,1746,0.267%,£172.07,£239.74,£0.12317109999999999,£0.1373081,120,6.135%,16.3,£2804.81
"Mar 01, 2026","Mar 31, 2026","# Campaign Bid Trial #",Sponsored Products,(B2B Multiplier Test) Growers - Auto Low Bid - MJC,United Kingdom,ENABLED,GBP,£123.0,Automatic targeting,Dynamic bids - down only,35859,1746036,353,7801,0.984%,£56.79,£1207.43,£0.1608782,£0.1547789,93,1.7260000000000002%,57.93,£3289.78
"Mar 01, 2026","Mar 31, 2026",No Portfolio,Sponsored Products,Home and Garden 2025 - Project Candy - Auto Low Bid - MJC,United Kingdom,ENABLED,GBP,£100.0,Automatic targeting,Fixed bids,641725,,3537,,0.551%,£487.75,,£0.1378993,£0.0,462,5.835%,17.14,£8358.85
"Apr 01, 2026","Apr 30, 2026",No Portfolio,Sponsored Products,New Selection September 23 - Auto - MJC,United Kingdom,ENABLED,GBP,£63.0,Automatic targeting,Dynamic bids - down only,189747,569720,995,2976,0.524%,£141.09,£381.99,£0.141799,£0.1283569,82,9.236%,10.83,£1527.63
"Apr 01, 2026","Apr 30, 2026",No Portfolio,Sponsored Products,Droppers Profit - Low Bid - MJC,United Kingdom,ENABLED,GBP,£33.0,Manual targeting,Dynamic bids - down only,47224,149548,241,646,0.51%,£34.35,£99.19,£0.1425311,£0.1535449,44,3.752%,26.65,£915.54
"Apr 01, 2026","Apr 30, 2026",No Portfolio,Sponsored Products,Project Candy - EV4 - Auto Low Bid - MJC,United Kingdom,ENABLED,GBP,£13.0,Automatic targeting,Dynamic bids - down only,30628,78993,262,364,0.855%,£35.75,£53.6,£0.1364504,£0.14725270000000001,8,9.315%,10.73,£383.77
"Apr 01, 2026","Apr 30, 2026",No Portfolio,Sponsored Products,Growers - Profit Low Bid - MJC,United Kingdom,ENABLED,GBP,£28.0,Manual targeting,Dynamic bids - down only,20695,28612,119,148,0.575%,£17.81,£22.8,£0.14966390000000002,£0.1540541,20,3.512%,28.48,£507.17
"Apr 01, 2026","Apr 30, 2026",No Portfolio,Sponsored Products,Manual Profit EXT Low Bid - December 2023 - MJC,United Kingdom,ENABLED,GBP,£29.0,Manual targeting,Fixed bids,46196,125548,280,444,0.606%,£39.39,£66.46,£0.1406786,£0.1496847,30,6.260000000000001%,15.97,£629.2
"Apr 01, 2026","Apr 30, 2026","# Campaign Bid Trial #",Sponsored Products,SP - PRIME DAY - Project Candy Low Bid with Multi,United Kingdom,ENABLED,GBP,£500.0,Automatic targeting,Dynamic bids - down only,2228839,,10668,,0.479%,£2007.44,,£0.18817399999999998,£0.0,2247,3.833%,26.09,£52369.13
"Apr 01, 2026","Apr 30, 2026",No Portfolio,Sponsored Products,B2B Only 500% Multi Test - Project Candy Low Bid - MJC,United Kingdom,ENABLED,GBP,£48.0,Automatic targeting,Fixed bids,679153,,5199,,0.766%,£543.58,,£0.1045547,£0.0,732,4.887%,20.46,£11122.71
"Apr 01, 2026","Apr 30, 2026",No Portfolio,Sponsored Products,Growers - PAT Low Bid - MJC,United Kingdom,ENABLED,GBP,£31.0,Manual targeting,Dynamic bids - down only,28833,48715,363,542,1.2590000000000001%,£59.16,£90.79,£0.1629752,£0.1675092,54,4.481%,22.32,£1320.23
"Apr 01, 2026","Apr 30, 2026",No Portfolio,Sponsored Products,Auto Low Bid - Q1 2024 - Feb Deals - MJC,United Kingdom,ENABLED,GBP,£39.0,Automatic targeting,Fixed bids,116364,517742,430,2311,0.37%,£63.17,£328.57,£0.146907,£0.1421765,40,6.199000000000001%,16.13,£1019.1
"Apr 01, 2026","Apr 30, 2026",No Portfolio,Sponsored Products,Droppers - PAT Low Bid - MJC,United Kingdom,ENABLED,GBP,£28.0,Manual targeting,Dynamic bids - down only,77430,65864,1335,941,1.7239999999999998%,£223.65,£145.0,£0.1675281,£0.15409140000000002,251,5.292%,18.9,£4226.24
"Apr 01, 2026","Apr 30, 2026",No Portfolio,Sponsored Products,Keyword Research Low Bid Top Sellers 2 - BRD PHR - SD,United Kingdom,ENABLED,GBP,£15.0,Manual targeting,Fixed bids,131967,290226,462,1618,0.35000000000000003%,£118.3,£311.22,£0.25606059999999997,£0.1923486,86,4.728000000000001%,21.15,£2502.31
"Apr 01, 2026","Apr 30, 2026",No Portfolio,Sponsored Products,Home and Garden 2025 - Project Candy - Auto Low Bid - MJC,United Kingdom,ENABLED,GBP,£100.0,Automatic targeting,Fixed bids,451737,,2442,,0.541%,£332.58,,£0.1361916,£0.0,340,5.26%,19.01,£6323.08
"Apr 01, 2026","Apr 30, 2026",No Portfolio,Sponsored Products,Manual Profit EXT Low Bid - Q4 - MJC,United Kingdom,ENABLED,GBP,£23.0,Manual targeting,Fixed bids,10850,17416,62,107,0.571%,£9.05,£15.36,£0.1459677,£0.1435514,10,6.643000000000001%,15.05,£136.23
"Apr 01, 2026","Apr 30, 2026",No Portfolio,Sponsored Products,Droppers - Auto Low Bid - MJC,United Kingdom,ENABLED,GBP,£69.0,Automatic targeting,Dynamic bids - down only,83641,744758,394,3133,0.471%,£58.77,£461.98,£0.1491624,£0.14745609999999998,47,5.81%,17.21,£1011.57
"Apr 01, 2026","Apr 30, 2026",No Portfolio,Sponsored Products,Keyword Research Low Bid - BRD PHR - SD,United Kingdom,ENABLED,GBP,£63.0,Manual targeting,Dynamic bids - down only,519450,913994,2244,3340,0.432%,£380.64,£523.38,£0.1696257,£0.1567006,378,2.956%,33.83,£12876.27
"Apr 01, 2026","Apr 30, 2026",No Portfolio,Sponsored Products,Manual Profit Expand BRD PHR Low Bid - December 2023 - MJC,United Kingdom,ENABLED,GBP,£26.0,Manual targeting,Fixed bids,89414,306908,563,1376,0.63%,£69.77,£188.44,£0.1239254,£0.1369477,65,4.42%,22.62,£1578.54
"Apr 01, 2026","Apr 30, 2026","# Campaign Bid Trial #",Sponsored Products,Keyword Research Low Bid (Category) - BRD PHR - SD,United Kingdom,ENABLED,GBP,£42.0,Manual targeting,Fixed bids,457465,1397611,2278,5018,0.498%,£300.26,£778.69,£0.1318086,£0.1551794,320,4.698%,21.28,£6390.81
"Apr 01, 2026","Apr 30, 2026",No Portfolio,Sponsored Products,Keyword Research Low Bid (Seasonal) - BRD PHR - SD,United Kingdom,ENABLED,GBP,£28.0,Manual targeting,Fixed bids,568847,1107108,1608,2808,0.28300000000000003%,£229.87,£444.63,£0.142954,£0.158344,131,7.08%,14.12,£3246.86
"Apr 01, 2026","Apr 30, 2026","# Campaign Bid Trial #",Sponsored Products,(B2B Multiplier Test) Growers - Auto Low Bid - MJC,United Kingdom,ENABLED,GBP,£123.0,Automatic targeting,Dynamic bids - down only,36359,1381811,291,6499,0.8%,£48.68,£1029.17,£0.1672852,£0.1583582,75,1.704%,58.69,£2856.94
"Apr 01, 2026","Apr 30, 2026",No Portfolio,Sponsored Products,PAT Profit May 2024,United Kingdom,ENABLED,GBP,£60.0,Manual targeting,Dynamic bids - up and down,165664,265223,3593,4404,2.169%,£935.38,£1102.73,£0.260334,£0.2503928,1019,4.623%,21.63,£20231.3
"Apr 01, 2026","Apr 30, 2026",No Portfolio,Sponsored Products,"Core Keywords, Close Match EXT - Suggested Bid - SD",United Kingdom,ENABLED,GBP,£21.0,Manual targeting,Dynamic bids - down only,94615,220952,336,911,0.35500000000000004%,£61.47,£186.31,£0.1829464,£0.20451149999999998,85,2.862%,34.94,£2147.72
"Apr 01, 2026","Apr 30, 2026",No Portfolio,Sponsored Products,Manual Profit EXT Low Bid - Q2 2024 - MJC,United Kingdom,ENABLED,GBP,£19.0,Manual targeting,Fixed bids,97841,145163,498,692,0.509%,£72.24,£102.33,£0.1450602,£0.1478757,81,5.094%,19.63,£1418.27
"Apr 01, 2026","Apr 30, 2026",No Portfolio,Sponsored Products,Project Candy - Converting EXT - 20240710,United Kingdom,ENABLED,GBP,£25.0,Manual targeting,Fixed bids,81492,230950,466,1257,0.5720000000000001%,£67.01,£180.06,£0.1437983,£0.14324579999999998,57,5.406%,18.5,£1239.62
"Apr 01, 2026","Apr 30, 2026","# Campaign Bid Trial #",Sponsored Products,Project Candy V3 - Top 100 (May 2025) - Auto Low Bid with Multi - MJC,United Kingdom,ENABLED,GBP,£84.0,Automatic targeting,Dynamic bids - up and down,951915,,6255,,0.657%,£1233.28,,£0.19716709999999998,£0.0,1643,4.902%,20.4,£25157.89
"Apr 01, 2026","Apr 30, 2026",No Portfolio,Sponsored Products,B2B SP Auto Low Bid - SD,United Kingdom,ENABLED,GBP,£78.0,Automatic targeting,Fixed bids,768860,,3679,,0.479%,£1101.53,,£0.2994102,£0.0,1467,2.318%,43.14,£47523.12
"Apr 01, 2026","Apr 30, 2026",No Portfolio,Sponsored Products,Manual Profit Expand BRD PHR Low Bid - Q2 2024 - MJC,United Kingdom,ENABLED,GBP,£21.0,Manual targeting,Fixed bids,124435,260584,814,1494,0.654%,£108.32,£204.68,£0.1330713,£0.1370013,97,5.521%,18.11,£1962.0
"Apr 01, 2026","Apr 30, 2026",No Portfolio,Sponsored Products,Keyword Research Low Bid (Product Engagement) - BRD PHR - SD,United Kingdom,ENABLED,GBP,£23.0,Manual targeting,Fixed bids,280816,599893,877,1418,0.312%,£106.32,£200.21,£0.1212315,£0.1411918,64,5.804%,17.23,£1831.96
"Apr 01, 2026","Apr 30, 2026",No Portfolio,Sponsored Products,SP - PBDD - Project Candy Low Bid - MJC,United Kingdom,ENABLED,GBP,£60.0,Automatic targeting,Fixed bids,1764505,,8970,,0.508%,£1155.25,,£0.1287904,£0.0,1427,3.987%,25.08,£28975.11
"Apr 01, 2026","Apr 30, 2026","# Campaign Bid Trial #",Sponsored Products,Keyword Research Low Bid (New Selection) - BRD PHR - SD,United Kingdom,ENABLED,GBP,£75.0,Manual targeting,Dynamic bids - up and down,306857,1392578,1050,5143,0.34199999999999997%,£175.35,£1357.94,£0.16699999999999998,£0.2640366,168,4.361000000000001%,22.93,£4020.75
"May 01, 2026","May 31, 2026",No Portfolio,Sponsored Products,Droppers - Auto Low Bid - MJC,United Kingdom,ENABLED,GBP,£69.0,Automatic targeting,Dynamic bids - down only,139830,653885,457,2658,0.327%,£68.22,£398.26,£0.1492779,£0.14983449999999998,51,6.367000000000001%,15.71,£1071.47
"May 01, 2026","May 31, 2026",No Portfolio,Sponsored Products,Keyword Research Low Bid - BRD PHR - SD,United Kingdom,ENABLED,GBP,£63.0,Manual targeting,Dynamic bids - down only,990247,910702,2317,3249,0.234%,£399.0,£514.8,£0.1722054,£0.1584488,399,2.956%,33.83,£13496.45
"May 01, 2026","May 31, 2026",No Portfolio,Sponsored Products,Manual Profit EXT Low Bid - December 2023 - MJC,United Kingdom,ENABLED,GBP,£29.0,Manual targeting,Fixed bids,94656,91406,452,458,0.47800000000000004%,£63.98,£69.65,£0.1415487,£0.15207420000000002,72,4.973000000000001%,20.11,£1286.44
"May 01, 2026","May 31, 2026",No Portfolio,Sponsored Products,Manual Profit EXT Low Bid - Q2 2024 - MJC,United Kingdom,ENABLED,GBP,£19.0,Manual targeting,Fixed bids,169754,112819,666,679,0.392%,£96.66,£100.18,£0.1451351,£0.1475405,82,5.795999999999999%,17.25,£1667.62
"May 01, 2026","May 31, 2026",No Portfolio,Sponsored Products,Keyword Research Low Bid Top Sellers 2 - BRD PHR - SD,United Kingdom,ENABLED,GBP,£15.0,Manual targeting,Fixed bids,263697,316249,637,1628,0.242%,£161.38,£321.1,£0.2533438,£0.19723590000000002,97,5.883%,17.0,£2742.96
"May 01, 2026","May 31, 2026","# Campaign Bid Trial #",Sponsored Products,(B2B Multiplier Test) Growers - Auto Low Bid - MJC,United Kingdom,ENABLED,GBP,£123.0,Automatic targeting,Dynamic bids - down only,45163,1047048,300,4777,0.664%,£50.25,£774.08,£0.1675,£0.1620431,62,2.247%,44.5,£2235.95
"May 01, 2026","May 31, 2026",No Portfolio,Sponsored Products,New Selection September 23 - Auto - MJC,United Kingdom,ENABLED,GBP,£63.0,Automatic targeting,Dynamic bids - down only,327330,452837,1823,2716,0.557%,£269.18,£364.26,£0.1476577,£0.1341163,166,10.226%,9.78,£2632.42
"May 01, 2026","May 31, 2026",No Portfolio,Sponsored Products,Manual Profit Expand BRD PHR Low Bid - December 2023 - MJC,United Kingdom,ENABLED,GBP,£26.0,Manual targeting,Fixed bids,137385,203794,687,988,0.5%,£83.94,£134.39,£0.1221834,£0.1360223,86,3.781%,26.44,£2219.77
"May 01, 2026","May 31, 2026",No Portfolio,Sponsored Products,Project Candy - Converting EXT - 20240710,United Kingdom,ENABLED,GBP,£25.0,Manual targeting,Fixed bids,122902,233053,587,1211,0.47800000000000004%,£83.26,£176.12,£0.1418399,£0.1454335,88,3.627%,27.57,£2295.31
"May 01, 2026","May 31, 2026",No Portfolio,Sponsored Products,B2B Only 500% Multi Test - Project Candy Low Bid - MJC,United Kingdom,ENABLED,GBP,£48.0,Automatic targeting,Fixed bids,774027,25690,5437,141,0.7020000000000001%,£561.4,£6.68,£0.1032555,£0.0473759,767,4.629%,21.6,£12127.08
"May 01, 2026","May 31, 2026",No Portfolio,Sponsored Products,Project Candy - EV4 - Auto Low Bid - MJC,United Kingdom,ENABLED,GBP,£13.0,Automatic targeting,Dynamic bids - down only,41957,40669,324,255,0.772%,£43.93,£37.01,£0.1355864,£0.1451373,17,5.645%,17.72,£778.22
"May 01, 2026","May 31, 2026",No Portfolio,Sponsored Products,B2B SP Auto Low Bid - SD,United Kingdom,ENABLED,GBP,£78.0,Automatic targeting,Fixed bids,658157,,3379,,0.513%,£1003.21,,£0.2968955,£0.0,1453,2.156%,46.38,£46533.03
"May 01, 2026","May 31, 2026",No Portfolio,Sponsored Products,SP - PBDD - Project Candy Low Bid - MJC,United Kingdom,ENABLED,GBP,£60.0,Automatic targeting,Fixed bids,2381858,,10237,,0.43%,£1323.31,,£0.1292674,£0.0,1740,3.9960000000000004%,25.03,£33117.95
"May 01, 2026","May 31, 2026",No Portfolio,Sponsored Products,Keyword Research Low Bid (Seasonal) - BRD PHR - SD,United Kingdom,ENABLED,GBP,£28.0,Manual targeting,Fixed bids,797084,854529,1591,1962,0.2%,£227.06,£310.6,£0.1427153,£0.1583078,103,9.114%,10.97,£2491.42
"May 01, 2026","May 31, 2026",No Portfolio,Sponsored Products,Droppers Profit - Low Bid - MJC,United Kingdom,ENABLED,GBP,£33.0,Manual targeting,Dynamic bids - down only,71567,105869,302,461,0.422%,£44.73,£68.75,£0.1481126,£0.1491323,72,2.822%,35.43,£1584.93
"May 01, 2026","May 31, 2026","# Campaign Bid Trial #",Sponsored Products,Keyword Research Low Bid (Category) - BRD PHR - SD,United Kingdom,ENABLED,GBP,£42.0,Manual targeting,Fixed bids,886763,1382522,2710,4902,0.306%,£353.72,£768.44,£0.130524,£0.1567605,366,4.791%,20.87,£7383.34
"May 01, 2026","May 31, 2026",No Portfolio,Sponsored Products,PAT Profit May 2024,United Kingdom,ENABLED,GBP,£60.0,Manual targeting,Dynamic bids - up and down,153693,352767,3106,5513,2.021%,£796.18,£1380.62,£0.2563361,£0.2504299,877,4.742%,21.09,£16791.56
"May 01, 2026","May 31, 2026",No Portfolio,Sponsored Products,Growers - PAT Low Bid - MJC,United Kingdom,ENABLED,GBP,£31.0,Manual targeting,Dynamic bids - down only,38228,49554,410,625,1.073%,£66.63,£104.33,£0.1625122,£0.166928,80,3.021%,33.1,£2205.21
"May 01, 2026","May 31, 2026","# Campaign Bid Trial #",Sponsored Products,Keyword Research Low Bid (New Selection) - BRD PHR - SD,United Kingdom,ENABLED,GBP,£75.0,Manual targeting,Dynamic bids - up and down,412283,1421119,1062,5005,0.258%,£174.49,£1305.92,£0.16430319999999998,£0.2609231,161,4.623%,21.63,£3774.37
"May 01, 2026","May 31, 2026",No Portfolio,Sponsored Products,Droppers - PAT Low Bid - MJC,United Kingdom,ENABLED,GBP,£28.0,Manual targeting,Dynamic bids - down only,61378,68240,734,976,1.196%,£125.83,£151.99,£0.17143049999999999,£0.1557275,119,5.453%,18.34,£2307.38
"May 01, 2026","May 31, 2026",No Portfolio,Sponsored Products,Growers - Profit Low Bid - MJC,United Kingdom,ENABLED,GBP,£28.0,Manual targeting,Dynamic bids - down only,43304,22662,168,163,0.388%,£26.14,£24.35,£0.1555952,£0.1493865,35,2.598%,38.49,£1006.19
"May 01, 2026","May 31, 2026",No Portfolio,Sponsored Products,Manual Profit Expand BRD PHR Low Bid - Q2 2024 - MJC,United Kingdom,ENABLED,GBP,£21.0,Manual targeting,Fixed bids,184431,218330,1062,1435,0.5760000000000001%,£140.39,£199.16,£0.132194,£0.1387875,129,5.8950000000000005%,16.96,£2381.45
"May 01, 2026","May 31, 2026",No Portfolio,Sponsored Products,Manual Profit EXT Low Bid - Q4 - MJC,United Kingdom,ENABLED,GBP,£23.0,Manual targeting,Fixed bids,15026,20308,63,125,0.41900000000000004%,£8.71,£17.53,£0.138254,£0.14024,8,8.21%,12.18,£106.09
"May 01, 2026","May 31, 2026",No Portfolio,Sponsored Products,"Core Keywords, Close Match EXT - Suggested Bid - SD",United Kingdom,ENABLED,GBP,£21.0,Manual targeting,Dynamic bids - down only,199021,128972,414,691,0.208%,£78.43,£125.87,£0.1894444,£0.18215630000000002,86,3.891%,25.7,£2015.79
"May 01, 2026","May 31, 2026",No Portfolio,Sponsored Products,Auto Low Bid - Q1 2024 - Feb Deals - MJC,United Kingdom,ENABLED,GBP,£39.0,Automatic targeting,Fixed bids,128745,344140,581,1822,0.451%,£84.34,£260.24,£0.1451635,£0.14283210000000002,40,7.742%,12.92,£1089.33
"May 01, 2026","May 31, 2026","# Campaign Bid Trial #",Sponsored Products,SP - PRIME DAY - Project Candy Low Bid with Multi,United Kingdom,ENABLED,GBP,£500.0,Automatic targeting,Dynamic bids - down only,3217381,,12560,,0.38999999999999996%,£2318.37,,£0.1845836,£0.0,2713,3.782%,26.44,£61304.85
"May 01, 2026","May 31, 2026","# Campaign Bid Trial #",Sponsored Products,Project Candy V3 - Top 100 (May 2025) - Auto Low Bid with Multi - MJC,United Kingdom,ENABLED,GBP,£84.0,Automatic targeting,Dynamic bids - up and down,1474676,,8043,,0.545%,£1573.22,,£0.19560110000000003,£0.0,2183,4.925%,20.31,£31946.35
"May 01, 2026","May 31, 2026",No Portfolio,Sponsored Products,Home and Garden 2025 - Project Candy - Auto Low Bid - MJC,United Kingdom,ENABLED,GBP,£100.0,Automatic targeting,Fixed bids,604024,1918846,3088,9646,0.511%,£422.42,£1349.43,£0.136794,£0.1398953,538,4.562%,21.92,£9259.53
"May 01, 2026","May 31, 2026",No Portfolio,Sponsored Products,Keyword Research Low Bid (Product Engagement) - BRD PHR - SD,United Kingdom,ENABLED,GBP,£23.0,Manual targeting,Fixed bids,329709,499960,1088,1186,0.33%,£128.63,£166.14,£0.11822609999999999,£0.1400843,76,9.261%,10.8,£1388.96
"Jun 01, 2026","Jun 30, 2026",No Portfolio,Sponsored Products,Keyword Research Low Bid - BRD PHR - SD,United Kingdom,ENABLED,GBP,£63.0,Manual targeting,Dynamic bids - down only,892310,691300,4209,2651,0.47200000000000003%,£727.86,£424.11,£0.1729294,£0.15998110000000001,590,4.601999999999999%,21.73,£15817.84
"Jun 01, 2026","Jun 30, 2026",No Portfolio,Sponsored Products,Droppers Profit - Low Bid - MJC,United Kingdom,ENABLED,GBP,£33.0,Manual targeting,Dynamic bids - down only,78906,62395,347,322,0.44%,£51.08,£49.95,£0.1472046,£0.15512420000000002,63,4.672%,21.41,£1093.38
"Jun 01, 2026","Jun 30, 2026",No Portfolio,Sponsored Products,Keyword Research Low Bid (Seasonal) - BRD PHR - SD,United Kingdom,ENABLED,GBP,£28.0,Manual targeting,Fixed bids,535629,650458,2073,1772,0.387%,£295.31,£281.26,£0.1424554,£0.1587246,197,7.611%,13.14,£3880.25
"Jun 01, 2026","Jun 30, 2026",No Portfolio,Sponsored Products,Keyword Research Low Bid Top Sellers 2 - BRD PHR - SD,United Kingdom,ENABLED,GBP,£15.0,Manual targeting,Fixed bids,190925,199133,670,1086,0.35100000000000003%,£133.62,£236.05,£0.19943280000000002,£0.2173573,102,5.986%,16.71,£2232.37
"Jun 01, 2026","Jun 30, 2026","# Campaign Bid Trial #",Sponsored Products,(B2B Multiplier Test) Growers - Auto Low Bid - MJC,United Kingdom,ENABLED,GBP,£123.0,Automatic targeting,Dynamic bids - down only,66086,757328,449,3810,0.679%,£79.91,£663.13,£0.1779733,£0.1740499,83,2.572%,38.89,£3107.46
"Jun 01, 2026","Jun 30, 2026","# Campaign Bid Trial #",Sponsored Products,Keyword Research Low Bid (Category) - BRD PHR - SD,United Kingdom,ENABLED,GBP,£42.0,Manual targeting,Fixed bids,744687,1066675,3331,3893,0.447%,£439.76,£609.14,£0.1320204,£0.1564706,429,5.4879999999999995%,18.22,£8013.36
"Jun 01, 2026","Jun 30, 2026",No Portfolio,Sponsored Products,Manual Profit EXT Low Bid - Q4 - MJC,United Kingdom,ENABLED,GBP,£23.0,Manual targeting,Fixed bids,11623,11560,84,82,0.7230000000000001%,£11.79,£11.17,£0.1403571,£0.1362195,18,3.5360000000000005%,28.28,£333.45
"Jun 01, 2026","Jun 30, 2026",No Portfolio,Sponsored Products,Manual Profit Expand BRD PHR Low Bid - Q2 2024 - MJC,United Kingdom,ENABLED,GBP,£21.0,Manual targeting,Fixed bids,190178,155057,1208,965,0.635%,£158.67,£141.81,£0.1313493,£0.1469534,134,5.938000000000001%,16.84,£2672.3
"Jun 01, 2026","Jun 30, 2026",No Portfolio,Sponsored Products,Manual Profit EXT Low Bid - Q2 2024 - MJC,United Kingdom,ENABLED,GBP,£19.0,Manual targeting,Fixed bids,133078,96818,659,476,0.49500000000000005%,£96.67,£71.06,£0.146692,£0.1492857,114,5.2139999999999995%,19.18,£1854.15
"Jun 01, 2026","Jun 30, 2026",No Portfolio,Sponsored Products,Project Candy - EV4 - Auto Low Bid - MJC,United Kingdom,ENABLED,GBP,£13.0,Automatic targeting,Dynamic bids - down only,28615,28046,210,161,0.734%,£29.51,£22.94,£0.1405238,£0.14248450000000001,7,9.565%,10.46,£308.53
"Jun 01, 2026","Jun 30, 2026",No Portfolio,Sponsored Products,Project Candy - Converting EXT - 20240710,United Kingdom,ENABLED,GBP,£25.0,Manual targeting,Fixed bids,111620,150491,708,825,0.634%,£101.54,£117.11,£0.1434181,£0.1419515,117,4.89%,20.45,£2076.55
"Jun 01, 2026","Jun 30, 2026",No Portfolio,Sponsored Products,Droppers - PAT Low Bid - MJC,United Kingdom,ENABLED,GBP,£28.0,Manual targeting,Dynamic bids - down only,41489,39060,362,624,0.873%,£61.4,£102.24,£0.1696133,£0.16384620000000003,40,7.452%,13.42,£823.94
"Jun 01, 2026","Jun 30, 2026",No Portfolio,Sponsored Products,Keyword Research Low Bid (Product Engagement) - BRD PHR - SD,United Kingdom,ENABLED,GBP,£23.0,Manual targeting,Fixed bids,304910,365179,1390,1063,0.45599999999999996%,£171.57,£148.8,£0.1234317,£0.1399812,119,7.898%,12.66,£2172.25
"Jun 01, 2026","Jun 30, 2026",No Portfolio,Sponsored Products,Auto Low Bid - Q1 2024 - Feb Deals - MJC,United Kingdom,ENABLED,GBP,£39.0,Automatic targeting,Fixed bids,104422,217390,535,932,0.512%,£77.71,£132.58,£0.1452523,£0.1422532,39,6.433999999999999%,15.54,£1207.78
"Jun 01, 2026","Jun 30, 2026",No Portfolio,Sponsored Products,Growers - Profit Low Bid - MJC,United Kingdom,ENABLED,GBP,£28.0,Manual targeting,Dynamic bids - down only,35447,11389,254,88,0.717%,£38.49,£13.25,£0.1515354,£0.1505682,42,4.359%,22.94,£883.1
"Jun 01, 2026","Jun 30, 2026",No Portfolio,Sponsored Products,"Core Keywords, Close Match EXT - Suggested Bid - SD",United Kingdom,ENABLED,GBP,£21.0,Manual targeting,Dynamic bids - down only,124036,88859,252,475,0.203%,£50.62,£98.14,£0.200873,£0.2066105,51,2.628%,38.05,£1926.11
"Jun 01, 2026","Jun 30, 2026",No Portfolio,Sponsored Products,Manual Profit EXT Low Bid - December 2023 - MJC,United Kingdom,ENABLED,GBP,£29.0,Manual targeting,Fixed bids,80556,65567,462,298,0.5740000000000001%,£65.22,£44.35,£0.1411688,£0.1488255,73,4.443%,22.51,£1467.98
"Jun 19, 2026","Jun 30, 2026",No Portfolio,Sponsored Products,SP - Amazon Business Project Candy - Missing Styles June 2026 - Low Bid - MJC (B),United Kingdom,ENABLED,GBP,£50.0,Automatic targeting,Dynamic bids - down only,9580,,29,,0.303%,£7.48,,£0.25793099999999997,£0.0,2,16.189999999999998%,6.18,£46.2
"Jun 01, 2026","Jun 30, 2026",No Portfolio,Sponsored Products,Home and Garden 2025 - Project Candy - Auto Low Bid - MJC,United Kingdom,ENABLED,GBP,£100.0,Automatic targeting,Fixed bids,587955,3004696,3709,14149,0.631%,£506.25,£1991.62,£0.13649229999999998,£0.1407605,576,5.226999999999999%,19.13,£9685.7
"Jun 19, 2026","Jun 30, 2026",No Portfolio,Sponsored Products,SP - Amazon Business Project Candy - Missing Styles June 2026 - Low Bid - MJC (A),United Kingdom,ENABLED,GBP,£50.0,Automatic targeting,Dynamic bids - down only,10601,,35,,0.33%,£9.55,,£0.2728571,£0.0,1,136.819%,0.73,£6.98
"Jun 01, 2026","Jun 30, 2026",No Portfolio,Sponsored Products,B2B SP Auto Low Bid - SD,United Kingdom,ENABLED,GBP,£78.0,Automatic targeting,Fixed bids,722130,,4188,,0.58%,£1254.17,,£0.2994675,£0.0,1808,2.242%,44.61,£55951.47
"Jun 01, 2026","Jun 30, 2026",No Portfolio,Sponsored Products,B2B Only 500% Multi Test - Project Candy Low Bid - MJC,United Kingdom,ENABLED,GBP,£48.0,Automatic targeting,Fixed bids,784912,731604,5486,4947,0.699%,£572.07,£440.51,£0.1042782,£0.08904590000000001,679,4.726%,21.16,£12105.95
"Jun 01, 2026","Jun 30, 2026",No Portfolio,Sponsored Products,SP - PBDD - Project Candy Low Bid - MJC,United Kingdom,ENABLED,GBP,£60.0,Automatic targeting,Fixed bids,2251247,,11024,,0.49%,£1417.91,,£0.12862030000000002,£0.0,1990,3.962%,25.24,£35791.31
"Jun 01, 2026","Jun 30, 2026",No Portfolio,Sponsored Products,Manual Profit Expand BRD PHR Low Bid - December 2023 - MJC,United Kingdom,ENABLED,GBP,£26.0,Manual targeting,Fixed bids,126583,118330,807,512,0.638%,£103.73,£71.84,£0.1285378,£0.1403125,114,4.454000000000001%,22.45,£2328.82
"Jun 01, 2026","Jun 30, 2026",No Portfolio,Sponsored Products,Droppers - Auto Low Bid - MJC,United Kingdom,ENABLED,GBP,£69.0,Automatic targeting,Dynamic bids - down only,73351,398627,376,1608,0.513%,£55.48,£245.88,£0.1475532,£0.1529104,56,5.226999999999999%,19.13,£1061.51
"Jun 01, 2026","Jun 30, 2026","# Campaign Bid Trial #",Sponsored Products,Keyword Research Low Bid (New Selection) - BRD PHR - SD,United Kingdom,ENABLED,GBP,£75.0,Manual targeting,Dynamic bids - up and down,296741,1244624,1193,4633,0.402%,£196.52,£1188.23,£0.1647276,£0.256471,204,4.035%,24.78,£4870.39
"Jun 01, 2026","Jun 30, 2026",No Portfolio,Sponsored Products,PAT Profit May 2024,United Kingdom,ENABLED,GBP,£60.0,Manual targeting,Dynamic bids - up and down,87130,403894,1776,6012,2.038%,£450.59,£1473.47,£0.2537106,£0.2450882,444,5.167999999999999%,19.35,£8719.61
"Jun 01, 2026","Jun 30, 2026",No Portfolio,Sponsored Products,Growers - PAT Low Bid - MJC,United Kingdom,ENABLED,GBP,£31.0,Manual targeting,Dynamic bids - down only,21408,34250,224,387,1.046%,£36.92,£64.52,£0.1648214,£0.16671829999999999,34,5.035%,19.86,£733.31
"Jun 01, 2026","Jun 30, 2026",No Portfolio,Sponsored Products,New Selection September 23 - Auto - MJC,United Kingdom,ENABLED,GBP,£63.0,Automatic targeting,Dynamic bids - down only,366713,186102,1986,1287,0.542%,£289.13,£179.36,£0.1455841,£0.13936289999999998,186,9.646%,10.37,£2997.56
"Jun 01, 2026","Jun 30, 2026","# Campaign Bid Trial #",Sponsored Products,SP - PRIME DAY - Project Candy Low Bid with Multi,United Kingdom,ENABLED,GBP,£500.0,Automatic targeting,Dynamic bids - down only,3032900,,14492,,0.47800000000000004%,£2633.61,,£0.18172850000000002,£0.0,2811,4.262%,23.46,£61788.47
"Jun 01, 2026","Jun 30, 2026","# Campaign Bid Trial #",Sponsored Products,Project Candy V3 - Top 100 (May 2025) - Auto Low Bid with Multi - MJC,United Kingdom,ENABLED,GBP,£84.0,Automatic targeting,Dynamic bids - up and down,1232781,259436,8741,2955,0.709%,£1715.01,£635.59,£0.19620300000000002,£0.21508970000000002,2230,4.508%,22.18,£38045.38
"Jul 01, 2026","Jul 31, 2026",No Portfolio,Sponsored Products,Keyword Research Low Bid - BRD PHR - SD,United Kingdom,ENABLED,GBP,£63.0,Manual targeting,Dynamic bids - down only,686414,461767,2586,2080,0.377%,£460.86,£338.8,£0.1782135,£0.16288460000000002,426,3.728%,26.83,£12363.69
"Jul 01, 2026","Jul 31, 2026",No Portfolio,Sponsored Products,B2B SP Auto Low Bid - SD,United Kingdom,ENABLED,GBP,£78.0,Automatic targeting,Fixed bids,487624,,3175,,0.651%,£954.5,,£0.3006299,£0.0,1433,2.198%,45.5,£43426.27
"Jul 01, 2026","Jul 31, 2026","# Campaign Bid Trial #",Sponsored Products,Keyword Research Low Bid (New Selection) - BRD PHR - SD,United Kingdom,ENABLED,GBP,£75.0,Manual targeting,Dynamic bids - up and down,187936,1120642,684,4608,0.364%,£114.33,£1236.39,£0.1671491,£0.2683138,129,3.5860000000000003%,27.88,£3188.05
"Jul 01, 2026","Jul 31, 2026","# Campaign Bid Trial #",Sponsored Products,Project Candy V3 - Top 100 (May 2025) - Auto Low Bid with Multi - MJC,United Kingdom,ENABLED,GBP,£84.0,Automatic targeting,Dynamic bids - up and down,1123776,771351,7600,6729,0.676%,£1511.32,£1495.47,£0.1988579,£0.2222425,1959,4.712000000000001%,21.22,£32075.81
"Jul 01, 2026","Jul 31, 2026",No Portfolio,Sponsored Products,Droppers - Auto Low Bid - MJC,United Kingdom,ENABLED,GBP,£69.0,Automatic targeting,Dynamic bids - down only,57435,169527,266,802,0.46299999999999997%,£38.36,£123.94,£0.1442105,£0.1545387,39,4.825%,20.73,£795.04
"Jul 01, 2026","Jul 31, 2026",No Portfolio,Sponsored Products,Auto Low Bid - Q1 2024 - Feb Deals - MJC,United Kingdom,ENABLED,GBP,£39.0,Automatic targeting,Fixed bids,32302,225976,248,964,0.768%,£35.17,£141.91,£0.1418145,£0.1472095,10,12.445%,8.04,£282.6
"Jul 01, 2026","Jul 31, 2026",No Portfolio,Sponsored Products,B2B Only 500% Multi Test - Project Candy Low Bid - MJC,United Kingdom,ENABLED,GBP,£48.0,Automatic targeting,Fixed bids,468835,936058,3741,6906,0.7979999999999999%,£378.29,£639.37,£0.10112,£0.09258179999999999,482,5.384%,18.57,£7026.34
"Jul 01, 2026","Jul 31, 2026",No Portfolio,Sponsored Products,Growers - Profit Low Bid - MJC,United Kingdom,ENABLED,GBP,£28.0,Manual targeting,Dynamic bids - down only,17971,9359,107,63,0.5950000000000001%,£15.65,£9.45,£0.1462617,£0.15,22,3.9170000000000003%,25.53,£399.53
"Jul 01, 2026","Jul 31, 2026","# Campaign Bid Trial #",Sponsored Products,Keyword Research Low Bid (Category) - BRD PHR - SD,United Kingdom,ENABLED,GBP,£42.0,Manual targeting,Fixed bids,685284,868151,2722,3370,0.39699999999999996%,£358.44,£528.41,£0.1316826,£0.1567982,381,4.661%,21.46,£7690.73
"Jul 01, 2026","Jul 31, 2026",No Portfolio,Sponsored Products,Project Candy - Converting EXT - 20240710,United Kingdom,ENABLED,GBP,£25.0,Manual targeting,Fixed bids,66792,107604,448,533,0.6709999999999999%,£63.86,£77.33,£0.1425446,£0.1450844,71,5.811%,17.21,£1099.01
"Jul 01, 2026","Jul 31, 2026",No Portfolio,Sponsored Products,Project Candy - EV4 - Auto Low Bid - MJC,United Kingdom,ENABLED,GBP,£13.0,Automatic targeting,Dynamic bids - down only,11670,20488,108,110,0.9249999999999999%,£13.78,£16.22,£0.1275926,£0.1474545,14,1.9849999999999999%,50.38,£694.22
"Jul 01, 2026","Jul 31, 2026",No Portfolio,Sponsored Products,Droppers Profit - Low Bid - MJC,United Kingdom,ENABLED,GBP,£33.0,Manual targeting,Dynamic bids - down only,53489,42298,274,222,0.512%,£40.53,£34.89,£0.1479197,£0.1571622,46,4.182%,23.91,£969.04
"Jul 01, 2026","Jul 31, 2026",No Portfolio,Sponsored Products,New Selection September 23 - Auto - MJC,United Kingdom,ENABLED,GBP,£63.0,Automatic targeting,Dynamic bids - down only,218428,149933,1390,1010,0.636%,£209.12,£152.67,£0.150446,£0.1511584,148,9.02%,11.09,£2318.42
"Jul 01, 2026","Jul 31, 2026",No Portfolio,Sponsored Products,SP - Amazon Business Project Candy - Missing Styles June 2026 - Low Bid - MJC (B),United Kingdom,ENABLED,GBP,£50.0,Automatic targeting,Dynamic bids - down only,22524,,69,,0.306%,£18.42,,£0.2669565,£0.0,6,16.661%,6.0,£110.56
"Jul 01, 2026","Jul 31, 2026","# Campaign Bid Trial #",Sponsored Products,(B2B Multiplier Test) Growers - Auto Low Bid - MJC,United Kingdom,ENABLED,GBP,£123.0,Automatic targeting,Dynamic bids - down only,32537,498831,432,3073,1.328%,£80.85,£551.02,£0.1871528,£0.1793101,92,2.5309999999999997%,39.51,£3194.47
"Jul 01, 2026","Jul 31, 2026",No Portfolio,Sponsored Products,Droppers - PAT Low Bid - MJC,United Kingdom,ENABLED,GBP,£28.0,Manual targeting,Dynamic bids - down only,52509,37035,612,430,1.166%,£109.37,£69.39,£0.1787092,£0.1613721,106,5.765%,17.35,£1897.07
"Jul 01, 2026","Jul 31, 2026",No Portfolio,Sponsored Products,SP - Amazon Business Project Candy - Missing Styles June 2026 - Low Bid - MJC (A),United Kingdom,ENABLED,GBP,£50.0,Automatic targeting,Dynamic bids - down only,21674,,66,,0.305%,£17.32,,£0.2624242,£0.0,5,3.327%,30.06,£520.56
"Jul 01, 2026","Jul 31, 2026",No Portfolio,Sponsored Products,SP - PBDD - Project Candy Low Bid - MJC,United Kingdom,ENABLED,GBP,£60.0,Automatic targeting,Fixed bids,1347019,,7452,,0.553%,£966.0,,£0.1296296,£0.0,1364,3.5770000000000004%,27.95,£27004.11
"Jul 01, 2026","Jul 31, 2026",No Portfolio,Sponsored Products,"Core Keywords, Close Match EXT - Suggested Bid - SD",United Kingdom,ENABLED,GBP,£21.0,Manual targeting,Dynamic bids - down only,69672,62845,157,428,0.22499999999999998%,£32.52,£90.77,£0.2071338,£0.2120794,16,6.337%,15.78,£513.18
"Jul 01, 2026","Jul 31, 2026",No Portfolio,Sponsored Products,Growers - PAT Low Bid - MJC,United Kingdom,ENABLED,GBP,£31.0,Manual targeting,Dynamic bids - down only,30040,29597,330,365,1.099%,£55.51,£61.78,£0.1682121,£0.1692603,47,6.619%,15.11,£838.6
"Jul 01, 2026","Jul 31, 2026",No Portfolio,Sponsored Products,Manual Profit Expand BRD PHR Low Bid - December 2023 - MJC,United Kingdom,ENABLED,GBP,£26.0,Manual targeting,Fixed bids,101607,99913,652,508,0.642%,£82.32,£64.37,£0.1262577,£0.1267126,108,3.4290000000000003%,29.16,£2400.83
"Jul 01, 2026","Jul 31, 2026",No Portfolio,Sponsored Products,Manual Profit EXT Low Bid - December 2023 - MJC,United Kingdom,ENABLED,GBP,£29.0,Manual targeting,Fixed bids,60520,46488,314,240,0.519%,£44.69,£36.03,£0.1423248,£0.15012499999999998,50,4.6%,21.74,£971.46
"Jul 01, 2026","Jul 31, 2026",No Portfolio,Sponsored Products,Manual Profit EXT Low Bid - Q2 2024 - MJC,United Kingdom,ENABLED,GBP,£19.0,Manual targeting,Fixed bids,87346,72405,506,325,0.579%,£74.98,£48.16,£0.1481818,£0.1481846,84,4.82%,20.75,£1555.49
"Jul 01, 2026","Jul 31, 2026",No Portfolio,Sponsored Products,Keyword Research Low Bid (Seasonal) - BRD PHR - SD,United Kingdom,ENABLED,GBP,£28.0,Manual targeting,Fixed bids,309773,451774,771,1491,0.249%,£109.88,£240.07,£0.1425162,£0.1610127,77,7.518%,13.3,£1461.61
"Jul 01, 2026","Jul 31, 2026",No Portfolio,Sponsored Products,PAT Profit May 2024,United Kingdom,ENABLED,GBP,£60.0,Manual targeting,Dynamic bids - up and down,127189,439653,2640,6848,2.076%,£706.16,£1742.49,£0.2674848,£0.25445239999999997,741,4.389%,22.79,£16089.92
"Jul 01, 2026","Jul 31, 2026",No Portfolio,Sponsored Products,Home and Garden 2025 - Project Candy - Auto Low Bid - MJC,United Kingdom,ENABLED,GBP,£100.0,Automatic targeting,Fixed bids,395106,2133415,3020,9831,0.764%,£402.49,£1385.63,£0.1332748,£0.140945,467,4.842%,20.65,£8312.22
"Jul 01, 2026","Jul 31, 2026",No Portfolio,Sponsored Products,Keyword Research Low Bid Top Sellers 2 - BRD PHR - SD,United Kingdom,ENABLED,GBP,£15.0,Manual targeting,Fixed bids,156700,157087,695,803,0.44400000000000006%,£164.68,£200.15,£0.23694959999999998,£0.2492528,111,6.848%,14.6,£2404.9
"Jul 01, 2026","Jul 31, 2026",No Portfolio,Sponsored Products,Manual Profit Expand BRD PHR Low Bid - Q2 2024 - MJC,United Kingdom,ENABLED,GBP,£21.0,Manual targeting,Fixed bids,111883,113634,823,616,0.736%,£106.22,£88.94,£0.1290644,£0.1443831,112,5.187%,19.28,£2047.65
"Jul 01, 2026","Jul 31, 2026","# Campaign Bid Trial #",Sponsored Products,SP - PRIME DAY - Project Candy Low Bid with Multi,United Kingdom,ENABLED,GBP,£500.0,Automatic targeting,Dynamic bids - down only,1699625,5665131,8697,27564,0.512%,£1619.12,£4750.26,£0.1861699,£0.1723357,1773,3.8580000000000005%,25.92,£41966.03
"Jul 01, 2026","Jul 31, 2026",No Portfolio,Sponsored Products,Keyword Research Low Bid (Product Engagement) - BRD PHR - SD,United Kingdom,ENABLED,GBP,£23.0,Manual targeting,Fixed bids,145072,296282,797,894,0.549%,£89.45,£124.44,£0.1122334,£0.1391946,104,7.621%,13.12,£1173.79
"Jul 01, 2026","Jul 31, 2026",No Portfolio,Sponsored Products,Manual Profit EXT Low Bid - Q4 - MJC,United Kingdom,ENABLED,GBP,£23.0,Manual targeting,Fixed bids,7350,9297,61,49,0.83%,£8.33,£6.45,£0.1365574,£0.13163270000000002,11,3.857%,25.92,£215.95
"Aug 01, 2026","Aug 31, 2026",No Portfolio,Sponsored Products,Manual Profit EXT Low Bid - December 2023 - MJC,United Kingdom,ENABLED,GBP,£29.0,Manual targeting,Fixed bids,90463,41654,396,242,0.438%,£55.47,£33.93,£0.1400758,£0.1402066,69,3.4029999999999996%,29.38,£1629.85
"Aug 01, 2026","Aug 31, 2026",No Portfolio,Sponsored Products,Keyword Research Low Bid (Seasonal) - BRD PHR - SD,United Kingdom,ENABLED,GBP,£28.0,Manual targeting,Fixed bids,923255,724813,2723,2577,0.295%,£377.83,£403.51,£0.13875500000000002,£0.1565813,302,7.603%,13.15,£4969.28
"Aug 01, 2026","Aug 31, 2026",No Portfolio,Sponsored Products,Droppers - Auto Low Bid - MJC,United Kingdom,ENABLED,GBP,£69.0,Automatic targeting,Dynamic bids - down only,117225,196208,458,1022,0.391%,£66.28,£158.19,£0.1447162,£0.1547847,60,5.846%,17.11,£1133.72
"Aug 01, 2026","Aug 31, 2026","# Campaign Bid Trial #",Sponsored Products,(B2B Multiplier Test) Growers - Auto Low Bid - MJC,United Kingdom,ENABLED,GBP,£123.0,Automatic targeting,Dynamic bids - down only,34448,677117,439,3910,1.274%,£74.66,£725.59,£0.1700683,£0.18557289999999999,106,2.27%,44.06,£3289.62
"Aug 01, 2026","Aug 31, 2026",No Portfolio,Sponsored Products,SP - Amazon Business Project Candy - Missing Styles June 2026 - Low Bid - MJC (B),United Kingdom,ENABLED,GBP,£50.0,Automatic targeting,Dynamic bids - down only,29644,,108,,0.364%,£28.66,,£0.2653704,£0.0,17,4.21%,23.75,£680.68
"Aug 01, 2026","Aug 31, 2026",No Portfolio,Sponsored Products,Keyword Research Low Bid (Product Engagement) - BRD PHR - SD,United Kingdom,ENABLED,GBP,£23.0,Manual targeting,Fixed bids,443122,371855,1842,947,0.416%,£229.39,£127.54,£0.12453310000000001,£0.13467790000000002,230,7.167%,13.95,£3200.63
"Aug 01, 2026","Aug 31, 2026",No Portfolio,Sponsored Products,SP - Amazon Business Project Candy - Missing Styles June 2026 - Low Bid - MJC (A),United Kingdom,ENABLED,GBP,£50.0,Automatic targeting,Dynamic bids - down only,26044,,56,,0.215%,£14.61,,£0.2608929,£0.0,5,3.823%,26.15,£382.12
"Aug 01, 2026","Aug 31, 2026","# Campaign Bid Trial #",Sponsored Products,Keyword Research Low Bid (Category) - BRD PHR - SD,United Kingdom,ENABLED,GBP,£42.0,Manual targeting,Fixed bids,1038017,966865,4185,3678,0.40299999999999997%,£551.07,£548.89,£0.1316774,£0.149236,588,4.871%,20.53,£11313.08
"Aug 01, 2026","Aug 31, 2026",No Portfolio,Sponsored Products,Keyword Research Low Bid - BRD PHR - SD,United Kingdom,ENABLED,GBP,£63.0,Manual targeting,Dynamic bids - down only,2029147,525958,4153,2201,0.20500000000000002%,£706.27,£339.48,£0.1700626,£0.154239,648,4.3999999999999995%,22.72,£16049.9
"Aug 01, 2026","Aug 31, 2026",No Portfolio,Sponsored Products,PAT Profit May 2024,United Kingdom,ENABLED,GBP,£60.0,Manual targeting,Dynamic bids - up and down,154288,404519,3739,6510,2.423%,£996.44,£1549.04,£0.2664991,£0.2379478,901,5.449%,18.35,£18285.69
"Aug 01, 2026","Aug 31, 2026",No Portfolio,Sponsored Products,Project Candy - Converting EXT - 20240710,United Kingdom,ENABLED,GBP,£25.0,Manual targeting,Fixed bids,103141,82235,526,399,0.51%,£76.09,£56.14,£0.1446578,£0.14070180000000002,88,5.017%,19.93,£1516.5
"Aug 01, 2026","Aug 31, 2026",No Portfolio,Sponsored Products,Manual Profit EXT Low Bid - Q4 - MJC,United Kingdom,ENABLED,GBP,£23.0,Manual targeting,Fixed bids,10800,11829,99,51,0.9169999999999999%,£13.33,£7.54,£0.1346465,£0.1478431,14,7.826%,12.78,£170.34
"Aug 01, 2026","Aug 31, 2026","# Campaign Bid Trial #",Sponsored Products,SP - PRIME DAY - Project Candy Low Bid with Multi,United Kingdom,ENABLED,GBP,£500.0,Automatic targeting,Dynamic bids - down only,2333247,7618064,14271,28644,0.612%,£2643.39,£4872.29,£0.1852281,£0.17009810000000003,3054,4.407%,22.69,£59983.08
"Aug 01, 2026","Aug 31, 2026",No Portfolio,Sponsored Products,"Core Keywords, Close Match EXT - Suggested Bid - SD",United Kingdom,ENABLED,GBP,£21.0,Manual targeting,Dynamic bids - down only,160314,72763,267,421,0.167%,£49.11,£88.63,£0.1839326,£0.2105226,56,2.366%,42.27,£2075.9
"Aug 01, 2026","Aug 31, 2026",No Portfolio,Sponsored Products,Project Candy - EV4 - Auto Low Bid - MJC,United Kingdom,ENABLED,GBP,£13.0,Automatic targeting,Dynamic bids - down only,23922,26038,171,86,0.715%,£23.59,£13.06,£0.1379532,£0.1518605,6,6.155%,16.25,£383.29
"Aug 01, 2026","Aug 31, 2026",No Portfolio,Sponsored Products,Manual Profit EXT Low Bid - Q2 2024 - MJC,United Kingdom,ENABLED,GBP,£19.0,Manual targeting,Fixed bids,155883,45930,854,255,0.5479999999999999%,£125.09,£37.67,£0.1464754,£0.1477255,112,7.020999999999999%,14.24,£1781.65
"Aug 01, 2026","Aug 31, 2026",No Portfolio,Sponsored Products,New Selection September 23 - Auto - MJC,United Kingdom,ENABLED,GBP,£63.0,Automatic targeting,Dynamic bids - down only,143407,133416,935,987,0.652%,£111.35,£152.74,£0.11909090000000001,£0.1547518,145,5.1450000000000005%,19.44,£2164.36
"Aug 01, 2026","Aug 31, 2026",No Portfolio,Sponsored Products,B2B Only 500% Multi Test - Project Candy Low Bid - MJC,United Kingdom,ENABLED,GBP,£48.0,Automatic targeting,Fixed bids,543951,836018,5283,5615,0.971%,£546.23,£547.34,£0.1033939,£0.09747820000000001,717,4.58%,21.83,£11926.89
"Aug 01, 2026","Aug 31, 2026",No Portfolio,Sponsored Products,Home and Garden 2025 - Project Candy - Auto Low Bid - MJC,United Kingdom,ENABLED,GBP,£100.0,Automatic targeting,Fixed bids,598498,1982050,4507,9346,0.753%,£612.74,£1324.87,£0.135953,£0.141758,789,4.606%,21.71,£13304.37
"Aug 01, 2026","Aug 31, 2026",No Portfolio,Sponsored Products,SP - PBDD - Project Candy Low Bid - MJC,United Kingdom,ENABLED,GBP,£60.0,Automatic targeting,Fixed bids,1823597,,11231,,0.616%,£1387.92,,£0.12357939999999999,£0.0,1770,4.469%,22.38,£31054.8
"Aug 01, 2026","Aug 31, 2026",No Portfolio,Sponsored Products,Auto Low Bid - Q1 2024 - Feb Deals - MJC,United Kingdom,ENABLED,GBP,£39.0,Automatic targeting,Fixed bids,41263,166765,290,794,0.703%,£41.84,£117.63,£0.1442759,£0.1481486,30,5.4350000000000005%,18.4,£769.87
"Aug 01, 2026","Aug 31, 2026",No Portfolio,Sponsored Products,Manual Profit Expand BRD PHR Low Bid - Q2 2024 - MJC,United Kingdom,ENABLED,GBP,£21.0,Manual targeting,Fixed bids,136209,121652,1011,805,0.742%,£132.92,£115.72,£0.1314738,£0.14375159999999998,137,5.210999999999999%,19.19,£2550.61
"Aug 01, 2026","Aug 31, 2026",No Portfolio,Sponsored Products,Droppers Profit - Low Bid - MJC,United Kingdom,ENABLED,GBP,£33.0,Manual targeting,Dynamic bids - down only,77229,42668,323,248,0.418%,£46.6,£38.74,£0.1442724,£0.1562097,51,4.5409999999999995%,22.02,£1026.1
"Aug 01, 2026","Aug 31, 2026","# Campaign Bid Trial #",Sponsored Products,Project Candy V3 - Top 100 (May 2025) - Auto Low Bid with Multi - MJC,United Kingdom,ENABLED,GBP,£84.0,Automatic targeting,Dynamic bids - up and down,1061085,641449,7679,4871,0.724%,£1562.14,£1055.17,£0.2034301,£0.21662289999999998,1857,4.398%,22.74,£35516.33
"Aug 01, 2026","Aug 31, 2026",No Portfolio,Sponsored Products,Growers - Profit Low Bid - MJC,United Kingdom,ENABLED,GBP,£28.0,Manual targeting,Dynamic bids - down only,35277,16111,133,68,0.377%,£17.83,£9.63,£0.1340602,£0.14161759999999998,27,2.965%,33.72,£601.25
"Aug 01, 2026","Aug 31, 2026",No Portfolio,Sponsored Products,Growers - PAT Low Bid - MJC,United Kingdom,ENABLED,GBP,£31.0,Manual targeting,Dynamic bids - down only,25564,42107,337,501,1.318%,£53.99,£80.72,£0.16020769999999998,£0.1611178,60,4.444%,22.5,£1214.82
"Aug 01, 2026","Aug 31, 2026","# Campaign Bid Trial #",Sponsored Products,Keyword Research Low Bid (New Selection) - BRD PHR - SD,United Kingdom,ENABLED,GBP,£75.0,Manual targeting,Dynamic bids - up and down,453622,1349867,2152,4253,0.47400000000000003%,£396.52,£1011.87,£0.18425650000000002,£0.23791910000000002,418,5.031%,19.88,£7881.05
"Aug 01, 2026","Aug 31, 2026",No Portfolio,Sponsored Products,B2B SP Auto Low Bid - SD,United Kingdom,ENABLED,GBP,£78.0,Automatic targeting,Fixed bids,582134,,3493,,0.6%,£1047.39,,£0.299854,£0.0,1597,2.01%,49.75,£52104.13
"Aug 01, 2026","Aug 31, 2026",No Portfolio,Sponsored Products,Manual Profit Expand BRD PHR Low Bid - December 2023 - MJC,United Kingdom,ENABLED,GBP,£26.0,Manual targeting,Fixed bids,191971,158262,1194,624,0.622%,£139.15,£84.97,£0.11654099999999999,£0.13616989999999998,104,6.962%,14.36,£1998.67
"Aug 01, 2026","Aug 31, 2026",No Portfolio,Sponsored Products,Keyword Research Low Bid Top Sellers 2 - BRD PHR - SD,United Kingdom,ENABLED,GBP,£15.0,Manual targeting,Fixed bids,144715,139569,539,704,0.372%,£140.03,£169.75,£0.2597959,£0.2411222,85,6.718%,14.89,£2084.51
"Aug 01, 2026","Aug 31, 2026",No Portfolio,Sponsored Products,Droppers - PAT Low Bid - MJC,United Kingdom,ENABLED,GBP,£28.0,Manual targeting,Dynamic bids - down only,71062,72765,1138,1229,1.601%,£203.39,£196.8,£0.1787258,£0.1601302,178,7.529%,13.28,£2701.27
"Sep 01, 2026","Sep 12, 2026",No Portfolio,Sponsored Products,Manual Profit EXT Low Bid - December 2023 - MJC,United Kingdom,ENABLED,GBP,£29.0,Manual targeting,Fixed bids,57138,57590,324,238,0.567%,£50.37,£34.12,£0.15546300000000002,£0.1433613,49,5.341%,18.72,£943.13
"Sep 01, 2026","Sep 12, 2026",No Portfolio,Sponsored Products,SP - PBDD - Project Candy Low Bid - MJC,United Kingdom,ENABLED,GBP,£60.0,Automatic targeting,Fixed bids,719375,,4624,,0.643%,£651.15,,£0.14081960000000002,£0.0,679,5.733%,17.44,£11357.08
"Sep 01, 2026","Sep 12, 2026",No Portfolio,Sponsored Products,Droppers - Auto Low Bid - MJC,United Kingdom,ENABLED,GBP,£69.0,Automatic targeting,Dynamic bids - down only,79936,378350,656,1840,0.8210000000000001%,£111.96,£301.53,£0.1706707,£0.163875,72,8.866%,11.28,£1262.82
"Sep 01, 2026","Sep 12, 2026",No Portfolio,Sponsored Products,PAT Profit May 2024,United Kingdom,ENABLED,GBP,£60.0,Manual targeting,Dynamic bids - up and down,72021,136200,2249,2452,3.123%,£587.21,£599.65,£0.2610983,£0.24455549999999998,416,7.514%,13.31,£7815.2
"Sep 01, 2026","Sep 12, 2026",No Portfolio,Sponsored Products,B2B SP Auto Low Bid - SD,United Kingdom,ENABLED,GBP,£78.0,Automatic targeting,Fixed bids,406676,,2391,,0.588%,£795.32,,£0.3326307,£0.0,1035,2.622%,38.14,£30334.83
"Sep 01, 2026","Sep 12, 2026",No Portfolio,Sponsored Products,Droppers Profit - Low Bid - MJC,United Kingdom,ENABLED,GBP,£33.0,Manual targeting,Dynamic bids - down only,66991,48116,440,258,0.657%,£68.97,£40.06,£0.15675,£0.1552713,76,4.62%,21.65,£1492.9
"Sep 01, 2026","Sep 12, 2026","# Campaign Bid Trial #",Sponsored Products,SP - PRIME DAY - Project Candy Low Bid with Multi,United Kingdom,ENABLED,GBP,£500.0,Automatic targeting,Dynamic bids - down only,1496994,5511384,13489,26904,0.901%,£2820.55,£4746.55,£0.2091,£0.1764254,2733,5.779999999999999%,17.3,£48799.46
"Sep 01, 2026","Sep 12, 2026",No Portfolio,Sponsored Products,Manual Profit Expand BRD PHR Low Bid - December 2023 - MJC,United Kingdom,ENABLED,GBP,£26.0,Manual targeting,Fixed bids,130329,110664,755,547,0.579%,£120.73,£75.16,£0.1599073,£0.137404,93,6.843000000000001%,14.61,£1764.41
"Sep 01, 2026","Sep 12, 2026",No Portfolio,Sponsored Products,Keyword Research Low Bid Top Sellers 2 - BRD PHR - SD,United Kingdom,ENABLED,GBP,£15.0,Manual targeting,Fixed bids,63044,75976,256,306,0.406%,£62.27,£68.64,£0.2432422,£0.2243137,42,6.0249999999999995%,16.6,£1033.55
"Sep 01, 2026","Sep 12, 2026",No Portfolio,Sponsored Products,Project Candy - Converting EXT - 20240710,United Kingdom,ENABLED,GBP,£25.0,Manual targeting,Fixed bids,81140,61322,552,295,0.6799999999999999%,£82.41,£40.26,£0.1492935,£0.1364746,57,8.985%,11.13,£917.17
"Sep 01, 2026","Sep 12, 2026",No Portfolio,Sponsored Products,Keyword Research Low Bid (Seasonal) - BRD PHR - SD,United Kingdom,ENABLED,GBP,£28.0,Manual targeting,Fixed bids,489635,485846,2118,2105,0.43299999999999994%,£329.69,£334.33,£0.155661,£0.15882659999999998,223,7.877000000000001%,12.7,£4185.58
"Sep 01, 2026","Sep 12, 2026","# Campaign Bid Trial #",Sponsored Products,(B2B Multiplier Test) Growers - Auto Low Bid - MJC,United Kingdom,ENABLED,GBP,£123.0,Automatic targeting,Dynamic bids - down only,66701,740247,556,4302,0.8340000000000001%,£100.66,£778.89,£0.18104320000000002,£0.181053,94,4.46%,22.42,£2256.84
"Sep 01, 2026","Sep 12, 2026",No Portfolio,Sponsored Products,Manual Profit Expand BRD PHR Low Bid - Q2 2024 - MJC,United Kingdom,ENABLED,GBP,£21.0,Manual targeting,Fixed bids,161060,124759,1176,660,0.73%,£188.47,£102.7,£0.1602636,£0.1556061,118,9.733%,10.27,£1936.46
"Sep 01, 2026","Sep 12, 2026","# Campaign Bid Trial #",Sponsored Products,Project Candy V3 - Top 100 (May 2025) - Auto Low Bid with Multi - MJC,United Kingdom,ENABLED,GBP,£84.0,Automatic targeting,Dynamic bids - up and down,413839,385168,4987,3538,1.205%,£1402.22,£836.68,£0.2811751,£0.2364839,1039,7.460999999999999%,13.4,£18793.15
"Sep 01, 2026","Sep 12, 2026","# Campaign Bid Trial #",Sponsored Products,Keyword Research Low Bid (Category) - BRD PHR - SD,United Kingdom,ENABLED,GBP,£42.0,Manual targeting,Fixed bids,571882,665298,3815,2499,0.6669999999999999%,£705.98,£370.38,£0.1850537,£0.1482113,564,6.393%,15.64,£11042.75
"Sep 01, 2026","Sep 12, 2026",No Portfolio,Sponsored Products,"Core Keywords, Close Match EXT - Suggested Bid - SD",United Kingdom,ENABLED,GBP,£21.0,Manual targeting,Dynamic bids - down only,53845,58215,253,236,0.47000000000000003%,£48.31,£47.08,£0.1909486,£0.1994915,40,4.022%,24.86,£1201.09
"Sep 01, 2026","Sep 12, 2026",No Portfolio,Sponsored Products,SP - Amazon Business Project Candy - Missing Styles June 2026 - Low Bid - MJC (A),United Kingdom,ENABLED,GBP,£50.0,Automatic targeting,Dynamic bids - down only,14735,,30,,0.20400000000000001%,£7.04,,£0.2346667,£0.0,2,3.4320000000000004%,29.13,£205.1
"Sep 01, 2026","Sep 12, 2026","# Campaign Bid Trial #",Sponsored Products,Keyword Research Low Bid (New Selection) - BRD PHR - SD,United Kingdom,ENABLED,GBP,£75.0,Manual targeting,Dynamic bids - up and down,498814,537568,3915,2666,0.7849999999999999%,£1127.89,£633.88,£0.2880945,£0.23776440000000001,838,7.3%,13.7,£15450.67
"Sep 01, 2026","Sep 12, 2026",No Portfolio,Sponsored Products,New Selection September 23 - Auto - MJC,United Kingdom,ENABLED,GBP,£63.0,Automatic targeting,Dynamic bids - down only,151549,98996,904,1185,0.597%,£152.31,£168.07,£0.1684845,£0.14183120000000002,114,10.339%,9.67,£1473.09
"Sep 01, 2026","Sep 12, 2026",No Portfolio,Sponsored Products,Auto Low Bid - Q1 2024 - Feb Deals - MJC,United Kingdom,ENABLED,GBP,£39.0,Automatic targeting,Fixed bids,20144,192232,121,974,0.601%,£17.8,£151.86,£0.1471074,£0.1559138,18,3.193%,31.32,£557.42
"Sep 01, 2026","Sep 12, 2026",No Portfolio,Sponsored Products,Growers - Profit Low Bid - MJC,United Kingdom,ENABLED,GBP,£28.0,Manual targeting,Dynamic bids - down only,25827,10118,139,48,0.538%,£22.2,£6.87,£0.1597122,£0.143125,15,8.904%,11.23,£249.32
"Sep 01, 2026","Sep 12, 2026",No Portfolio,Sponsored Products,Manual Profit EXT Low Bid - Q2 2024 - MJC,United Kingdom,ENABLED,GBP,£19.0,Manual targeting,Fixed bids,40853,41799,277,183,0.6779999999999999%,£41.6,£26.07,£0.1501805,£0.142459,37,6.182%,16.18,£672.9
"Sep 01, 2026","Sep 12, 2026",No Portfolio,Sponsored Products,Droppers - PAT Low Bid - MJC,United Kingdom,ENABLED,GBP,£28.0,Manual targeting,Dynamic bids - down only,63678,64973,1443,1455,2.266%,£244.14,£230.41,£0.1691892,£0.15835739999999998,201,9.001000000000001%,11.11,£2712.28
"Sep 01, 2026","Sep 12, 2026",No Portfolio,Sponsored Products,Growers - PAT Low Bid - MJC,United Kingdom,ENABLED,GBP,£31.0,Manual targeting,Dynamic bids - down only,15268,35247,198,467,1.2970000000000002%,£32.52,£75.79,£0.1642424,£0.16229120000000002,32,4.661%,21.46,£697.76
"Sep 01, 2026","Sep 12, 2026",No Portfolio,Sponsored Products,Keyword Research Low Bid - BRD PHR - SD,United Kingdom,ENABLED,GBP,£63.0,Manual targeting,Dynamic bids - down only,892862,620645,3928,2514,0.44%,£756.54,£390.54,£0.1926018,£0.15534610000000001,562,6.718%,14.89,£11261.42
"Sep 01, 2026","Sep 12, 2026",No Portfolio,Sponsored Products,B2B Only 500% Multi Test - Project Candy Low Bid - MJC,United Kingdom,ENABLED,GBP,£48.0,Automatic targeting,Fixed bids,447384,586812,3993,4236,0.893%,£521.46,£425.84,£0.1305935,£0.1005288,453,6.442%,15.52,£8094.83
"Sep 01, 2026","Sep 12, 2026",No Portfolio,Sponsored Products,Home and Garden 2025 - Project Candy - Auto Low Bid - MJC,United Kingdom,ENABLED,GBP,£100.0,Automatic targeting,Fixed bids,383970,1338691,3513,7677,0.915%,£533.78,£1101.2,£0.1519442,£0.1434414,567,5.433000000000001%,18.41,£9824.9
"Sep 01, 2026","Sep 12, 2026",No Portfolio,Sponsored Products,Manual Profit EXT Low Bid - Q4 - MJC,United Kingdom,ENABLED,GBP,£23.0,Manual targeting,Fixed bids,6898,9709,51,40,0.739%,£7.69,£5.6,£0.1507843,£0.14,6,9.47%,10.56,£81.2
"Sep 01, 2026","Sep 12, 2026",No Portfolio,Sponsored Products,Project Candy - EV4 - Auto Low Bid - MJC,United Kingdom,ENABLED,GBP,£13.0,Automatic targeting,Dynamic bids - down only,14802,25204,120,105,0.8109999999999999%,£16.71,£15.25,£0.13925,£0.14523809999999998,6,6.026%,16.59,£277.28
"Sep 01, 2026","Sep 12, 2026",No Portfolio,Sponsored Products,SP - Amazon Business Project Candy - Missing Styles June 2026 - Low Bid - MJC (B),United Kingdom,ENABLED,GBP,£50.0,Automatic targeting,Dynamic bids - down only,18804,,60,,0.319%,£16.53,,£0.2755,£0.0,16,3.8580000000000005%,25.92,£428.43
"Sep 01, 2026","Sep 12, 2026",No Portfolio,Sponsored Products,Keyword Research Low Bid (Product Engagement) - BRD PHR - SD,United Kingdom,ENABLED,GBP,£23.0,Manual targeting,Fixed bids,331485,408010,1511,1305,0.45599999999999996%,£228.4,£183.32,£0.1511582,£0.14047510000000002,131,13.131%,7.62,£1739.39
