Advertiser account ID,Advertiser account name,Country,Campaign ID,Campaign name,Campaign country,Month,Budget currency,Year,Impressions,CTR,CPC,Clicks,Total cost,Sales,Units sold
"=""amzn1.ads-account.g.8os9jbxe8uolgs0z0ka9qua0q""",Portwest ES,,"=""475621571262674""",Growers - Auto Low Bid - MJC,ES,5,EUR,2026,310884,0.2429%,0.07571,755,57.16,2817.25,156
"=""amzn1.ads-account.g.6wubx539i9z2ina5h90v21w6e""",WWD - Workwear Depot,,"=""353455736089883""",SP - Project Candy Low Bid - Winning Terms - Profit - EXT - MJC,US,9,USD,2026,724,0.5525%,0.25000,4,1.00,0.00,0
"=""amzn1.ads-account.g.mxheehzl72t4l5it1hfsk6xz""",Portwest SE,,"=""376936864967411""",Auto All - EURO Expansion 4 V2 - Campaign B - MJC,SE,3,SEK,2026,163080,0.3520%,1.04347,574,598.95,5896.34,33
"=""amzn1.ads-account.g.7qon60b3itwr4fzatg0h6r5fv""",Portwest IT,,"=""344146066785323""",SP - Project Candy Auto Low Bid - Bridging Promo - 22 Sep - MJC,IT,10,EUR,2025,1854184,0.2750%,0.10937,5099,557.70,3618.33,263
"=""amzn1.ads-account.g.1pajz8jo9dcmlcw2654w4ynhd""",Portwest Australia,,"=""217891372626753""",Display Ads Converting S841,AU,2,AUD,2025,2,0.0000%,,0,0.00,0.00,0
"=""amzn1.ads-account.g.mxheehzl72t4l5it1hfsk6xz""",Portwest SE,,"=""506264653748482""",SP - Project Candy - Bridging Promo - 22 Sep 2025 - Auto Low Bid - MJC,SE,11,SEK,2025,52170,0.3469%,1.28199,181,232.04,2834.97,10
"=""amzn1.ads-account.g.6wubx539i9z2ina5h90v21w6e""",WWD - Workwear Depot,,"=""505622175738793""",DX4 Product Launch Auto - Low Bid Oct 2024 - JC,US,1,USD,2026,9445,1.4611%,0.24333,138,33.58,0.00,0
"=""amzn1.ads-account.g.9mvvwnjt2tsmdz08926vlb17a""",Portwest DE,,"=""339739082571714""",Auto Low Bid - Q1 2024 - Feb Deals - MJC,DE,3,EUR,2025,598439,0.2333%,0.15930,1396,222.38,4830.52,160
"=""amzn1.ads-account.g.9mvvwnjt2tsmdz08926vlb17a""",Portwest DE,,"=""447304808837659""",SP - PRIME DAY - Project Candy Low Bid with Multi,DE,7,EUR,2026,660502,0.4808%,0.22788,3176,723.75,10997.05,683
"=""amzn1.ads-account.g.5dfl8rvx53v3cuqmb1snnubcf""",Portwest NL,,"=""332773737266901""",Droppers (From UK) - Auto Low Bid - MJC,NL,11,EUR,2025,8551,0.4093%,0.06143,35,2.15,46.17,5
"=""amzn1.ads-account.g.bak81x0kttgh0i1ah3ezzzu2m""",Portwest PL,,"=""490065738750316""",Droppers (From UK) - Auto Low Bid - MJC,PL,4,PLN,2026,16452,0.3829%,0.45175,63,28.46,163.18,2
"=""amzn1.ads-account.g.7qon60b3itwr4fzatg0h6r5fv""",Portwest IT,,"=""325147263942313""",Keyword Research Low Bid Group 2 - BRD PHR Oct 2024 - JC,IT,5,EUR,2025,329746,0.4355%,0.17311,1436,248.59,1978.63,148
"=""amzn1.ads-account.g.95u2ty2xhpic90diqqwzt6a2s""",Portwest USA,,"=""409405592960837""",Profit Expand Group 4 - Low Bid BRD & PHR - JC,US,8,USD,2025,178121,0.6181%,0.29533,1101,325.16,2339.72,140
"=""amzn1.ads-account.g.9mvvwnjt2tsmdz08926vlb17a""",Portwest DE,,"=""547494018872329""",Keyword Research Low Bid (Seasonal) - BRD PHR - SD,DE,6,EUR,2025,395545,0.2364%,0.24068,935,225.04,1958.29,147
"=""amzn1.ads-account.g.9mvvwnjt2tsmdz08926vlb17a""",Portwest DE,,"=""184430825120105""",PAT Competitor - C733 (CY),DE,8,EUR,2026,1859,0.9683%,0.69611,18,12.53,112.07,8
"=""amzn1.ads-account.g.9mvvwnjt2tsmdz08926vlb17a""",Portwest DE,,"=""151460587266063""",PAT Competitor - H440 (CY),DE,1,EUR,2025,3409,0.4107%,0.33214,14,4.65,32.99,1
"=""amzn1.ads-account.g.1pajz8jo9dcmlcw2654w4ynhd""",Portwest Australia,,"=""211972647042468""",Profit Expand BRD & PHR - Low Bid - MJC,AU,3,AUD,2025,97421,0.3983%,0.20606,388,79.95,1457.08,50
"=""amzn1.ads-account.g.6wubx539i9z2ina5h90v21w6e""",WWD - Workwear Depot,,"=""278469250312380""",A - Auto Low Bid - May 2023 - MJC,US,5,USD,2026,709,0.4231%,0.25000,3,0.75,0.00,0
"=""amzn1.ads-account.g.1pajz8jo9dcmlcw2654w4ynhd""",Portwest Australia,,"=""302643831867198""",Droppers - Auto Low Bid - MJC,AU,11,AUD,2025,21212,0.8863%,0.37766,188,71.00,887.34,51
"=""amzn1.ads-account.g.mxheehzl72t4l5it1hfsk6xz""",Portwest SE,,"=""329244351830333""",Droppers (From UK) - Auto Low Bid - MJC,SE,11,SEK,2025,13699,0.3577%,0.65429,49,32.06,1749.60,4
"=""amzn1.ads-account.g.6wubx539i9z2ina5h90v21w6e""",WWD - Workwear Depot,,"=""262860660370351""",B - Auto Low Bid - May 2023 - MJC,US,1,USD,2026,1056,0.0000%,,0,0.00,0.00,0
"=""amzn1.ads-account.g.1pajz8jo9dcmlcw2654w4ynhd""",Portwest Australia,,"=""108617369848228""",Display Ads Converting FW90,AU,12,AUD,2025,107,0.0000%,,0,0.00,0.00,0
"=""amzn1.ads-account.g.1pajz8jo9dcmlcw2654w4ynhd""",Portwest Australia,,"=""411010298200586""",Store Spotlight SB - SD,AU,1,AUD,2025,325270,0.1174%,0.22589,382,86.29,688.62,36
"=""amzn1.ads-account.g.9mvvwnjt2tsmdz08926vlb17a""",Portwest DE,,"=""358197710343541""",Project Candy - Converting EXT - 20240711,DE,8,EUR,2025,85620,0.3352%,0.23686,287,67.98,468.78,35
"=""amzn1.ads-account.g.7qon60b3itwr4fzatg0h6r5fv""",Portwest IT,,"=""325147263942313""",Keyword Research Low Bid Group 2 - BRD PHR Oct 2024 - JC,IT,8,EUR,2026,136480,0.5466%,0.17673,746,131.84,1122.93,100
"=""amzn1.ads-account.g.9mvvwnjt2tsmdz08926vlb17a""",Portwest DE,,"=""484663444651191""",Keyword Research Low Bid - BRD PHR - SD,DE,5,EUR,2025,1241465,0.1840%,0.24183,2284,552.33,6377.82,353
"=""amzn1.ads-account.g.6wubx539i9z2ina5h90v21w6e""",WWD - Workwear Depot,,"=""20901691149359""",T - Auto Low Bid - May 2023 - MJC,US,1,USD,2025,22104,0.3891%,0.23744,86,20.42,0.00,0
"=""amzn1.ads-account.g.95u2ty2xhpic90diqqwzt6a2s""",Portwest USA,,"=""538640203987393""",Profit Focus US440 - Exact - Oct 2024 - JC,US,4,USD,2025,4291,1.2118%,0.87500,52,45.50,135.80,8
"=""amzn1.ads-account.g.9mvvwnjt2tsmdz08926vlb17a""",Portwest DE,,"=""555695194898382""",SP - PBDD - Project Candy Low Bid - MJC,DE,2,EUR,2026,1530352,0.4608%,0.15540,7052,1095.86,20569.54,961
"=""amzn1.ads-account.g.1pajz8jo9dcmlcw2654w4ynhd""",Portwest Australia,,"=""313517393614726""",Push Q1 2024 - Auto Low Bid - MJC,AU,6,AUD,2026,151301,0.4118%,0.47589,623,296.48,2084.69,80
"=""amzn1.ads-account.g.betoci5lb82z6jole1u6tt780""",Portwest FR,,"=""19826924345521""",Growers - Auto Low Bid - MJC,FR,12,EUR,2025,293899,0.3266%,0.16123,960,154.78,2572.19,110
"=""amzn1.ads-account.g.betoci5lb82z6jole1u6tt780""",Portwest FR,,"=""148284969926993""",Droppers - Auto Low Bid - MJC,FR,7,EUR,2025,199364,0.5573%,0.14728,1111,163.63,3900.69,221
"=""amzn1.ads-account.g.1pajz8jo9dcmlcw2654w4ynhd""",Portwest Australia,,"=""519274833218421""",Facemasks - Keyword Res - All Match Types - MJC,AU,1,AUD,2025,43330,0.4154%,0.68794,180,123.83,539.94,23
"=""amzn1.ads-account.g.9mvvwnjt2tsmdz08926vlb17a""",Portwest DE,,"=""524187804468115""",Store Spotlight SB DE (2) - SD,DE,8,EUR,2025,676565,0.0273%,0.17816,185,32.96,200.36,4
"=""amzn1.ads-account.g.1pajz8jo9dcmlcw2654w4ynhd""",Portwest Australia,,"=""355925356602496""","Core Keywords, Close Match EXT - Suggested Bid - AH",AU,6,AUD,2025,19843,0.5544%,0.36073,110,39.68,268.17,11
"=""amzn1.ads-account.g.6wubx539i9z2ina5h90v21w6e""",WWD - Workwear Depot,,"=""499053194388859""",SP - Project Candy Low Bid - PAT Profit - EXT - MJC,US,2,USD,2026,784,0.7653%,0.14500,6,0.87,31.99,1
"=""amzn1.ads-account.g.5dfl8rvx53v3cuqmb1snnubcf""",Portwest NL,,"=""481032442344858""",Auto Low Bid - Q1 2024 - Feb Deals - MJC,NL,6,EUR,2026,22728,0.3036%,0.09754,69,6.73,14.70,3
"=""amzn1.ads-account.g.7qon60b3itwr4fzatg0h6r5fv""",Portwest IT,,"=""491583009841605""",SP - Bridging Promo until 4th Aug - Project Candy Low Bid - MJC,IT,5,EUR,2026,192812,0.3044%,0.15964,587,93.71,903.48,61
"=""amzn1.ads-account.g.9mvvwnjt2tsmdz08926vlb17a""",Portwest DE,,"=""191386157012832""",Growers - Auto Low Bid - MJC,DE,2,EUR,2026,305216,0.4220%,0.17068,1288,219.84,3332.40,148
"=""amzn1.ads-account.g.betoci5lb82z6jole1u6tt780""",Portwest FR,,"=""456555263277852""",Keyword Research Low Bid (New Selection) - BRD PHR - SD,FR,1,EUR,2025,460443,0.3375%,0.18533,1554,288.01,4343.11,198
"=""amzn1.ads-account.g.9zovk6zrqsgpaj8x2od1sbl53""",Portwest - BE BISS - (Pan-EU),,"=""344800929956085""",Auto All - EURO Expansion 4 - Campaign A - MJC,BE,11,EUR,2025,115126,1.0580%,0.10488,1218,127.74,2535.61,169
"=""amzn1.ads-account.g.mxheehzl72t4l5it1hfsk6xz""",Portwest SE,,"=""508987492133915""",Growers (From UK) - Auto Low Bid - MJC,SE,6,SEK,2025,14914,0.4224%,0.80492,63,50.71,1234.04,5
"=""amzn1.ads-account.g.9mvvwnjt2tsmdz08926vlb17a""",Portwest DE,,"=""145924525357081""",Droppers - Auto Low Bid - MJC,DE,4,EUR,2026,44363,0.5275%,0.17363,234,40.63,519.42,30
"=""amzn1.ads-account.g.6wubx539i9z2ina5h90v21w6e""",WWD - Workwear Depot,,"=""278469250312380""",A - Auto Low Bid - May 2023 - MJC,US,8,USD,2025,380,0.2632%,0.25000,1,0.25,0.00,0
"=""amzn1.ads-account.g.9mvvwnjt2tsmdz08926vlb17a""",Portwest DE,,"=""358197710343541""",Project Candy - Converting EXT - 20240711,DE,1,EUR,2026,133513,0.3603%,0.22243,481,106.99,1118.81,62
"=""amzn1.ads-account.g.1pajz8jo9dcmlcw2654w4ynhd""",Portwest Australia,,"=""459317093535210""",SP - Black Friday Week - Project Candy Low Bid - with Multi - MJC,AU,11,AUD,2025,504631,0.3210%,0.21920,1620,355.10,2256.86,152
"=""amzn1.ads-account.g.1pajz8jo9dcmlcw2654w4ynhd""",Portwest Australia,,"=""257891712755572""",Profit MJC,AU,8,AUD,2026,21456,0.4661%,1.01940,100,101.94,913.26,28
"=""amzn1.ads-account.g.1pajz8jo9dcmlcw2654w4ynhd""",Portwest Australia,,"=""371634636717287""",Manual Profit Expand BRD PHR Low Bid - Q2 2024 - MJC,AU,1,AUD,2025,21888,0.5437%,0.23353,119,27.79,121.23,11
"=""amzn1.ads-account.g.9mvvwnjt2tsmdz08926vlb17a""",Portwest DE,,"=""448372766050370""",Bridging Promo 24 May - Project Candy Low Bid - MJC,DE,5,EUR,2026,223687,0.2208%,0.19075,494,94.23,729.17,30
"=""amzn1.ads-account.g.95u2ty2xhpic90diqqwzt6a2s""",Portwest USA,,"=""408324720320680""",(B2B Multiplier Test) - Profit Expand Group 1 - Low Bid BRD & PHR - JC,US,1,USD,2025,231021,0.4597%,0.30281,1062,321.58,3179.05,57
"=""amzn1.ads-account.g.bak81x0kttgh0i1ah3ezzzu2m""",Portwest PL,,"=""411231244404388""",Project Candy - Target Styles Q4 2024 - Auto Low Bid - MJC,PL,11,PLN,2025,23054,0.4381%,0.61792,101,62.41,63.75,7
"=""amzn1.ads-account.g.95u2ty2xhpic90diqqwzt6a2s""",Portwest USA,,"=""378183114449311""",Store Spotlight SB - Oct 2024 - JC,US,11,USD,2025,457860,0.0786%,0.21531,360,77.51,1386.95,31
"=""amzn1.ads-account.g.9mvvwnjt2tsmdz08926vlb17a""",Portwest DE,,"=""448372766050370""",Bridging Promo 24 May - Project Candy Low Bid - MJC,DE,3,EUR,2026,173920,0.2605%,0.19097,453,86.51,844.87,43
"=""amzn1.ads-account.g.1pajz8jo9dcmlcw2654w4ynhd""",Portwest Australia,,"=""396025250237617""",Manual Profit EXT Low Bid - Q2 2024 - MJC,AU,4,AUD,2025,12721,0.5739%,0.26096,73,19.05,475.76,15
"=""amzn1.ads-account.g.1pajz8jo9dcmlcw2654w4ynhd""",Portwest Australia,,"=""82479822838699""",Auto Low Bid - Unhealthy Inventory V2 - MJC,AU,5,AUD,2026,111294,0.5670%,0.29257,631,184.61,2543.72,69
"=""amzn1.ads-account.g.5dfl8rvx53v3cuqmb1snnubcf""",Portwest NL,,"=""389075736151395""",Auto All - EURO Expansion 4 - Campaign B - MJC,NL,1,EUR,2025,177095,0.4630%,0.05170,820,42.39,1610.24,62
"=""amzn1.ads-account.g.6wubx539i9z2ina5h90v21w6e""",WWD - Workwear Depot,,"=""123049042264341""",Portwest + Style Code - Manual EXACT - MJC,US,4,USD,2025,207,9.1787%,0.35211,19,6.69,381.95,22
"=""amzn1.ads-account.g.1pajz8jo9dcmlcw2654w4ynhd""",Portwest Australia,,"=""483038863547527""",New Respirator Masks - Auto - MJC,AU,2,AUD,2025,33985,0.3737%,0.35102,127,44.58,846.58,47
"=""amzn1.ads-account.g.betoci5lb82z6jole1u6tt780""",Portwest FR,,"=""481907341387279""",Home and Garden 2025 - Project Candy - Auto Low Bid - MJC,FR,7,EUR,2026,373709,0.3412%,0.12550,1275,160.01,3205.84,122
"=""amzn1.ads-account.g.9mvvwnjt2tsmdz08926vlb17a""",Portwest DE,,"=""484663444651191""",Keyword Research Low Bid - BRD PHR - SD,DE,8,EUR,2026,309670,0.2635%,0.23110,816,188.58,3899.82,232
"=""amzn1.ads-account.g.95u2ty2xhpic90diqqwzt6a2s""",Portwest USA,,"=""340748795056441""",Style Specific - UH447 - Auto Low Bid (0.25) with Dayparting - Weekdays at 50% - MJC,US,1,USD,2025,3572,1.2318%,0.50818,44,22.36,552.70,7
"=""amzn1.ads-account.g.7qon60b3itwr4fzatg0h6r5fv""",Portwest IT,,"=""499173945259706""",Project Candy - Target Styles Q4 2024 - Auto Low Bid - MJC,IT,9,EUR,2026,182362,0.2490%,0.20443,454,92.81,488.34,29
"=""amzn1.ads-account.g.1pajz8jo9dcmlcw2654w4ynhd""",Portwest Australia,,"=""463416327324191""",Growers - Auto Low Bid - MJC,AU,12,AUD,2025,1061,0.1885%,0.33000,2,0.66,0.00,0
"=""amzn1.ads-account.g.1pajz8jo9dcmlcw2654w4ynhd""",Portwest Australia,,"=""313517393614726""",Push Q1 2024 - Auto Low Bid - MJC,AU,11,AUD,2025,171080,0.3758%,0.35649,643,229.22,1997.95,133
"=""amzn1.ads-account.g.5dfl8rvx53v3cuqmb1snnubcf""",Portwest NL,,"=""392977465332326""",Growers (From UK) - Auto Low Bid - MJC,NL,2,EUR,2026,5872,0.6812%,0.07150,40,2.86,0.00,0
"=""amzn1.ads-account.g.1pajz8jo9dcmlcw2654w4ynhd""",Portwest Australia,,"=""328813373672013""",Aoife Keyword Res - Manual EXT - MJC 24,AU,7,AUD,2025,19627,0.1274%,0.48280,25,12.07,24.91,2
"=""amzn1.ads-account.g.9mvvwnjt2tsmdz08926vlb17a""",Portwest DE,,"=""55994507565416""",Auto Campaign - C733 (CY),DE,3,EUR,2025,8485,0.1532%,0.46538,13,6.05,74.60,4
"=""amzn1.ads-account.g.95u2ty2xhpic90diqqwzt6a2s""",Portwest USA,,"=""409405592960837""",Profit Expand Group 4 - Low Bid BRD & PHR - JC,US,11,USD,2025,113857,0.8440%,0.31892,961,306.48,1566.15,80
"=""amzn1.ads-account.g.8os9jbxe8uolgs0z0ka9qua0q""",Portwest ES,,"=""412217386163037""",Auto Low Bid - Q4 2023 - MJC,ES,11,EUR,2025,172197,0.2015%,0.17003,347,59.00,392.64,25
"=""amzn1.ads-account.g.95u2ty2xhpic90diqqwzt6a2s""",Portwest USA,,"=""345133918085337""",Keyword Research Low Bid - BRD PHR - JC,US,6,USD,2025,143950,0.4363%,0.23986,628,150.63,1435.58,49
"=""amzn1.ads-account.g.6wubx539i9z2ina5h90v21w6e""",WWD - Workwear Depot,,"=""353455736089883""",SP - Project Candy Low Bid - Winning Terms - Profit - EXT - MJC,US,2,USD,2026,29229,0.5303%,0.24510,155,37.99,186.95,5
"=""amzn1.ads-account.g.6wubx539i9z2ina5h90v21w6e""",WWD - Workwear Depot,,"=""157714611577244""",M - Auto Low Bid - May 2023 - MJC,US,2,USD,2026,96,2.0833%,0.25000,2,0.50,0.00,0
"=""amzn1.ads-account.g.8os9jbxe8uolgs0z0ka9qua0q""",Portwest ES,,"=""468167772243698""",Home and Garden 2025 - Project Candy - Auto Low Bid - MJC,ES,9,EUR,2026,142111,0.2252%,0.15356,320,49.14,351.72,19
"=""amzn1.ads-account.g.9zovk6zrqsgpaj8x2od1sbl53""",Portwest - BE BISS - (Pan-EU),,"=""457392713613897""",Droppers (From UK) - Auto Low Bid - MJC,BE,7,EUR,2025,1593,1.5694%,0.10760,25,2.69,58.57,3
"=""amzn1.ads-account.g.95u2ty2xhpic90diqqwzt6a2s""",Portwest USA,,"=""310313949746032""",Growers - Auto Low Bid - MJC,US,2,USD,2025,514209,0.1577%,0.23933,811,194.10,1630.45,66
"=""amzn1.ads-account.g.6wubx539i9z2ina5h90v21w6e""",WWD - Workwear Depot,,"=""262860660370351""",B - Auto Low Bid - May 2023 - MJC,US,6,USD,2025,542,0.0000%,,0,0.00,0.00,0
"=""amzn1.ads-account.g.8os9jbxe8uolgs0z0ka9qua0q""",Portwest ES,,"=""536026367346324""",Project Candy - Converting EXT - 20240711,ES,2,EUR,2025,17377,0.3913%,0.14265,68,9.70,48.55,3
"=""amzn1.ads-account.g.95u2ty2xhpic90diqqwzt6a2s""",Portwest USA,,"=""371243070537578""","Style Specific - UH447 - Core Keywords, Close Match EXT - Suggested Bid - MJC",US,7,USD,2025,266,0.3759%,0.78000,1,0.78,0.00,0
"=""amzn1.ads-account.g.95u2ty2xhpic90diqqwzt6a2s""",Portwest USA,,"=""404384002405554""",Style Specific - UH447 - Keyword Research Low Bid (0.25) - BRD PHR - Dayparting 25 Increase Weekdays - MJC,US,10,USD,2025,25554,0.6496%,0.34343,166,57.01,414.41,5
"=""amzn1.ads-account.g.95u2ty2xhpic90diqqwzt6a2s""",Portwest USA,,"=""446556638681330""",Keyword Research 3 Low Bid - BRD PHR - JC,US,5,USD,2025,814965,0.0437%,0.25890,356,92.17,876.97,30
"=""amzn1.ads-account.g.95u2ty2xhpic90diqqwzt6a2s""",Portwest USA,,"=""538640203987393""",Profit Focus US440 - Exact - Oct 2024 - JC,US,6,USD,2025,5139,2.0043%,0.98010,103,100.95,482.68,31
"=""amzn1.ads-account.g.5dfl8rvx53v3cuqmb1snnubcf""",Portwest NL,,"=""392977465332326""",Growers (From UK) - Auto Low Bid - MJC,NL,4,EUR,2026,3723,0.7252%,0.09185,27,2.48,56.14,8
"=""amzn1.ads-account.g.1pajz8jo9dcmlcw2654w4ynhd""",Portwest Australia,,"=""211972647042468""",Profit Expand BRD & PHR - Low Bid - MJC,AU,5,AUD,2026,101983,0.5952%,0.26987,607,163.81,1738.17,56
"=""amzn1.ads-account.g.bak81x0kttgh0i1ah3ezzzu2m""",Portwest PL,,"=""498483964951140""",Auto Low Bid - Q1 2024 - Feb Deals - MJC,PL,6,PLN,2026,1105,0.1810%,0.07500,2,0.15,0.00,0
"=""amzn1.ads-account.g.9mvvwnjt2tsmdz08926vlb17a""",Portwest DE,,"=""64675969377502""",SP - Amazon Business Project Candy - Missing Styles June 2026 - Low Bid - MJC (A),DE,6,EUR,2026,51736,0.2629%,0.30934,136,42.07,123.25,3
"=""amzn1.ads-account.g.5dfl8rvx53v3cuqmb1snnubcf""",Portwest NL,,"=""420604139575816""",SP - Project Candy - Bridging Promo - 22 Sep 2025 - Auto Low Bid - MJC,NL,3,EUR,2026,5753,0.7474%,0.12349,43,5.31,38.91,1
"=""amzn1.ads-account.g.7qon60b3itwr4fzatg0h6r5fv""",Portwest IT,,"=""432140609662787""",SP - UK Gap Products - Project Candy - Auto Low Bid - MJC,IT,5,EUR,2025,726253,0.3043%,0.14019,2210,309.81,2813.12,151
"=""amzn1.ads-account.g.1pajz8jo9dcmlcw2654w4ynhd""",Portwest Australia,,"=""96146253128422""",Display Ads Converting H441,AU,1,AUD,2025,4,0.0000%,,0,0.00,0.00,0
"=""amzn1.ads-account.g.9mvvwnjt2tsmdz08926vlb17a""",Portwest DE,,"=""234439264649803""",PAT Competitor - S999 (CY),DE,4,EUR,2025,1405,0.6406%,0.39222,9,3.53,0.00,0
"=""amzn1.ads-account.g.8os9jbxe8uolgs0z0ka9qua0q""",Portwest ES,,"=""466433429362650""",Keyword Research Low Bid (Top Sellers) - BRD PHR - SD,ES,2,EUR,2025,1708374,0.1161%,0.18056,1983,358.06,2595.38,158
"=""amzn1.ads-account.g.8os9jbxe8uolgs0z0ka9qua0q""",Portwest ES,,"=""412217386163037""",Auto Low Bid - Q4 2023 - MJC,ES,6,EUR,2026,106794,0.3970%,0.10875,424,46.11,791.31,39
"=""amzn1.ads-account.g.6wubx539i9z2ina5h90v21w6e""",WWD - Workwear Depot,,"=""157714611577244""",M - Auto Low Bid - May 2023 - MJC,US,6,USD,2026,29,0.0000%,,0,0.00,0.00,0
"=""amzn1.ads-account.g.betoci5lb82z6jole1u6tt780""",Portwest FR,,"=""375571445949915""",Keyword Research Low Bid - BRD PHR - SD,FR,7,EUR,2025,329470,0.2340%,0.18088,771,139.46,2013.23,83
"=""amzn1.ads-account.g.5dfl8rvx53v3cuqmb1snnubcf""",Portwest NL,,"=""443819118758041""",Bridging Promo 24 May - Project Candy Low Bid - MJC,NL,9,EUR,2025,16657,0.3302%,0.11673,55,6.42,27.31,2
"=""amzn1.ads-account.g.5dfl8rvx53v3cuqmb1snnubcf""",Portwest NL,,"=""392977465332326""",Growers (From UK) - Auto Low Bid - MJC,NL,3,EUR,2026,239,0.4184%,0.09000,1,0.09,0.00,0
"=""amzn1.ads-account.g.95u2ty2xhpic90diqqwzt6a2s""",Portwest USA,,"=""538337297480785""",Auto Low Bid - Vendor Push December 2023 - MJC,US,4,USD,2025,166020,0.6602%,0.26026,1096,285.25,4080.53,117
"=""amzn1.ads-account.g.bak81x0kttgh0i1ah3ezzzu2m""",Portwest PL,,"=""498483964951140""",Auto Low Bid - Q1 2024 - Feb Deals - MJC,PL,2,PLN,2025,8612,0.0697%,0.05000,6,0.30,0.00,0
"=""amzn1.ads-account.g.1pajz8jo9dcmlcw2654w4ynhd""",Portwest Australia,,"=""96146253128422""",Display Ads Converting H441,AU,8,AUD,2025,9,0.0000%,,0,0.00,0.00,0
"=""amzn1.ads-account.g.9mvvwnjt2tsmdz08926vlb17a""",Portwest DE,,"=""52065936047090""",Droppers - Profit - MJC`,DE,7,EUR,2025,4928,0.9334%,0.22304,46,10.26,211.87,13
"=""amzn1.ads-account.g.6wubx539i9z2ina5h90v21w6e""",WWD - Workwear Depot,,"=""262860660370351""",B - Auto Low Bid - May 2023 - MJC,US,2,USD,2026,502,0.0000%,,0,0.00,0.00,0
"=""amzn1.ads-account.g.6wubx539i9z2ina5h90v21w6e""",WWD - Workwear Depot,,"=""317606326104162""",Auto Low Bid - Seller Push May 2024 - MJC,US,1,USD,2025,15227,0.1313%,0.20700,20,4.14,0.00,0
"=""amzn1.ads-account.g.7qon60b3itwr4fzatg0h6r5fv""",Portwest IT,,"=""325147263942313""",Keyword Research Low Bid Group 2 - BRD PHR Oct 2024 - JC,IT,5,EUR,2026,183118,0.6941%,0.16972,1271,215.71,2161.04,198
"=""amzn1.ads-account.g.1pajz8jo9dcmlcw2654w4ynhd""",Portwest Australia,,"=""519274833218421""",Facemasks - Keyword Res - All Match Types - MJC,AU,9,AUD,2025,22389,0.6744%,0.79430,151,119.94,576.85,37
"=""amzn1.ads-account.g.betoci5lb82z6jole1u6tt780""",Portwest FR,,"=""431361080682482""",SP - PRIME DAY - Project Candy Low Bid with Multi,FR,6,EUR,2026,707502,0.2742%,0.21305,1940,413.32,8605.10,433
"=""amzn1.ads-account.g.8os9jbxe8uolgs0z0ka9qua0q""",Portwest ES,,"=""470198564047574""",SP - PRIME DAY - Project Candy Low Bid with Multi,ES,8,EUR,2026,85026,0.3434%,0.15733,292,45.94,590.84,30
"=""amzn1.ads-account.g.95u2ty2xhpic90diqqwzt6a2s""",Portwest USA,,"=""462325957755715""",B2B Only 500% Multi Test - Project Candy Low Bid - MJC,US,6,USD,2026,8102,0.7776%,0.89540,63,56.41,1900.11,71
"=""amzn1.ads-account.g.1pajz8jo9dcmlcw2654w4ynhd""",Portwest Australia,,"=""476491807026648""",2852 - Top Seller - Auto Low Bid - MJC,AU,11,AUD,2025,949,0.3161%,0.36667,3,1.10,90.07,3
"=""amzn1.ads-account.g.1pajz8jo9dcmlcw2654w4ynhd""",Portwest Australia,,"=""274645847327056""",Display Ads Converting  FW95,AU,4,AUD,2025,21,0.0000%,,0,0.00,0.00,0
"=""amzn1.ads-account.g.1pajz8jo9dcmlcw2654w4ynhd""",Portwest Australia,,"=""476491807026648""",2852 - Top Seller - Auto Low Bid - MJC,AU,6,AUD,2025,704,0.4261%,0.39000,3,1.17,69.96,3
"=""amzn1.ads-account.g.betoci5lb82z6jole1u6tt780""",Portwest FR,,"=""201893153506278""",Droppers - Profit - MJC,FR,12,EUR,2025,8257,0.3149%,0.16000,26,4.16,20.51,3
"=""amzn1.ads-account.g.1pajz8jo9dcmlcw2654w4ynhd""",Portwest Australia,,"=""211972647042468""",Profit Expand BRD & PHR - Low Bid - MJC,AU,9,AUD,2026,18897,0.4445%,0.28643,84,24.06,287.36,11
"=""amzn1.ads-account.g.9mvvwnjt2tsmdz08926vlb17a""",Portwest DE,,"=""288384587728489""",Bridging Promo 17 May - Project Candy Low Bid - MJC,DE,9,EUR,2025,107933,0.4651%,0.14876,502,74.68,1374.83,64
"=""amzn1.ads-account.g.9mvvwnjt2tsmdz08926vlb17a""",Portwest DE,,"=""191386157012832""",Growers - Auto Low Bid - MJC,DE,10,EUR,2025,276702,0.6165%,0.23644,1706,403.36,3883.76,272
"=""amzn1.ads-account.g.1pajz8jo9dcmlcw2654w4ynhd""",Portwest Australia,,"=""110745821211934""",Display Ads Converting A310,AU,2,AUD,2025,1,0.0000%,,0,0.00,0.00,0
"=""amzn1.ads-account.g.1pajz8jo9dcmlcw2654w4ynhd""",Portwest Australia,,"=""188584067285470""",Display Ads Converting PW40,AU,1,AUD,2025,26,0.0000%,,0,0.00,0.00,0
"=""amzn1.ads-account.g.9mvvwnjt2tsmdz08926vlb17a""",Portwest DE,,"=""339739082571714""",Auto Low Bid - Q1 2024 - Feb Deals - MJC,DE,3,EUR,2026,188334,0.2453%,0.16043,462,74.12,628.11,30
"=""amzn1.ads-account.g.7qon60b3itwr4fzatg0h6r5fv""",Portwest IT,,"=""365836086305490""",Keyword Research Low Bid Group 1 - BRD PHR Oct 2024 - JC,IT,6,EUR,2026,135961,0.2155%,0.15020,293,44.01,449.79,19
"=""amzn1.ads-account.g.betoci5lb82z6jole1u6tt780""",Portwest FR,,"=""330209804597144""",SP - Bridging Promo until 4th Aug - Project Candy Low Bid - MJC,FR,4,EUR,2026,125934,0.4939%,0.15521,622,96.54,1475.53,132
"=""amzn1.ads-account.g.1pajz8jo9dcmlcw2654w4ynhd""",Portwest Australia,,"=""483038863547527""",New Respirator Masks - Auto - MJC,AU,9,AUD,2026,11906,0.5207%,0.37935,62,23.52,193.72,11
"=""amzn1.ads-account.g.1pajz8jo9dcmlcw2654w4ynhd""",Portwest Australia,,"=""519274833218421""",Facemasks - Keyword Res - All Match Types - MJC,AU,8,AUD,2025,18375,0.5932%,0.87761,109,95.66,353.21,23
"=""amzn1.ads-account.g.5dfl8rvx53v3cuqmb1snnubcf""",Portwest NL,,"=""360807979703590""",Auto Low Bid - Q4 2023 - MJC,NL,6,EUR,2026,22614,0.2344%,0.10585,53,5.61,32.88,2
"=""amzn1.ads-account.g.bak81x0kttgh0i1ah3ezzzu2m""",Portwest PL,,"=""442594519627299""",Bridging Promo 24 May - Project Candy Low Bid - MJC,PL,9,PLN,2025,38957,0.0924%,0.54861,36,19.75,0.00,0
"=""amzn1.ads-account.g.1pajz8jo9dcmlcw2654w4ynhd""",Portwest Australia,,"=""68131641215038""",Display Ads Converting S440,AU,6,AUD,2026,18,0.0000%,,0,0.00,0.00,0
"=""amzn1.ads-account.g.6wubx539i9z2ina5h90v21w6e""",WWD - Workwear Depot,,"=""322086947917851""",SP - Elbow Pads - PAT - Close Competitors - Sugg Bid - MJC,UK,12,GBP,2025,4416,0.9737%,0.74535,43,32.05,8.32,1
"=""amzn1.ads-account.g.1pajz8jo9dcmlcw2654w4ynhd""",Portwest Australia,,"=""151330554312288""",Display Ads Converting K8112,AU,1,AUD,2025,2,0.0000%,,0,0.00,0.00,0
"=""amzn1.ads-account.g.1pajz8jo9dcmlcw2654w4ynhd""",Portwest Australia,,"=""371634636717287""",Manual Profit Expand BRD PHR Low Bid - Q2 2024 - MJC,AU,6,AUD,2026,47832,0.6356%,0.20385,304,61.97,463.86,25
"=""amzn1.ads-account.g.6wubx539i9z2ina5h90v21w6e""",WWD - Workwear Depot,,"=""455322468550172""",SP - Catch All B2B - All Live Product - with Multi - MJC,US,12,USD,2025,23952,0.4760%,0.54623,114,62.27,785.35,9
"=""amzn1.ads-account.g.95u2ty2xhpic90diqqwzt6a2s""",Portwest USA,,"=""340748795056441""",Style Specific - UH447 - Auto Low Bid (0.25) with Dayparting - Weekdays at 50% - MJC,US,3,USD,2025,7983,0.7140%,0.49596,57,28.27,291.96,6
"=""amzn1.ads-account.g.betoci5lb82z6jole1u6tt780""",Portwest FR,,"=""542786883751652""",SP - Project Candy - Bridging Promo - 22 Sep 2025 - Auto Low Bid - MJC,FR,11,EUR,2025,1287348,0.3091%,0.16327,3979,649.64,5174.95,362
"=""amzn1.ads-account.g.95u2ty2xhpic90diqqwzt6a2s""",Portwest USA,,"=""537725771300092""",Profit Focus Top Styles group 2 - Exact - Oct 2024 - JC,US,9,USD,2025,6209,0.3382%,0.99857,21,20.97,0.00,0
"=""amzn1.ads-account.g.bak81x0kttgh0i1ah3ezzzu2m""",Portwest PL,,"=""442163708910699""",Auto All - EURO Expansion 4 - Campaign A - MJC,PL,8,PLN,2025,145584,0.1401%,0.29108,204,59.38,198.25,7
"=""amzn1.ads-account.g.bak81x0kttgh0i1ah3ezzzu2m""",Portwest PL,,"=""401254527269738""",Auto Low Bid - Q4 2023 - MJC,PL,5,PLN,2025,2217,0.1353%,0.15000,3,0.45,0.00,0
"=""amzn1.ads-account.g.9mvvwnjt2tsmdz08926vlb17a""",Portwest DE,,"=""547494018872329""",Keyword Research Low Bid (Seasonal) - BRD PHR - SD,DE,5,EUR,2026,201562,0.2496%,0.22115,503,111.24,1779.94,118
"=""amzn1.ads-account.g.betoci5lb82z6jole1u6tt780""",Portwest FR,,"=""431361080682482""",SP - PRIME DAY - Project Candy Low Bid with Multi,FR,3,EUR,2026,1451296,0.2880%,0.21381,4180,893.71,16000.21,782
"=""amzn1.ads-account.g.6wubx539i9z2ina5h90v21w6e""",WWD - Workwear Depot,,"=""123049042264341""",Portwest + Style Code - Manual EXACT - MJC,US,6,USD,2025,100,9.0000%,0.33000,9,2.97,0.00,0
"=""amzn1.ads-account.g.95u2ty2xhpic90diqqwzt6a2s""",Portwest USA,,"=""523654763196797""",Profit Expand Group 3 - Low Bid BRD & PHR - JC,US,5,USD,2025,82937,0.4956%,0.31146,411,128.01,1477.25,30
"=""amzn1.ads-account.g.9mvvwnjt2tsmdz08926vlb17a""",Portwest DE,,"=""151460587266063""",PAT Competitor - H440 (CY),DE,6,EUR,2025,595,0.8403%,0.52800,5,2.64,0.00,0
"=""amzn1.ads-account.g.9mvvwnjt2tsmdz08926vlb17a""",Portwest DE,,"=""382463996411738""",SP - Project Candy - Bridging Promo - 5 Sep 2025 - Auto Low Bid - MJC,DE,9,EUR,2025,2183851,0.2376%,0.17587,5189,912.60,5055.32,254
"=""amzn1.ads-account.g.1pajz8jo9dcmlcw2654w4ynhd""",Portwest Australia,,"=""74703476074231""",Profit PAT MJC,AU,6,AUD,2025,7457,0.9253%,0.26522,69,18.30,257.54,11
"=""amzn1.ads-account.g.1pajz8jo9dcmlcw2654w4ynhd""",Portwest Australia,,"=""483038863547527""",New Respirator Masks - Auto - MJC,AU,9,AUD,2025,41415,0.5843%,0.36302,242,87.85,1227.43,73
"=""amzn1.ads-account.g.95u2ty2xhpic90diqqwzt6a2s""",Portwest USA,,"=""390173334565299""",High ROAS US440 - Medium bid Oct 2024 - JC,US,8,USD,2025,1148,1.6551%,0.68895,19,13.09,27.14,2
"=""amzn1.ads-account.g.mxheehzl72t4l5it1hfsk6xz""",Portwest SE,,"=""553258769606425""",SP - Project Candy - Bridging Promo - 5 Sep 2025 - Auto Low Bid - MJC,SE,11,SEK,2025,45802,0.4061%,1.25392,186,233.23,726.72,7
"=""amzn1.ads-account.g.9mvvwnjt2tsmdz08926vlb17a""",Portwest DE,,"=""533829515195503""",SP - UK Gap Products - Project Candy - Auto Low Bid - MJC,DE,6,EUR,2025,889177,0.3795%,0.14484,3374,488.68,8104.40,465
"=""amzn1.ads-account.g.95u2ty2xhpic90diqqwzt6a2s""",Portwest USA,,"=""446556638681330""",Keyword Research 3 Low Bid - BRD PHR - JC,US,2,USD,2025,676037,0.1009%,0.24419,682,166.54,1341.40,67
"=""amzn1.ads-account.g.9mvvwnjt2tsmdz08926vlb17a""",Portwest DE,,"=""484663444651191""",Keyword Research Low Bid - BRD PHR - SD,DE,6,EUR,2026,227695,0.1919%,0.23503,437,102.71,1839.09,97
"=""amzn1.ads-account.g.95u2ty2xhpic90diqqwzt6a2s""",Portwest USA,,"=""409985325957400""",PAT Profit Style group 3 - Low bid Sep 204 - JC,US,6,USD,2025,6144,1.2858%,0.29949,79,23.66,105.81,8
"=""amzn1.ads-account.g.8os9jbxe8uolgs0z0ka9qua0q""",Portwest ES,,"=""367290865442505""",SP - Project Candy - Bridging Promo - 5 Sep 2025 - Auto Low Bid - MJC,ES,12,EUR,2025,87482,0.2183%,0.16335,191,31.20,105.51,6
"=""amzn1.ads-account.g.8os9jbxe8uolgs0z0ka9qua0q""",Portwest ES,,"=""468167772243698""",Home and Garden 2025 - Project Candy - Auto Low Bid - MJC,ES,6,EUR,2025,1655106,0.2788%,0.13874,4614,640.16,5677.71,250
"=""amzn1.ads-account.g.8os9jbxe8uolgs0z0ka9qua0q""",Portwest ES,,"=""547962426196207""",Auto Low Bid - Q1 2024 - Feb Deals - MJC,ES,6,EUR,2025,431021,0.1993%,0.13964,859,119.95,961.84,50
"=""amzn1.ads-account.g.5dfl8rvx53v3cuqmb1snnubcf""",Portwest NL,,"=""444011378490748""",SP - Project Candy - Bridging Promo - 5 Sep 2025 - Auto Low Bid - MJC,NL,2,EUR,2026,102268,0.6072%,0.11697,621,72.64,436.39,37
"=""amzn1.ads-account.g.95u2ty2xhpic90diqqwzt6a2s""",Portwest USA,,"=""283483470831455""",PAT Profit US440 - Low Bid Sep 2024 - JC,US,1,USD,2025,15409,1.0708%,0.35176,165,58.04,399.43,25
"=""amzn1.ads-account.g.95u2ty2xhpic90diqqwzt6a2s""",Portwest USA,,"=""541135041482838""",Vendor Auto Low Bid - Focus Ranges - Nov 2023 - MJC,US,9,USD,2026,18149,0.6998%,0.23449,127,29.78,130.22,7
"=""amzn1.ads-account.g.9mvvwnjt2tsmdz08926vlb17a""",Portwest DE,,"=""358197710343541""",Project Candy - Converting EXT - 20240711,DE,9,EUR,2026,36015,0.3360%,0.24099,121,29.16,144.10,9
"=""amzn1.ads-account.g.6wubx539i9z2ina5h90v21w6e""",WWD - Workwear Depot,,"=""389985294556058""",SP - Project Candy Low Bid - Active Seller List (From SD) - Sep 2025 - MJC,UK,6,GBP,2026,86716,0.6262%,0.14494,543,78.70,550.66,12
"=""amzn1.ads-account.g.95u2ty2xhpic90diqqwzt6a2s""",Portwest USA,,"=""523654763196797""",Profit Expand Group 3 - Low Bid BRD & PHR - JC,US,4,USD,2025,49925,0.6470%,0.32759,323,105.81,1365.53,27
"=""amzn1.ads-account.g.betoci5lb82z6jole1u6tt780""",Portwest FR,,"=""148284969926993""",Droppers - Auto Low Bid - MJC,FR,3,EUR,2026,137529,0.6079%,0.15929,836,133.17,3829.53,221
"=""amzn1.ads-account.g.9zovk6zrqsgpaj8x2od1sbl53""",Portwest - BE BISS - (Pan-EU),,"=""344800929956085""",Auto All - EURO Expansion 4 - Campaign A - MJC,BE,7,EUR,2025,71157,0.7505%,0.11176,534,59.68,1091.47,80
"=""amzn1.ads-account.g.7qon60b3itwr4fzatg0h6r5fv""",Portwest IT,,"=""491583009841605""",SP - Bridging Promo until 4th Aug - Project Candy Low Bid - MJC,IT,7,EUR,2026,67432,0.4493%,0.15297,303,46.35,491.86,31
"=""amzn1.ads-account.g.8os9jbxe8uolgs0z0ka9qua0q""",Portwest ES,,"=""536026367346324""",Project Candy - Converting EXT - 20240711,ES,8,EUR,2025,2949,0.6443%,0.14474,19,2.75,22.51,3
"=""amzn1.ads-account.g.1pajz8jo9dcmlcw2654w4ynhd""",Portwest Australia,,"=""514462827169654""",SP - PRIME DAY - Project Candy Low Bid with Multi,AU,1,AUD,2026,65065,0.3535%,0.34043,230,78.30,1205.43,44
"=""amzn1.ads-account.g.7qon60b3itwr4fzatg0h6r5fv""",Portwest IT,,"=""501655278304804""",Growers - Auto Low Bid - MJC,IT,4,EUR,2026,171453,0.4544%,0.09436,779,73.51,1418.56,65
"=""amzn1.ads-account.g.95u2ty2xhpic90diqqwzt6a2s""",Portwest USA,,"=""431207786236144""",Manual Profit EXT Low Bid - Q4 - MJC,US,10,USD,2025,889,0.2250%,0.25000,2,0.50,0.00,0
"=""amzn1.ads-account.g.9mvvwnjt2tsmdz08926vlb17a""",Portwest DE,,"=""151460587266063""",PAT Competitor - H440 (CY),DE,8,EUR,2025,711,0.1406%,0.25000,1,0.25,50.20,2
"=""amzn1.ads-account.g.95u2ty2xhpic90diqqwzt6a2s""",Portwest USA,,"=""363307255195676""",PAT Profit Style group 1 - Low bid Sep 2024 - JC,US,8,USD,2025,1994,0.6520%,0.27769,13,3.61,95.00,1
"=""amzn1.ads-account.g.9zovk6zrqsgpaj8x2od1sbl53""",Portwest - BE BISS - (Pan-EU),,"=""385469476566499""",Bridging Promo 31 May - Project Candy Low Bid - MJC,BE,5,EUR,2026,6310,0.9826%,0.14210,62,8.81,21.26,1
"=""amzn1.ads-account.g.1pajz8jo9dcmlcw2654w4ynhd""",Portwest Australia,,"=""82479822838699""",Auto Low Bid - Unhealthy Inventory V2 - MJC,AU,9,AUD,2026,12270,0.5705%,0.25629,70,17.94,284.27,9
"=""amzn1.ads-account.g.betoci5lb82z6jole1u6tt780""",Portwest FR,,"=""410848499689009""",Store Spotlight SB FR (2) - SD,FR,7,EUR,2025,955461,0.0511%,0.16625,488,81.13,612.45,32
"=""amzn1.ads-account.g.betoci5lb82z6jole1u6tt780""",Portwest FR,,"=""375571445949915""",Keyword Research Low Bid - BRD PHR - SD,FR,5,EUR,2026,1282745,0.0742%,0.17134,952,163.12,2658.19,130
"=""amzn1.ads-account.g.8os9jbxe8uolgs0z0ka9qua0q""",Portwest ES,,"=""27558367407787""",SP - Amazon Business Project Candy - Missing Styles June 2026 - Low Bid - MJC (A),ES,6,EUR,2026,184438,0.2369%,0.27572,437,120.49,3688.60,108
"=""amzn1.ads-account.g.1pajz8jo9dcmlcw2654w4ynhd""",Portwest Australia,,"=""302643831867198""",Droppers - Auto Low Bid - MJC,AU,7,AUD,2025,23407,0.5853%,0.36701,137,50.28,416.37,25
"=""amzn1.ads-account.g.6wubx539i9z2ina5h90v21w6e""",WWD - Workwear Depot,,"=""20901691149359""",T - Auto Low Bid - May 2023 - MJC,US,5,USD,2025,671,0.2981%,0.25000,2,0.50,0.00,0
"=""amzn1.ads-account.g.1pajz8jo9dcmlcw2654w4ynhd""",Portwest Australia,,"=""228877476300003""",Auto Low Bid - April 2023 - All Styles - MJC,AU,9,AUD,2026,74197,0.3127%,0.28147,232,65.30,1436.99,55
"=""amzn1.ads-account.g.95u2ty2xhpic90diqqwzt6a2s""",Portwest USA,,"=""310313949746032""",Growers - Auto Low Bid - MJC,US,9,USD,2025,34238,0.2307%,0.23481,79,18.55,51.88,2
"=""amzn1.ads-account.g.95u2ty2xhpic90diqqwzt6a2s""",Portwest USA,,"=""496148515305885""",Auto Low Bid - Vendor Gloves Push January 2024 - MJC,US,1,USD,2025,6382,0.2820%,0.24444,18,4.40,40.14,2
"=""amzn1.ads-account.g.95u2ty2xhpic90diqqwzt6a2s""",Portwest USA,,"=""435667212887349""",Profit Expand Group 2 - Low Bid BRD & PHR - JC,US,1,USD,2025,46533,0.6404%,0.31131,298,92.77,891.89,46
"=""amzn1.ads-account.g.95u2ty2xhpic90diqqwzt6a2s""",Portwest USA,,"=""345133918085337""",Keyword Research Low Bid - BRD PHR - JC,US,7,USD,2025,269150,0.1746%,0.22291,470,104.77,1053.78,44
"=""amzn1.ads-account.g.1pajz8jo9dcmlcw2654w4ynhd""",Portwest Australia,,"=""86138486298904""",Display Ads Converting A620,AU,5,AUD,2026,2,0.0000%,,0,0.00,0.00,0
"=""amzn1.ads-account.g.8os9jbxe8uolgs0z0ka9qua0q""",Portwest ES,,"=""412217386163037""",Auto Low Bid - Q4 2023 - MJC,ES,7,EUR,2026,32057,0.5584%,0.11810,179,21.14,531.80,20
"=""amzn1.ads-account.g.bak81x0kttgh0i1ah3ezzzu2m""",Portwest PL,,"=""457018929654451""",Auto All - EURO Expansion 4 - Campaign B - MJC,PL,11,PLN,2025,182485,0.2077%,0.31385,379,118.95,881.98,11
"=""amzn1.ads-account.g.1pajz8jo9dcmlcw2654w4ynhd""",Portwest Australia,,"=""302643831867198""",Droppers - Auto Low Bid - MJC,AU,10,AUD,2025,26743,0.8488%,0.37308,227,84.69,758.23,45
"=""amzn1.ads-account.g.betoci5lb82z6jole1u6tt780""",Portwest FR,,"=""410848499689009""",Store Spotlight SB FR (2) - SD,FR,5,EUR,2026,775992,0.0415%,0.16593,322,53.43,297.22,12
"=""amzn1.ads-account.g.1pajz8jo9dcmlcw2654w4ynhd""",Portwest Australia,,"=""480370204072590""",PAT Profit Low Bid - Q2 2024 - MJC,AU,9,AUD,2026,775,1.6774%,0.28385,13,3.69,40.87,1
"=""amzn1.ads-account.g.9mvvwnjt2tsmdz08926vlb17a""",Portwest DE,,"=""52065936047090""",Droppers - Profit - MJC`,DE,8,EUR,2025,4975,1.2261%,0.21197,61,12.93,192.68,13
"=""amzn1.ads-account.g.8os9jbxe8uolgs0z0ka9qua0q""",Portwest ES,,"=""480938456434366""",SP - UK Gap Products - Project Candy - Auto Low Bid - MJC,ES,9,EUR,2025,629958,0.2584%,0.13389,1628,217.98,1318.94,96
"=""amzn1.ads-account.g.7qon60b3itwr4fzatg0h6r5fv""",Portwest IT,,"=""432140609662787""",SP - UK Gap Products - Project Candy - Auto Low Bid - MJC,IT,3,EUR,2025,777548,0.2532%,0.14038,1969,276.41,2148.79,85
"=""amzn1.ads-account.g.9zovk6zrqsgpaj8x2od1sbl53""",Portwest - BE BISS - (Pan-EU),,"=""377546417761236""",Auto All - EURO Expansion 4 - Campaign B - MJC,BE,12,EUR,2025,149947,0.8603%,0.10307,1290,132.96,2653.45,154
"=""amzn1.ads-account.g.betoci5lb82z6jole1u6tt780""",Portwest FR,,"=""201893153506278""",Droppers - Profit - MJC,FR,10,EUR,2025,5370,0.0931%,0.10800,5,0.54,6.66,1
"=""amzn1.ads-account.g.95u2ty2xhpic90diqqwzt6a2s""",Portwest USA,,"=""523654763196797""",Profit Expand Group 3 - Low Bid BRD & PHR - JC,US,11,USD,2025,44457,0.6703%,0.32782,298,97.69,498.72,6
"=""amzn1.ads-account.g.1pajz8jo9dcmlcw2654w4ynhd""",Portwest Australia,,"=""483038863547527""",New Respirator Masks - Auto - MJC,AU,7,AUD,2026,55760,0.4412%,0.41728,246,102.65,1131.07,67
"=""amzn1.ads-account.g.1pajz8jo9dcmlcw2654w4ynhd""",Portwest Australia,,"=""44561946864050""",B2B SP Auto Low Bid - SD,AU,9,AUD,2026,2459,0.3253%,0.31000,8,2.48,61.20,4
"=""amzn1.ads-account.g.5dfl8rvx53v3cuqmb1snnubcf""",Portwest NL,,"=""420604139575816""",SP - Project Candy - Bridging Promo - 22 Sep 2025 - Auto Low Bid - MJC,NL,7,EUR,2026,119830,0.4281%,0.11945,513,61.28,770.81,38
"=""amzn1.ads-account.g.betoci5lb82z6jole1u6tt780""",Portwest FR,,"=""410848499689009""",Store Spotlight SB FR (2) - SD,FR,2,EUR,2026,352088,0.1139%,0.16454,401,65.98,641.69,32
"=""amzn1.ads-account.g.mxheehzl72t4l5it1hfsk6xz""",Portwest SE,,"=""523189388917025""",SP - Project Candy Auto Low Bid - Bridging Promo - 22 Sep - MJC,SE,6,SEK,2026,16725,0.1674%,1.15464,28,32.33,96.31,1
"=""amzn1.ads-account.g.6wubx539i9z2ina5h90v21w6e""",WWD - Workwear Depot,,"=""262860660370351""",B - Auto Low Bid - May 2023 - MJC,US,8,USD,2026,232,0.8621%,0.25000,2,0.50,0.00,0
"=""amzn1.ads-account.g.1pajz8jo9dcmlcw2654w4ynhd""",Portwest Australia,,"=""217891372626753""",Display Ads Converting S841,AU,6,AUD,2025,0,,,0,0.00,0.00,0
"=""amzn1.ads-account.g.6wubx539i9z2ina5h90v21w6e""",WWD - Workwear Depot,,"=""362238157932910""",SP - BASE - Launch - Project Candy Auto Med Bid - MJC,UK,10,GBP,2025,366745,0.3801%,0.29547,1394,411.89,708.54,7
"=""amzn1.ads-account.g.1pajz8jo9dcmlcw2654w4ynhd""",Portwest Australia,,"=""463416327324191""",Growers - Auto Low Bid - MJC,AU,9,AUD,2026,1776,0.8446%,0.44933,15,6.74,90.57,3
"=""amzn1.ads-account.g.7qon60b3itwr4fzatg0h6r5fv""",Portwest IT,,"=""491583009841605""",SP - Bridging Promo until 4th Aug - Project Candy Low Bid - MJC,IT,10,EUR,2025,599044,0.4636%,0.16185,2777,449.46,3826.43,334
"=""amzn1.ads-account.g.7qon60b3itwr4fzatg0h6r5fv""",Portwest IT,,"=""432140609662787""",SP - UK Gap Products - Project Candy - Auto Low Bid - MJC,IT,10,EUR,2025,621770,0.2250%,0.13508,1399,188.98,783.82,44
"=""amzn1.ads-account.g.1pajz8jo9dcmlcw2654w4ynhd""",Portwest Australia,,"=""110745821211934""",Display Ads Converting A310,AU,4,AUD,2025,1,0.0000%,,0,0.00,0.00,0
"=""amzn1.ads-account.g.7qon60b3itwr4fzatg0h6r5fv""",Portwest IT,,"=""378274572618736""",SP - PBDD - Project Candy Low Bid - MJC,IT,7,EUR,2026,625702,0.4688%,0.14673,2933,430.36,5174.86,338
"=""amzn1.ads-account.g.betoci5lb82z6jole1u6tt780""",Portwest FR,,"=""410848499689009""",Store Spotlight SB FR (2) - SD,FR,3,EUR,2025,610918,0.0810%,0.17143,495,84.86,865.17,41
"=""amzn1.ads-account.g.1pajz8jo9dcmlcw2654w4ynhd""",Portwest Australia,,"=""151330554312288""",Display Ads Converting K8112,AU,3,AUD,2026,1,0.0000%,,0,0.00,0.00,0
"=""amzn1.ads-account.g.bak81x0kttgh0i1ah3ezzzu2m""",Portwest PL,,"=""538515140167827""",Bridging Promo 31 May - Project Candy Low Bid - MJC,PL,5,PLN,2025,238,0.0000%,,0,0.00,0.00,0
"=""amzn1.ads-account.g.bak81x0kttgh0i1ah3ezzzu2m""",Portwest PL,,"=""442163708910699""",Auto All - EURO Expansion 4 - Campaign A - MJC,PL,1,PLN,2026,445525,0.1867%,0.36025,832,299.73,1667.37,41
"=""amzn1.ads-account.g.1pajz8jo9dcmlcw2654w4ynhd""",Portwest Australia,,"=""151330554312288""",Display Ads Converting K8112,AU,8,AUD,2025,0,,,0,0.00,0.00,0
"=""amzn1.ads-account.g.1pajz8jo9dcmlcw2654w4ynhd""",Portwest Australia,,"=""480370204072590""",PAT Profit Low Bid - Q2 2024 - MJC,AU,2,AUD,2025,2825,0.8142%,0.27435,23,6.31,62.39,3
"=""amzn1.ads-account.g.6wubx539i9z2ina5h90v21w6e""",WWD - Workwear Depot,,"=""367477579971086""",SP - Project Candy Low Bid - Converting Terms - Profit Expand - PHR - MJC,US,9,USD,2025,5502,0.5089%,0.19929,28,5.58,205.92,8
"=""amzn1.ads-account.g.1pajz8jo9dcmlcw2654w4ynhd""",Portwest Australia,,"=""217891372626753""",Display Ads Converting S841,AU,9,AUD,2025,0,,,0,0.00,0.00,0
"=""amzn1.ads-account.g.6wubx539i9z2ina5h90v21w6e""",WWD - Workwear Depot,,"=""262860660370351""",B - Auto Low Bid - May 2023 - MJC,US,3,USD,2025,705,0.1418%,0.25000,1,0.25,0.00,0
"=""amzn1.ads-account.g.9mvvwnjt2tsmdz08926vlb17a""",Portwest DE,,"=""456161439841495""",Store Spotlight (DE) SB - Homepage - SD,DE,9,EUR,2026,297708,0.0695%,0.17101,207,35.40,691.03,16
"=""amzn1.ads-account.g.1pajz8jo9dcmlcw2654w4ynhd""",Portwest Australia,,"=""66419074293351""",Display Ads Converting S899,AU,8,AUD,2026,5,0.0000%,,0,0.00,0.00,0
"=""amzn1.ads-account.g.8os9jbxe8uolgs0z0ka9qua0q""",Portwest ES,,"=""416857271027890""",SP - Bridging Promo 5th August 2025,ES,12,EUR,2025,270372,0.3728%,0.16186,1008,163.15,733.78,78
"=""amzn1.ads-account.g.9zovk6zrqsgpaj8x2od1sbl53""",Portwest - BE BISS - (Pan-EU),,"=""467986707928067""",SP - Project Candy - Bridging Promo - 22 Sep 2025 - Auto Low Bid - MJC,BE,9,EUR,2025,8080,0.7797%,0.13873,63,8.74,150.10,8
"=""amzn1.ads-account.g.95u2ty2xhpic90diqqwzt6a2s""",Portwest USA,,"=""547236964747932""",Manual Profit EXT Low Bid - December 2023 - MJC,US,7,USD,2025,308,0.3247%,0.25000,1,0.25,0.00,0
"=""amzn1.ads-account.g.5dfl8rvx53v3cuqmb1snnubcf""",Portwest NL,,"=""443819118758041""",Bridging Promo 24 May - Project Candy Low Bid - MJC,NL,4,EUR,2026,9124,0.3288%,0.09100,30,2.73,0.00,0
"=""amzn1.ads-account.g.betoci5lb82z6jole1u6tt780""",Portwest FR,,"=""294745696953229""",Keyword Research Low Bid (Seasonal) - BRD PHR - SD,FR,2,EUR,2026,224185,0.5442%,0.16111,1220,196.56,2468.27,162
"=""amzn1.ads-account.g.5dfl8rvx53v3cuqmb1snnubcf""",Portwest NL,,"=""492525007470072""",Auto All - EURO Expansion 4 - Campaign A - MJC,NL,7,EUR,2025,73510,0.4829%,0.06893,355,24.47,865.19,50
"=""amzn1.ads-account.g.8os9jbxe8uolgs0z0ka9qua0q""",Portwest ES,,"=""138850912245853""",SP - Rhino - Keywords - PHR EXT - Sugg Bid - MJC,ES,6,EUR,2026,1,0.0000%,,0,0.00,0.00,0
"=""amzn1.ads-account.g.7qon60b3itwr4fzatg0h6r5fv""",Portwest IT,,"=""499173945259706""",Project Candy - Target Styles Q4 2024 - Auto Low Bid - MJC,IT,11,EUR,2025,847244,0.3986%,0.19290,3377,651.42,6373.93,378
"=""amzn1.ads-account.g.8os9jbxe8uolgs0z0ka9qua0q""",Portwest ES,,"=""466433429362650""",Keyword Research Low Bid (Top Sellers) - BRD PHR - SD,ES,6,EUR,2026,143259,0.3155%,0.16721,452,75.58,1171.01,73
"=""amzn1.ads-account.g.7qon60b3itwr4fzatg0h6r5fv""",Portwest IT,,"=""465724007904797""",Home and Garden 2025 - Project Candy - Auto Low Bid - MJC,IT,6,EUR,2026,105064,0.2608%,0.13515,274,37.03,216.41,12
"=""amzn1.ads-account.g.6wubx539i9z2ina5h90v21w6e""",WWD - Workwear Depot,,"=""26886441161653""",C - Auto Low Bid - May 2023 - MJC,US,10,USD,2025,1148,0.3484%,0.25000,4,1.00,0.00,0
"=""amzn1.ads-account.g.betoci5lb82z6jole1u6tt780""",Portwest FR,,"=""431361080682482""",SP - PRIME DAY - Project Candy Low Bid with Multi,FR,8,EUR,2026,520745,0.3566%,0.20656,1857,383.59,10076.89,503
"=""amzn1.ads-account.g.betoci5lb82z6jole1u6tt780""",Portwest FR,,"=""294745696953229""",Keyword Research Low Bid (Seasonal) - BRD PHR - SD,FR,8,EUR,2026,106063,0.3554%,0.17141,377,64.62,987.55,79
"=""amzn1.ads-account.g.7qon60b3itwr4fzatg0h6r5fv""",Portwest IT,,"=""432140609662787""",SP - UK Gap Products - Project Candy - Auto Low Bid - MJC,IT,4,EUR,2025,817992,0.2575%,0.14242,2106,299.93,2001.65,104
"=""amzn1.ads-account.g.7qon60b3itwr4fzatg0h6r5fv""",Portwest IT,,"=""501655278304804""",Growers - Auto Low Bid - MJC,IT,12,EUR,2025,203122,0.4554%,0.12985,925,120.11,2620.25,121
"=""amzn1.ads-account.g.bak81x0kttgh0i1ah3ezzzu2m""",Portwest PL,,"=""498483964951140""",Auto Low Bid - Q1 2024 - Feb Deals - MJC,PL,10,PLN,2025,1438,0.5563%,0.09375,8,0.75,0.00,0
"=""amzn1.ads-account.g.1pajz8jo9dcmlcw2654w4ynhd""",Portwest Australia,,"=""411010298200586""",Store Spotlight SB - SD,AU,7,AUD,2025,720818,0.1022%,0.22910,737,168.85,1575.73,55
"=""amzn1.ads-account.g.mxheehzl72t4l5it1hfsk6xz""",Portwest SE,,"=""376936864967411""",Auto All - EURO Expansion 4 V2 - Campaign B - MJC,SE,1,SEK,2025,151240,0.2096%,0.77934,317,247.05,3751.48,22
"=""amzn1.ads-account.g.betoci5lb82z6jole1u6tt780""",Portwest FR,,"=""370127154989503""",Auto Low Bid - Q4 2023 - MJC,FR,1,EUR,2025,902406,0.2967%,0.15037,2677,402.55,5352.17,199
"=""amzn1.ads-account.g.95u2ty2xhpic90diqqwzt6a2s""",Portwest USA,,"=""552636415923349""",Auto Low Bid - Vendor Push March 2024 - MJC,US,8,USD,2025,34354,0.3813%,0.23099,131,30.26,260.57,27
"=""amzn1.ads-account.g.9zovk6zrqsgpaj8x2od1sbl53""",Portwest - BE BISS - (Pan-EU),,"=""505560042434740""",Growers (From UK) - Auto Low Bid - MJC,BE,5,EUR,2025,2962,1.0804%,0.09156,32,2.93,33.59,1
"=""amzn1.ads-account.g.95u2ty2xhpic90diqqwzt6a2s""",Portwest USA,,"=""435667212887349""",Profit Expand Group 2 - Low Bid BRD & PHR - JC,US,6,USD,2026,5147,0.6217%,0.32219,32,10.31,31.98,2
"=""amzn1.ads-account.g.9mvvwnjt2tsmdz08926vlb17a""",Portwest DE,,"=""145924525357081""",Droppers - Auto Low Bid - MJC,DE,8,EUR,2026,34549,0.8539%,0.16563,295,48.86,1079.05,51
"=""amzn1.ads-account.g.7qon60b3itwr4fzatg0h6r5fv""",Portwest IT,,"=""397507002813117""",Auto Low Bid - Q1 2024 - Feb Deals - MJC,IT,5,EUR,2025,714055,0.3150%,0.14147,2249,318.17,1625.71,79
"=""amzn1.ads-account.g.95u2ty2xhpic90diqqwzt6a2s""",Portwest USA,,"=""538337297480785""",Auto Low Bid - Vendor Push December 2023 - MJC,US,1,USD,2025,372615,0.8918%,0.19554,3323,649.79,1988.32,58
"=""amzn1.ads-account.g.1pajz8jo9dcmlcw2654w4ynhd""",Portwest Australia,,"=""533603650852527""",Keyword Research Low Bid - BRD PHR - SD,AU,3,AUD,2025,276774,0.2612%,0.42509,723,307.34,3302.99,120
"=""amzn1.ads-account.g.1pajz8jo9dcmlcw2654w4ynhd""",Portwest Australia,,"=""529658289585474""",May Promo - Project Candy - Auto Low Bid - MJC,AU,12,AUD,2025,225565,0.2039%,0.28404,460,130.66,963.88,51
"=""amzn1.ads-account.g.9mvvwnjt2tsmdz08926vlb17a""",Portwest DE,,"=""191386157012832""",Growers - Auto Low Bid - MJC,DE,5,EUR,2026,141935,0.3776%,0.15907,536,85.26,1167.53,47
"=""amzn1.ads-account.g.1pajz8jo9dcmlcw2654w4ynhd""",Portwest Australia,,"=""413015514693012""",New Respirator Masks - PAT (From Aoife) - MJC,AU,3,AUD,2026,14,0.0000%,,0,0.00,0.00,0
"=""amzn1.ads-account.g.7qon60b3itwr4fzatg0h6r5fv""",Portwest IT,,"=""499173945259706""",Project Candy - Target Styles Q4 2024 - Auto Low Bid - MJC,IT,9,EUR,2025,580479,0.4255%,0.19355,2470,478.06,6069.65,420
"=""amzn1.ads-account.g.bak81x0kttgh0i1ah3ezzzu2m""",Portwest PL,,"=""399671753980737""",Growers (From UK) - Auto Low Bid - MJC,PL,5,PLN,2025,6148,0.2602%,0.30000,16,4.80,0.00,0
"=""amzn1.ads-account.g.6wubx539i9z2ina5h90v21w6e""",WWD - Workwear Depot,,"=""455322468550172""",SP - Catch All B2B - All Live Product - with Multi - MJC,US,1,USD,2026,38905,0.3084%,0.52650,120,63.18,734.05,21
"=""amzn1.ads-account.g.betoci5lb82z6jole1u6tt780""",Portwest FR,,"=""148284969926993""",Droppers - Auto Low Bid - MJC,FR,9,EUR,2025,173858,0.6246%,0.16099,1086,174.84,3449.28,267
"=""amzn1.ads-account.g.9mvvwnjt2tsmdz08926vlb17a""",Portwest DE,,"=""533829515195503""",SP - UK Gap Products - Project Candy - Auto Low Bid - MJC,DE,3,EUR,2026,491261,0.3585%,0.15190,1761,267.49,1826.30,73
"=""amzn1.ads-account.g.1pajz8jo9dcmlcw2654w4ynhd""",Portwest Australia,,"=""151330554312288""",Display Ads Converting K8112,AU,7,AUD,2025,0,,,0,0.00,0.00,0
"=""amzn1.ads-account.g.1pajz8jo9dcmlcw2654w4ynhd""",Portwest Australia,,"=""127908567131055""",Auto All Low Bid MJC,AU,5,AUD,2026,181507,0.2408%,0.23840,437,104.18,1142.34,51
"=""amzn1.ads-account.g.9mvvwnjt2tsmdz08926vlb17a""",Portwest DE,,"=""524187804468115""",Store Spotlight SB DE (2) - SD,DE,3,EUR,2025,374878,0.0734%,0.17182,275,47.25,570.35,25
"=""amzn1.ads-account.g.95u2ty2xhpic90diqqwzt6a2s""",Portwest USA,,"=""415107248963968""",Profit Focus Top Styles - Exact - Oct 2024 - JC,US,8,USD,2026,626,0.4792%,0.78000,3,2.34,0.00,0
"=""amzn1.ads-account.g.6wubx539i9z2ina5h90v21w6e""",WWD - Workwear Depot,,"=""403581243770082""",Focus Styles (Top Selling Seller) - Auto Low Bid June 2023 - MJC,US,1,USD,2025,17015,0.4878%,0.37940,83,31.49,310.90,10
"=""amzn1.ads-account.g.95u2ty2xhpic90diqqwzt6a2s""",Portwest USA,,"=""552636415923349""",Auto Low Bid - Vendor Push March 2024 - MJC,US,6,USD,2025,23444,0.5332%,0.22208,125,27.76,1344.19,21
"=""amzn1.ads-account.g.95u2ty2xhpic90diqqwzt6a2s""",Portwest USA,,"=""547236964747932""",Manual Profit EXT Low Bid - December 2023 - MJC,US,1,USD,2025,1333,0.3751%,0.25000,5,1.25,8.07,1
"=""amzn1.ads-account.g.7qon60b3itwr4fzatg0h6r5fv""",Portwest IT,,"=""421546352398518""",SP - PRIME DAY - Project Candy Low Bid with Multi,IT,8,EUR,2026,92709,0.3387%,0.20812,314,65.35,976.51,53
"=""amzn1.ads-account.g.95u2ty2xhpic90diqqwzt6a2s""",Portwest USA,,"=""309711536950673""",Auto Low Bid - Vendor Push April 2024 - MJC,US,6,USD,2026,5997,1.0005%,0.29633,60,17.78,167.19,5
"=""amzn1.ads-account.g.6wubx539i9z2ina5h90v21w6e""",WWD - Workwear Depot,,"=""26886441161653""",C - Auto Low Bid - May 2023 - MJC,US,8,USD,2025,1811,0.1657%,0.17333,3,0.52,0.00,0
"=""amzn1.ads-account.g.mxheehzl72t4l5it1hfsk6xz""",Portwest SE,,"=""523189388917025""",SP - Project Candy Auto Low Bid - Bridging Promo - 22 Sep - MJC,SE,1,SEK,2026,7454,0.4159%,0.83774,31,25.97,0.00,0
"=""amzn1.ads-account.g.1pajz8jo9dcmlcw2654w4ynhd""",Portwest Australia,,"=""296844823415113""",C734_Auto_Low_Bid_AH Copy 1,AU,10,AUD,2025,114,0.0000%,,0,0.00,0.00,0
"=""amzn1.ads-account.g.95u2ty2xhpic90diqqwzt6a2s""",Portwest USA,,"=""309149749478686""",Portwest Brand Terms Only - JC,US,1,USD,2025,8374,0.6687%,0.34429,56,19.28,453.99,6
"=""amzn1.ads-account.g.7qon60b3itwr4fzatg0h6r5fv""",Portwest IT,,"=""320546710532715""",Bridging Promo 31 May - Project Candy Low Bid - MJC,IT,5,EUR,2025,28266,0.3573%,0.17990,101,18.17,139.05,6
"=""amzn1.ads-account.g.95u2ty2xhpic90diqqwzt6a2s""",Portwest USA,,"=""457626057170726""",PAT Profit Top Styles - Exact - Oct 2024 - JC,US,2,USD,2025,3464,1.1547%,0.47525,40,19.01,111.12,1
"=""amzn1.ads-account.g.betoci5lb82z6jole1u6tt780""",Portwest FR,,"=""375571445949915""",Keyword Research Low Bid - BRD PHR - SD,FR,8,EUR,2026,432882,0.1670%,0.16499,723,119.29,2451.32,112
"=""amzn1.ads-account.g.bak81x0kttgh0i1ah3ezzzu2m""",Portwest PL,,"=""399671753980737""",Growers (From UK) - Auto Low Bid - MJC,PL,2,PLN,2026,13319,0.3003%,0.45325,40,18.13,0.00,0
"=""amzn1.ads-account.g.8os9jbxe8uolgs0z0ka9qua0q""",Portwest ES,,"=""449211671742243""",Keyword Research Low Bid - BRD PHR - SD,ES,11,EUR,2025,2246417,0.1181%,0.16724,2652,443.52,2383.17,86
"=""amzn1.ads-account.g.8os9jbxe8uolgs0z0ka9qua0q""",Portwest ES,,"=""412217386163037""",Auto Low Bid - Q4 2023 - MJC,ES,7,EUR,2025,143965,0.2417%,0.16241,348,56.52,518.00,23
"=""amzn1.ads-account.g.1pajz8jo9dcmlcw2654w4ynhd""",Portwest Australia,,"=""413015514693012""",New Respirator Masks - PAT (From Aoife) - MJC,AU,1,AUD,2025,4,25.0000%,0.02000,1,0.02,0.00,0
"=""amzn1.ads-account.g.9mvvwnjt2tsmdz08926vlb17a""",Portwest DE,,"=""365846807361792""",Home and Garden 2025 - Project Candy - Auto Low Bid - MJC,DE,9,EUR,2026,80020,0.5949%,0.15393,476,73.27,571.77,33
"=""amzn1.ads-account.g.1pajz8jo9dcmlcw2654w4ynhd""",Portwest Australia,,"=""29521114214144""",Display Ads Convering TK50,AU,1,AUD,2025,0,,,0,0.00,0.00,0
"=""amzn1.ads-account.g.6wubx539i9z2ina5h90v21w6e""",WWD - Workwear Depot,,"=""92810336598365""",E - Auto Low Bid - May 2023 - MJC,US,3,USD,2026,2,0.0000%,,0,0.00,0.00,0
"=""amzn1.ads-account.g.95u2ty2xhpic90diqqwzt6a2s""",Portwest USA,,"=""371243070537578""","Style Specific - UH447 - Core Keywords, Close Match EXT - Suggested Bid - MJC",US,11,USD,2025,348,0.5747%,1.09000,2,2.18,0.00,0
"=""amzn1.ads-account.g.95u2ty2xhpic90diqqwzt6a2s""",Portwest USA,,"=""523654763196797""",Profit Expand Group 3 - Low Bid BRD & PHR - JC,US,7,USD,2026,17132,0.3852%,0.30970,66,20.44,271.31,6
"=""amzn1.ads-account.g.6wubx539i9z2ina5h90v21w6e""",WWD - Workwear Depot,,"=""403581243770082""",Focus Styles (Top Selling Seller) - Auto Low Bid June 2023 - MJC,US,2,USD,2026,18819,0.5845%,0.37418,110,41.16,237.93,7
"=""amzn1.ads-account.g.betoci5lb82z6jole1u6tt780""",Portwest FR,,"=""148284969926993""",Droppers - Auto Low Bid - MJC,FR,5,EUR,2026,184549,0.4394%,0.14887,811,120.73,3330.82,193
"=""amzn1.ads-account.g.95u2ty2xhpic90diqqwzt6a2s""",Portwest USA,,"=""537725771300092""",Profit Focus Top Styles group 2 - Exact - Oct 2024 - JC,US,8,USD,2025,6546,0.5958%,0.75231,39,29.34,58.30,5
"=""amzn1.ads-account.g.1pajz8jo9dcmlcw2654w4ynhd""",Portwest Australia,,"=""108617369848228""",Display Ads Converting FW90,AU,2,AUD,2026,106,0.0000%,,0,0.00,0.00,0
"=""amzn1.ads-account.g.9mvvwnjt2tsmdz08926vlb17a""",Portwest DE,,"=""484663444651191""",Keyword Research Low Bid - BRD PHR - SD,DE,2,EUR,2025,1310207,0.3176%,0.18669,4161,776.83,9572.97,372
"=""amzn1.ads-account.g.1pajz8jo9dcmlcw2654w4ynhd""",Portwest Australia,,"=""228877476300003""",Auto Low Bid - April 2023 - All Styles - MJC,AU,1,AUD,2025,352924,0.2879%,0.24102,1016,244.88,3840.79,147
"=""amzn1.ads-account.g.9zovk6zrqsgpaj8x2od1sbl53""",Portwest - BE BISS - (Pan-EU),,"=""467986707928067""",SP - Project Candy - Bridging Promo - 22 Sep 2025 - Auto Low Bid - MJC,BE,8,EUR,2026,33641,0.8680%,0.13949,292,40.73,488.03,23
"=""amzn1.ads-account.g.6wubx539i9z2ina5h90v21w6e""",WWD - Workwear Depot,,"=""362238157932910""",SP - BASE - Launch - Project Candy Auto Med Bid - MJC,UK,8,GBP,2025,407058,0.2390%,0.28499,973,277.30,740.77,7
"=""amzn1.ads-account.g.7qon60b3itwr4fzatg0h6r5fv""",Portwest IT,,"=""421546352398518""",SP - PRIME DAY - Project Candy Low Bid with Multi,IT,7,EUR,2026,113777,0.2830%,0.20609,322,66.36,880.22,45
"=""amzn1.ads-account.g.5dfl8rvx53v3cuqmb1snnubcf""",Portwest NL,,"=""360807979703590""",Auto Low Bid - Q4 2023 - MJC,NL,4,EUR,2025,29595,0.4257%,0.06714,126,8.46,499.04,12
"=""amzn1.ads-account.g.8os9jbxe8uolgs0z0ka9qua0q""",Portwest ES,,"=""391149768868824""",Bridging Promo 17 May - Project Candy Low Bid - MJC,ES,8,EUR,2025,144137,0.1908%,0.17836,275,49.05,391.22,10
"=""amzn1.ads-account.g.betoci5lb82z6jole1u6tt780""",Portwest FR,,"=""500653553293902""",Bridging Promo 17 May - Project Candy Low Bid - MJC,FR,8,EUR,2025,73079,0.2449%,0.18793,179,33.64,191.04,6
"=""amzn1.ads-account.g.betoci5lb82z6jole1u6tt780""",Portwest FR,,"=""375571445949915""",Keyword Research Low Bid - BRD PHR - SD,FR,9,EUR,2025,769125,0.4206%,0.17134,3235,554.29,10205.35,414
"=""amzn1.ads-account.g.6wubx539i9z2ina5h90v21w6e""",WWD - Workwear Depot,,"=""157714611577244""",M - Auto Low Bid - May 2023 - MJC,US,3,USD,2026,77,0.0000%,,0,0.00,0.00,0
"=""amzn1.ads-account.g.bak81x0kttgh0i1ah3ezzzu2m""",Portwest PL,,"=""490065738750316""",Droppers (From UK) - Auto Low Bid - MJC,PL,7,PLN,2026,650,0.0000%,,0,0.00,0.00,0
"=""amzn1.ads-account.g.6wubx539i9z2ina5h90v21w6e""",WWD - Workwear Depot,,"=""26886441161653""",C - Auto Low Bid - May 2023 - MJC,US,7,USD,2026,47,0.0000%,,0,0.00,0.00,0
"=""amzn1.ads-account.g.1pajz8jo9dcmlcw2654w4ynhd""",Portwest Australia,,"=""82479822838699""",Auto Low Bid - Unhealthy Inventory V2 - MJC,AU,4,AUD,2025,92156,0.4037%,0.16320,372,60.71,827.30,41
"=""amzn1.ads-account.g.95u2ty2xhpic90diqqwzt6a2s""",Portwest USA,,"=""378183114449311""",Store Spotlight SB - Oct 2024 - JC,US,7,USD,2025,407446,0.0515%,0.20486,210,43.02,800.47,22
"=""amzn1.ads-account.g.9mvvwnjt2tsmdz08926vlb17a""",Portwest DE,,"=""165105723572633""",Auto Targeting - S999 (CY),DE,10,EUR,2025,91928,1.0769%,0.23232,990,230.00,1688.30,68
"=""amzn1.ads-account.g.8os9jbxe8uolgs0z0ka9qua0q""",Portwest ES,,"=""195522116641065""",Droppers - Auto Low Bid - MJC,ES,8,EUR,2026,19468,0.5650%,0.08291,110,9.12,228.88,8
"=""amzn1.ads-account.g.6wubx539i9z2ina5h90v21w6e""",WWD - Workwear Depot,,"=""403581243770082""",Focus Styles (Top Selling Seller) - Auto Low Bid June 2023 - MJC,US,7,USD,2025,13222,0.3403%,0.35978,45,16.19,63.98,2
"=""amzn1.ads-account.g.5dfl8rvx53v3cuqmb1snnubcf""",Portwest NL,,"=""389075736151395""",Auto All - EURO Expansion 4 - Campaign B - MJC,NL,1,EUR,2026,98705,0.5977%,0.07131,590,42.07,1306.31,62
"=""amzn1.ads-account.g.5dfl8rvx53v3cuqmb1snnubcf""",Portwest NL,,"=""475402648433849""",Bridging Promo 31 May - Project Candy Low Bid - MJC,NL,6,EUR,2026,19510,0.1794%,0.13314,35,4.66,113.07,2
"=""amzn1.ads-account.g.1pajz8jo9dcmlcw2654w4ynhd""",Portwest Australia,,"=""296844823415113""",C734_Auto_Low_Bid_AH Copy 1,AU,6,AUD,2025,134,0.0000%,,0,0.00,0.00,0
"=""amzn1.ads-account.g.7qon60b3itwr4fzatg0h6r5fv""",Portwest IT,,"=""501655278304804""",Growers - Auto Low Bid - MJC,IT,1,EUR,2026,323152,0.4518%,0.10499,1460,153.29,3289.15,167
"=""amzn1.ads-account.g.1pajz8jo9dcmlcw2654w4ynhd""",Portwest Australia,,"=""296844823415113""",C734_Auto_Low_Bid_AH Copy 1,AU,2,AUD,2026,87,0.0000%,,0,0.00,0.00,0
"=""amzn1.ads-account.g.bak81x0kttgh0i1ah3ezzzu2m""",Portwest PL,,"=""411231244404388""",Project Candy - Target Styles Q4 2024 - Auto Low Bid - MJC,PL,8,PLN,2025,9721,0.4012%,0.67897,39,26.48,0.00,0
"=""amzn1.ads-account.g.1pajz8jo9dcmlcw2654w4ynhd""",Portwest Australia,,"=""411010298200586""",Store Spotlight SB - SD,AU,6,AUD,2025,781149,0.1078%,0.22258,842,187.41,1393.51,33
"=""amzn1.ads-account.g.6wubx539i9z2ina5h90v21w6e""",WWD - Workwear Depot,,"=""367477579971086""",SP - Project Candy Low Bid - Converting Terms - Profit Expand - PHR - MJC,US,1,USD,2026,40696,0.4570%,0.21914,186,40.76,281.91,9
"=""amzn1.ads-account.g.1pajz8jo9dcmlcw2654w4ynhd""",Portwest Australia,,"=""413015514693012""",New Respirator Masks - PAT (From Aoife) - MJC,AU,5,AUD,2025,5,0.0000%,,0,0.00,0.00,0
"=""amzn1.ads-account.g.1pajz8jo9dcmlcw2654w4ynhd""",Portwest Australia,,"=""68131641215038""",Display Ads Converting S440,AU,8,AUD,2026,11,0.0000%,,0,0.00,0.00,0
"=""amzn1.ads-account.g.9mvvwnjt2tsmdz08926vlb17a""",Portwest DE,,"=""365846807361792""",Home and Garden 2025 - Project Candy - Auto Low Bid - MJC,DE,5,EUR,2026,514163,0.2503%,0.15113,1287,194.51,1994.12,102
"=""amzn1.ads-account.g.1pajz8jo9dcmlcw2654w4ynhd""",Portwest Australia,,"=""56584912532417""",Converting from Other Channels - MJC,AU,8,AUD,2025,2069,0.1450%,0.94333,3,2.83,0.00,0
"=""amzn1.ads-account.g.95u2ty2xhpic90diqqwzt6a2s""",Portwest USA,,"=""496148515305885""",Auto Low Bid - Vendor Gloves Push January 2024 - MJC,US,9,USD,2025,343,0.5831%,0.24500,2,0.49,0.00,0
"=""amzn1.ads-account.g.7qon60b3itwr4fzatg0h6r5fv""",Portwest IT,,"=""109993015518345""",SP - Amazon Business Project Candy - Missing Styles June 2026 - Low Bid - MJC (B),IT,9,EUR,2026,226774,0.1521%,0.28812,345,99.40,1104.05,113
"=""amzn1.ads-account.g.mxheehzl72t4l5it1hfsk6xz""",Portwest SE,,"=""506264653748482""",SP - Project Candy - Bridging Promo - 22 Sep 2025 - Auto Low Bid - MJC,SE,12,SEK,2025,35822,0.3099%,1.16099,111,128.87,1518.00,7
"=""amzn1.ads-account.g.mxheehzl72t4l5it1hfsk6xz""",Portwest SE,,"=""523189388917025""",SP - Project Candy Auto Low Bid - Bridging Promo - 22 Sep - MJC,SE,4,SEK,2026,22927,0.1221%,1.15036,28,32.21,0.00,0
"=""amzn1.ads-account.g.95u2ty2xhpic90diqqwzt6a2s""",Portwest USA,,"=""523654763196797""",Profit Expand Group 3 - Low Bid BRD & PHR - JC,US,6,USD,2025,33038,0.6508%,0.31716,215,68.19,1527.54,32
"=""amzn1.ads-account.g.95u2ty2xhpic90diqqwzt6a2s""",Portwest USA,,"=""409405592960837""",Profit Expand Group 4 - Low Bid BRD & PHR - JC,US,9,USD,2025,145776,0.7951%,0.29421,1159,340.99,2347.46,132
"=""amzn1.ads-account.g.8os9jbxe8uolgs0z0ka9qua0q""",Portwest ES,,"=""480938456434366""",SP - UK Gap Products - Project Candy - Auto Low Bid - MJC,ES,2,EUR,2026,721786,0.2923%,0.13250,2110,279.58,3634.80,147
"=""amzn1.ads-account.g.8os9jbxe8uolgs0z0ka9qua0q""",Portwest ES,,"=""466433429362650""",Keyword Research Low Bid (Top Sellers) - BRD PHR - SD,ES,3,EUR,2025,2593654,0.0846%,0.18214,2195,399.79,2555.19,168
"=""amzn1.ads-account.g.6wubx539i9z2ina5h90v21w6e""",WWD - Workwear Depot,,"=""278469250312380""",A - Auto Low Bid - May 2023 - MJC,US,1,USD,2025,1460,0.1370%,0.25000,2,0.50,0.00,0
"=""amzn1.ads-account.g.1pajz8jo9dcmlcw2654w4ynhd""",Portwest Australia,,"=""355925356602496""","Core Keywords, Close Match EXT - Suggested Bid - AH",AU,6,AUD,2026,33007,0.5635%,0.48177,186,89.61,568.45,28
"=""amzn1.ads-account.g.9zovk6zrqsgpaj8x2od1sbl53""",Portwest - BE BISS - (Pan-EU),,"=""314375037758059""",SP - Project Candy - Bridging Promo - 5 Sep 2025 - Auto Low Bid - MJC,BE,7,EUR,2026,17334,0.6000%,0.12865,104,13.38,183.23,10
"=""amzn1.ads-account.g.95u2ty2xhpic90diqqwzt6a2s""",Portwest USA,,"=""363307255195676""",PAT Profit Style group 1 - Low bid Sep 2024 - JC,US,11,USD,2025,1561,1.4094%,0.36636,22,8.06,51.82,1
"=""amzn1.ads-account.g.95u2ty2xhpic90diqqwzt6a2s""",Portwest USA,,"=""378183114449311""",Store Spotlight SB - Oct 2024 - JC,US,3,USD,2025,200320,0.1113%,0.19605,223,43.72,434.35,15
"=""amzn1.ads-account.g.6wubx539i9z2ina5h90v21w6e""",WWD - Workwear Depot,,"=""317606326104162""",Auto Low Bid - Seller Push May 2024 - MJC,US,6,USD,2026,367,0.5450%,0.05500,2,0.11,0.00,0
"=""amzn1.ads-account.g.8os9jbxe8uolgs0z0ka9qua0q""",Portwest ES,,"=""470198564047574""",SP - PRIME DAY - Project Candy Low Bid with Multi,ES,9,EUR,2025,6877493,0.2050%,0.21478,14101,3028.56,17863.35,738
"=""amzn1.ads-account.g.8os9jbxe8uolgs0z0ka9qua0q""",Portwest ES,,"=""475621571262674""",Growers - Auto Low Bid - MJC,ES,2,EUR,2025,697165,0.3189%,0.13812,2223,307.03,3969.90,153
"=""amzn1.ads-account.g.6wubx539i9z2ina5h90v21w6e""",WWD - Workwear Depot,,"=""129758628454478""",UH440 - Auto - May 2023,US,12,USD,2025,21649,0.2910%,0.49111,63,30.94,131.97,3
"=""amzn1.ads-account.g.1pajz8jo9dcmlcw2654w4ynhd""",Portwest Australia,,"=""127908567131055""",Auto All Low Bid MJC,AU,7,AUD,2026,250891,0.2164%,0.23324,543,126.65,994.60,39
"=""amzn1.ads-account.g.6wubx539i9z2ina5h90v21w6e""",WWD - Workwear Depot,,"=""34836128487965""",B2B SP Auto Low Bid - SD,UK,8,GBP,2026,12656,0.2924%,0.24703,37,9.14,359.80,16
"=""amzn1.ads-account.g.6wubx539i9z2ina5h90v21w6e""",WWD - Workwear Depot,,"=""123049042264341""",Portwest + Style Code - Manual EXACT - MJC,US,4,USD,2026,177,7.3446%,0.34769,13,4.52,0.00,0
"=""amzn1.ads-account.g.9zovk6zrqsgpaj8x2od1sbl53""",Portwest - BE BISS - (Pan-EU),,"=""385469476566499""",Bridging Promo 31 May - Project Candy Low Bid - MJC,BE,7,EUR,2025,1805,0.6094%,0.16364,11,1.80,0.00,0
"=""amzn1.ads-account.g.7qon60b3itwr4fzatg0h6r5fv""",Portwest IT,,"=""499173945259706""",Project Candy - Target Styles Q4 2024 - Auto Low Bid - MJC,IT,10,EUR,2025,798309,0.4345%,0.19515,3469,676.98,8786.80,484
"=""amzn1.ads-account.g.6wubx539i9z2ina5h90v21w6e""",WWD - Workwear Depot,,"=""92810336598365""",E - Auto Low Bid - May 2023 - MJC,US,9,USD,2026,53,1.8868%,0.25000,1,0.25,0.00,0
"=""amzn1.ads-account.g.6wubx539i9z2ina5h90v21w6e""",WWD - Workwear Depot,,"=""552489117768110""",SP - Project Candy Low Bid - Catch All - Active Only - MJC,UK,9,GBP,2026,63931,0.8447%,0.29037,540,156.80,525.42,21
"=""amzn1.ads-account.g.9zovk6zrqsgpaj8x2od1sbl53""",Portwest - BE BISS - (Pan-EU),,"=""467986707928067""",SP - Project Candy - Bridging Promo - 22 Sep 2025 - Auto Low Bid - MJC,BE,10,EUR,2025,35520,0.8981%,0.12812,319,40.87,433.58,21
"=""amzn1.ads-account.g.5dfl8rvx53v3cuqmb1snnubcf""",Portwest NL,,"=""485435109277305""",Home and Garden 2025 - Project Candy - Auto Low Bid - MJC,NL,10,EUR,2025,38545,0.3373%,0.09338,130,12.14,156.38,4
"=""amzn1.ads-account.g.6wubx539i9z2ina5h90v21w6e""",WWD - Workwear Depot,,"=""79612097815056""",SP - Project Sunshine Auto Low Bid - MC,US,4,USD,2026,2198,0.4095%,0.16556,9,1.49,90.99,1
"=""amzn1.ads-account.g.1pajz8jo9dcmlcw2654w4ynhd""",Portwest Australia,,"=""533603650852527""",Keyword Research Low Bid - BRD PHR - SD,AU,8,AUD,2025,183687,0.3778%,0.37896,694,263.00,3198.22,125
"=""amzn1.ads-account.g.95u2ty2xhpic90diqqwzt6a2s""",Portwest USA,,"=""409985325957400""",PAT Profit Style group 3 - Low bid Sep 204 - JC,US,7,USD,2025,9986,0.4406%,0.28977,44,12.75,409.38,19
"=""amzn1.ads-account.g.9mvvwnjt2tsmdz08926vlb17a""",Portwest DE,,"=""191386157012832""",Growers - Auto Low Bid - MJC,DE,7,EUR,2025,191127,0.5452%,0.20767,1042,216.39,3353.16,207
"=""amzn1.ads-account.g.7qon60b3itwr4fzatg0h6r5fv""",Portwest IT,,"=""370228643995043""",Project Candy - Converting EXT - 20240711,IT,9,EUR,2026,13420,0.2161%,0.18966,29,5.50,0.00,0
"=""amzn1.ads-account.g.betoci5lb82z6jole1u6tt780""",Portwest FR,,"=""330209804597144""",SP - Bridging Promo until 4th Aug - Project Candy Low Bid - MJC,FR,6,EUR,2026,124076,0.4449%,0.15315,552,84.54,1243.19,103
"=""amzn1.ads-account.g.95u2ty2xhpic90diqqwzt6a2s""",Portwest USA,,"=""290980976603020""",Auto Low Bid - BTR Push August 2024 - JC,US,1,USD,2025,13896,0.1079%,0.25000,15,3.75,0.00,0
"=""amzn1.ads-account.g.1pajz8jo9dcmlcw2654w4ynhd""",Portwest Australia,,"=""86138486298904""",Display Ads Converting A620,AU,5,AUD,2025,0,,,0,0.00,0.00,0
"=""amzn1.ads-account.g.9mvvwnjt2tsmdz08926vlb17a""",Portwest DE,,"=""151460587266063""",PAT Competitor - H440 (CY),DE,10,EUR,2025,1030,0.1942%,0.54500,2,1.09,0.00,0
"=""amzn1.ads-account.g.8os9jbxe8uolgs0z0ka9qua0q""",Portwest ES,,"=""449211671742243""",Keyword Research Low Bid - BRD PHR - SD,ES,1,EUR,2025,1337005,0.1986%,0.17471,2655,463.86,3016.03,82
"=""amzn1.ads-account.g.9mvvwnjt2tsmdz08926vlb17a""",Portwest DE,,"=""365846807361792""",Home and Garden 2025 - Project Candy - Auto Low Bid - MJC,DE,8,EUR,2025,673928,0.3123%,0.14881,2105,313.25,2370.73,160
"=""amzn1.ads-account.g.9zovk6zrqsgpaj8x2od1sbl53""",Portwest - BE BISS - (Pan-EU),,"=""344800929956085""",Auto All - EURO Expansion 4 - Campaign A - MJC,BE,12,EUR,2025,101339,0.9424%,0.10649,955,101.70,2317.24,159
"=""amzn1.ads-account.g.9mvvwnjt2tsmdz08926vlb17a""",Portwest DE,,"=""324958907979592""",Project Candy - Focus Styles from SD - Auto Low Bid - Q4 2024 - MJC,DE,1,EUR,2025,570514,0.6072%,0.18794,3464,651.01,12204.52,481
"=""amzn1.ads-account.g.1pajz8jo9dcmlcw2654w4ynhd""",Portwest Australia,,"=""211972647042468""",Profit Expand BRD & PHR - Low Bid - MJC,AU,9,AUD,2025,73873,0.4914%,0.20264,363,73.56,1243.42,30
"=""amzn1.ads-account.g.betoci5lb82z6jole1u6tt780""",Portwest FR,,"=""148284969926993""",Droppers - Auto Low Bid - MJC,FR,12,EUR,2025,206531,0.6822%,0.16285,1409,229.45,5618.36,346
"=""amzn1.ads-account.g.9mvvwnjt2tsmdz08926vlb17a""",Portwest DE,,"=""52065936047090""",Droppers - Profit - MJC`,DE,4,EUR,2026,4671,0.3854%,0.24389,18,4.39,44.60,2
"=""amzn1.ads-account.g.bak81x0kttgh0i1ah3ezzzu2m""",Portwest PL,,"=""399671753980737""",Growers (From UK) - Auto Low Bid - MJC,PL,5,PLN,2026,20423,0.2399%,0.43837,49,21.48,33.47,2
"=""amzn1.ads-account.g.95u2ty2xhpic90diqqwzt6a2s""",Portwest USA,,"=""523654763196797""",Profit Expand Group 3 - Low Bid BRD & PHR - JC,US,1,USD,2025,27466,1.0522%,0.32301,289,93.35,2444.93,45
"=""amzn1.ads-account.g.1pajz8jo9dcmlcw2654w4ynhd""",Portwest Australia,,"=""529658289585474""",May Promo - Project Candy - Auto Low Bid - MJC,AU,5,AUD,2025,463345,0.4075%,0.25005,1888,472.10,3683.77,172
"=""amzn1.ads-account.g.1pajz8jo9dcmlcw2654w4ynhd""",Portwest Australia,,"=""371634636717287""",Manual Profit Expand BRD PHR Low Bid - Q2 2024 - MJC,AU,7,AUD,2026,44719,0.6753%,0.19556,302,59.06,630.21,26
"=""amzn1.ads-account.g.7qon60b3itwr4fzatg0h6r5fv""",Portwest IT,,"=""421546352398518""",SP - PRIME DAY - Project Candy Low Bid with Multi,IT,2,EUR,2026,1295687,0.2517%,0.18141,3261,591.59,5649.71,213
"=""amzn1.ads-account.g.7qon60b3itwr4fzatg0h6r5fv""",Portwest IT,,"=""432140609662787""",SP - UK Gap Products - Project Candy - Auto Low Bid - MJC,IT,2,EUR,2026,749255,0.2699%,0.13083,2022,264.53,2587.25,74
"=""amzn1.ads-account.g.betoci5lb82z6jole1u6tt780""",Portwest FR,,"=""560822063068179""",Manual Profit EXT Low Bid - December 2023 - MJC,FR,9,EUR,2026,20236,0.6770%,0.15613,137,21.39,396.47,44
"=""amzn1.ads-account.g.5dfl8rvx53v3cuqmb1snnubcf""",Portwest NL,,"=""443819118758041""",Bridging Promo 24 May - Project Candy Low Bid - MJC,NL,7,EUR,2026,9017,0.2440%,0.11455,22,2.52,111.24,3
"=""amzn1.ads-account.g.9mvvwnjt2tsmdz08926vlb17a""",Portwest DE,,"=""358197710343541""",Project Candy - Converting EXT - 20240711,DE,12,EUR,2025,64882,0.2651%,0.22674,172,39.00,319.78,29
"=""amzn1.ads-account.g.1pajz8jo9dcmlcw2654w4ynhd""",Portwest Australia,,"=""129109347042612""",Display Ads Converting 2852,AU,12,AUD,2025,0,,,0,0.00,0.00,0
"=""amzn1.ads-account.g.1pajz8jo9dcmlcw2654w4ynhd""",Portwest Australia,,"=""396025250237617""",Manual Profit EXT Low Bid - Q2 2024 - MJC,AU,4,AUD,2026,7758,0.4769%,0.25351,37,9.38,30.98,2
"=""amzn1.ads-account.g.1pajz8jo9dcmlcw2654w4ynhd""",Portwest Australia,,"=""257891712755572""",Profit MJC,AU,9,AUD,2025,11840,0.9206%,1.01908,109,111.08,884.50,32
"=""amzn1.ads-account.g.1pajz8jo9dcmlcw2654w4ynhd""",Portwest Australia,,"=""519485767745737""",Keyword Research Low Bid - BRD PHR - AH,AU,12,AUD,2025,27699,0.5560%,0.45201,154,69.61,963.86,22
"=""amzn1.ads-account.g.8os9jbxe8uolgs0z0ka9qua0q""",Portwest ES,,"=""204794077297538""",Base - Top 10 Sellers - Auto Low Bid - MJC,ES,2,EUR,2025,180277,0.3589%,0.18085,647,117.01,1310.35,16
"=""amzn1.ads-account.g.mxheehzl72t4l5it1hfsk6xz""",Portwest SE,,"=""293264327574712""",Auto All - EURO Expansion 4 V2 - Campaign A - MJC,SE,1,SEK,2025,180965,0.2730%,0.68941,494,340.57,8291.73,31
"=""amzn1.ads-account.g.5dfl8rvx53v3cuqmb1snnubcf""",Portwest NL,,"=""492525007470072""",Auto All - EURO Expansion 4 - Campaign A - MJC,NL,9,EUR,2025,54114,0.6080%,0.06204,329,20.41,1470.05,112
"=""amzn1.ads-account.g.1pajz8jo9dcmlcw2654w4ynhd""",Portwest Australia,,"=""188584067285470""",Display Ads Converting PW40,AU,3,AUD,2025,5,0.0000%,,0,0.00,0.00,0
"=""amzn1.ads-account.g.mxheehzl72t4l5it1hfsk6xz""",Portwest SE,,"=""293264327574712""",Auto All - EURO Expansion 4 V2 - Campaign A - MJC,SE,9,SEK,2026,79265,0.3999%,0.85713,317,271.71,4107.68,31
"=""amzn1.ads-account.g.mxheehzl72t4l5it1hfsk6xz""",Portwest SE,,"=""376936864967411""",Auto All - EURO Expansion 4 V2 - Campaign B - MJC,SE,9,SEK,2026,116077,0.3472%,1.26347,403,509.18,4986.81,21
"=""amzn1.ads-account.g.5dfl8rvx53v3cuqmb1snnubcf""",Portwest NL,,"=""389075736151395""",Auto All - EURO Expansion 4 - Campaign B - MJC,NL,7,EUR,2026,104356,0.3411%,0.08652,356,30.80,374.15,31
"=""amzn1.ads-account.g.7qon60b3itwr4fzatg0h6r5fv""",Portwest IT,,"=""285411610871437""",SP - Project Candy - Bridging Promo - 22 Sep 2025 - Auto Low Bid - MJC,IT,12,EUR,2025,116444,0.2774%,0.16796,323,54.25,235.95,10
"=""amzn1.ads-account.g.95u2ty2xhpic90diqqwzt6a2s""",Portwest USA,,"=""363307255195676""",PAT Profit Style group 1 - Low bid Sep 2024 - JC,US,5,USD,2025,7858,0.4200%,0.24939,33,8.23,227.82,3
"=""amzn1.ads-account.g.6wubx539i9z2ina5h90v21w6e""",WWD - Workwear Depot,,"=""26886441161653""",C - Auto Low Bid - May 2023 - MJC,US,5,USD,2025,156,0.6410%,0.25000,1,0.25,0.00,0
"=""amzn1.ads-account.g.betoci5lb82z6jole1u6tt780""",Portwest FR,,"=""481907341387279""",Home and Garden 2025 - Project Candy - Auto Low Bid - MJC,FR,3,EUR,2026,935847,0.3006%,0.13160,2813,370.19,6199.64,234
"=""amzn1.ads-account.g.6wubx539i9z2ina5h90v21w6e""",WWD - Workwear Depot,,"=""26886441161653""",C - Auto Low Bid - May 2023 - MJC,US,5,USD,2026,249,0.0000%,,0,0.00,0.00,0
"=""amzn1.ads-account.g.7qon60b3itwr4fzatg0h6r5fv""",Portwest IT,,"=""370228643995043""",Project Candy - Converting EXT - 20240711,IT,8,EUR,2026,9417,0.2549%,0.12417,24,2.98,102.37,4
"=""amzn1.ads-account.g.7qon60b3itwr4fzatg0h6r5fv""",Portwest IT,,"=""501655278304804""",Growers - Auto Low Bid - MJC,IT,6,EUR,2025,279981,0.6993%,0.14455,1958,283.03,4560.35,225
"=""amzn1.ads-account.g.mxheehzl72t4l5it1hfsk6xz""",Portwest SE,,"=""506264653748482""",SP - Project Candy - Bridging Promo - 22 Sep 2025 - Auto Low Bid - MJC,SE,5,SEK,2026,35096,0.4530%,1.53604,159,244.23,1171.61,6
"=""amzn1.ads-account.g.95u2ty2xhpic90diqqwzt6a2s""",Portwest USA,,"=""361201165946376""",Home and Garden - Project Candy - Auto Low Bid - MJC,US,8,USD,2026,4616,0.9099%,0.25881,42,10.87,62.83,4
"=""amzn1.ads-account.g.9zovk6zrqsgpaj8x2od1sbl53""",Portwest - BE BISS - (Pan-EU),,"=""314375037758059""",SP - Project Candy - Bridging Promo - 5 Sep 2025 - Auto Low Bid - MJC,BE,12,EUR,2025,35034,0.8306%,0.12588,291,36.63,589.08,50
"=""amzn1.ads-account.g.9mvvwnjt2tsmdz08926vlb17a""",Portwest DE,,"=""456161439841495""",Store Spotlight (DE) SB - Homepage - SD,DE,3,EUR,2026,441540,0.1094%,0.16913,483,81.69,1518.93,37
"=""amzn1.ads-account.g.betoci5lb82z6jole1u6tt780""",Portwest FR,,"=""330209804597144""",SP - Bridging Promo until 4th Aug - Project Candy Low Bid - MJC,FR,5,EUR,2026,213968,0.4431%,0.15489,948,146.84,1835.22,129
"=""amzn1.ads-account.g.1pajz8jo9dcmlcw2654w4ynhd""",Portwest Australia,,"=""327823251042498""",Display Ads Converting SP AH,AU,8,AUD,2025,29706,0.1919%,0.54439,57,31.03,510.93,16
"=""amzn1.ads-account.g.95u2ty2xhpic90diqqwzt6a2s""",Portwest USA,,"=""415107248963968""",Profit Focus Top Styles - Exact - Oct 2024 - JC,US,1,USD,2025,19735,0.6790%,0.56149,134,75.24,212.11,4
"=""amzn1.ads-account.g.1pajz8jo9dcmlcw2654w4ynhd""",Portwest Australia,,"=""302643831867198""",Droppers - Auto Low Bid - MJC,AU,2,AUD,2026,19308,0.6111%,0.45254,118,53.40,817.18,31
"=""amzn1.ads-account.g.1pajz8jo9dcmlcw2654w4ynhd""",Portwest Australia,,"=""327823251042498""",Display Ads Converting SP AH,AU,3,AUD,2025,34497,0.1971%,0.54588,68,37.12,422.98,13
"=""amzn1.ads-account.g.1pajz8jo9dcmlcw2654w4ynhd""",Portwest Australia,,"=""514462827169654""",SP - PRIME DAY - Project Candy Low Bid with Multi,AU,5,AUD,2026,140058,0.5112%,0.41546,716,297.47,4614.74,162
"=""amzn1.ads-account.g.1pajz8jo9dcmlcw2654w4ynhd""",Portwest Australia,,"=""211972647042468""",Profit Expand BRD & PHR - Low Bid - MJC,AU,11,AUD,2025,75258,0.3827%,0.22306,288,64.24,680.08,22
"=""amzn1.ads-account.g.9mvvwnjt2tsmdz08926vlb17a""",Portwest DE,,"=""448372766050370""",Bridging Promo 24 May - Project Candy Low Bid - MJC,DE,7,EUR,2026,32643,0.3737%,0.18689,122,22.80,362.64,13
"=""amzn1.ads-account.g.5dfl8rvx53v3cuqmb1snnubcf""",Portwest NL,,"=""389075736151395""",Auto All - EURO Expansion 4 - Campaign B - MJC,NL,2,EUR,2025,171620,0.4096%,0.04949,703,34.79,1188.40,63
"=""amzn1.ads-account.g.9mvvwnjt2tsmdz08926vlb17a""",Portwest DE,,"=""547494018872329""",Keyword Research Low Bid (Seasonal) - BRD PHR - SD,DE,8,EUR,2025,337222,0.2773%,0.23856,935,223.05,2653.12,226
"=""amzn1.ads-account.g.9mvvwnjt2tsmdz08926vlb17a""",Portwest DE,,"=""368937778983831""",Manual Profit EXT Low Bid - December 2023 - MJC,DE,1,EUR,2025,217331,1.0008%,0.15728,2175,342.09,8368.20,308
"=""amzn1.ads-account.g.betoci5lb82z6jole1u6tt780""",Portwest FR,,"=""293679770059445""",SP - UK Gap Products - Project Candy - Auto Low Bid - MJC,FR,11,EUR,2025,188324,0.4322%,0.14151,814,115.19,1344.34,55
"=""amzn1.ads-account.g.bak81x0kttgh0i1ah3ezzzu2m""",Portwest PL,,"=""442163708910699""",Auto All - EURO Expansion 4 - Campaign A - MJC,PL,2,PLN,2025,142769,0.1520%,0.33359,217,72.39,591.59,8
"=""amzn1.ads-account.g.8os9jbxe8uolgs0z0ka9qua0q""",Portwest ES,,"=""195522116641065""",Droppers - Auto Low Bid - MJC,ES,2,EUR,2026,38428,0.4007%,0.08377,154,12.90,329.26,31
"=""amzn1.ads-account.g.7qon60b3itwr4fzatg0h6r5fv""",Portwest IT,,"=""378274572618736""",SP - PBDD - Project Candy Low Bid - MJC,IT,12,EUR,2025,3295071,0.2778%,0.15441,9155,1413.62,14726.76,820
"=""amzn1.ads-account.g.1pajz8jo9dcmlcw2654w4ynhd""",Portwest Australia,,"=""74703476074231""",Profit PAT MJC,AU,4,AUD,2026,2961,1.1483%,0.15882,34,5.40,188.84,6
"=""amzn1.ads-account.g.9zovk6zrqsgpaj8x2od1sbl53""",Portwest - BE BISS - (Pan-EU),,"=""377546417761236""",Auto All - EURO Expansion 4 - Campaign B - MJC,BE,4,EUR,2025,72400,0.8246%,0.09476,597,56.57,945.77,65
"=""amzn1.ads-account.g.9mvvwnjt2tsmdz08926vlb17a""",Portwest DE,,"=""324958907979592""",Project Candy - Focus Styles from SD - Auto Low Bid - Q4 2024 - MJC,DE,7,EUR,2026,69275,0.4634%,0.23156,321,74.33,1291.15,70
"=""amzn1.ads-account.g.95u2ty2xhpic90diqqwzt6a2s""",Portwest USA,,"=""533532889300124""",Auto Low Bid - Vendor Push May 2024 - MJC,US,7,USD,2026,18263,1.0349%,0.23979,189,45.32,732.09,19
"=""amzn1.ads-account.g.9mvvwnjt2tsmdz08926vlb17a""",Portwest DE,,"=""234439264649803""",PAT Competitor - S999 (CY),DE,2,EUR,2025,2197,1.4565%,0.34500,32,11.04,20.90,1
"=""amzn1.ads-account.g.bak81x0kttgh0i1ah3ezzzu2m""",Portwest PL,,"=""498106826619910""",SP - PBDD - Project Candy Low Bid - MJC,PL,10,PLN,2025,2206,0.2267%,0.55400,5,2.77,0.00,0
"=""amzn1.ads-account.g.betoci5lb82z6jole1u6tt780""",Portwest FR,,"=""370127154989503""",Auto Low Bid - Q4 2023 - MJC,FR,6,EUR,2026,95897,0.2868%,0.14349,275,39.46,632.29,30
"=""amzn1.ads-account.g.6wubx539i9z2ina5h90v21w6e""",WWD - Workwear Depot,,"=""157714611577244""",M - Auto Low Bid - May 2023 - MJC,US,6,USD,2025,210,0.0000%,,0,0.00,0.00,0
"=""amzn1.ads-account.g.7qon60b3itwr4fzatg0h6r5fv""",Portwest IT,,"=""365836086305490""",Keyword Research Low Bid Group 1 - BRD PHR Oct 2024 - JC,IT,11,EUR,2025,137298,0.3940%,0.16628,541,89.96,738.76,22
"=""amzn1.ads-account.g.5dfl8rvx53v3cuqmb1snnubcf""",Portwest NL,,"=""475402648433849""",Bridging Promo 31 May - Project Candy Low Bid - MJC,NL,3,EUR,2026,773,0.1294%,0.09000,1,0.09,0.00,0
"=""amzn1.ads-account.g.1pajz8jo9dcmlcw2654w4ynhd""",Portwest Australia,,"=""66419074293351""",Display Ads Converting S899,AU,6,AUD,2026,7,0.0000%,,0,0.00,0.00,0
"=""amzn1.ads-account.g.1pajz8jo9dcmlcw2654w4ynhd""",Portwest Australia,,"=""189841923688280""",SP - Unhealthy Inventory - Long Tail - PHR EXT - Low Bid (0.50) - MJC,AU,7,AUD,2026,1,0.0000%,,0,0.00,0.00,0
"=""amzn1.ads-account.g.7qon60b3itwr4fzatg0h6r5fv""",Portwest IT,,"=""320546710532715""",Bridging Promo 31 May - Project Candy Low Bid - MJC,IT,3,EUR,2026,115325,0.6911%,0.12476,797,99.43,1426.34,70
"=""amzn1.ads-account.g.9zovk6zrqsgpaj8x2od1sbl53""",Portwest - BE BISS - (Pan-EU),,"=""289395542376704""",Bridging Promo 24 May - Project Candy Low Bid - MJC,BE,9,EUR,2025,923,1.0834%,0.11700,10,1.17,58.83,1
"=""amzn1.ads-account.g.95u2ty2xhpic90diqqwzt6a2s""",Portwest USA,,"=""409405592960837""",Profit Expand Group 4 - Low Bid BRD & PHR - JC,US,5,USD,2025,226921,1.2529%,0.29444,2843,837.09,6845.92,429
"=""amzn1.ads-account.g.1pajz8jo9dcmlcw2654w4ynhd""",Portwest Australia,,"=""127908567131055""",Auto All Low Bid MJC,AU,12,AUD,2025,103534,0.2009%,0.21308,208,44.32,402.32,20
"=""amzn1.ads-account.g.9zovk6zrqsgpaj8x2od1sbl53""",Portwest - BE BISS - (Pan-EU),,"=""344800929956085""",Auto All - EURO Expansion 4 - Campaign A - MJC,BE,3,EUR,2025,60547,0.8489%,0.10516,514,54.05,1129.62,71
"=""amzn1.ads-account.g.95u2ty2xhpic90diqqwzt6a2s""",Portwest USA,,"=""447677372993835""",PAT Profit US440 - Exact - Oct 2024 - JC,US,7,USD,2025,3963,1.0850%,0.52558,43,22.60,156.08,9
"=""amzn1.ads-account.g.5dfl8rvx53v3cuqmb1snnubcf""",Portwest NL,,"=""475402648433849""",Bridging Promo 31 May - Project Candy Low Bid - MJC,NL,7,EUR,2026,11265,0.2929%,0.12121,33,4.00,17.49,2
"=""amzn1.ads-account.g.6wubx539i9z2ina5h90v21w6e""",WWD - Workwear Depot,,"=""509748980876095""",SP - Elbow Pads - Manual Keyword Res & Sugg - BRD PHR EXT - MJC,UK,3,GBP,2025,2529,0.5536%,0.86500,14,12.11,0.00,0
"=""amzn1.ads-account.g.betoci5lb82z6jole1u6tt780""",Portwest FR,,"=""481907341387279""",Home and Garden 2025 - Project Candy - Auto Low Bid - MJC,FR,9,EUR,2025,416006,0.2904%,0.13706,1208,165.57,3004.50,99
"=""amzn1.ads-account.g.betoci5lb82z6jole1u6tt780""",Portwest FR,,"=""293679770059445""",SP - UK Gap Products - Project Candy - Auto Low Bid - MJC,FR,9,EUR,2026,65867,0.6103%,0.14373,402,57.78,1522.81,68
"=""amzn1.ads-account.g.betoci5lb82z6jole1u6tt780""",Portwest FR,,"=""370127154989503""",Auto Low Bid - Q4 2023 - MJC,FR,1,EUR,2026,325253,0.2493%,0.14248,811,115.55,2110.51,65
"=""amzn1.ads-account.g.9mvvwnjt2tsmdz08926vlb17a""",Portwest DE,,"=""488971604344142""",Keyword Research Low Bid (New Selection) - BRD PHR - SD,DE,2,EUR,2025,1155970,0.2159%,0.19192,2496,479.04,6367.05,192
"=""amzn1.ads-account.g.95u2ty2xhpic90diqqwzt6a2s""",Portwest USA,,"=""401424375599724""",Store Spotlight 2 SB - Nov 2024 - JC,US,10,USD,2025,908438,0.0849%,0.20769,771,160.13,1062.21,31
"=""amzn1.ads-account.g.betoci5lb82z6jole1u6tt780""",Portwest FR,,"=""424060741780397""",Auto Low Bid - Q1 2024 - Feb Deals - MJC,FR,5,EUR,2026,297151,0.2729%,0.14021,811,113.71,1016.19,37
"=""amzn1.ads-account.g.1pajz8jo9dcmlcw2654w4ynhd""",Portwest Australia,,"=""185974181413231""",SP - Keyword Gaps vs UK - PHR EXT - Fixed Bid (0.6) - MJC,AU,4,AUD,2026,21941,0.8477%,0.63640,186,118.37,907.98,39
"=""amzn1.ads-account.g.95u2ty2xhpic90diqqwzt6a2s""",Portwest USA,,"=""520372994666385""",SP - VIP Keywords (July 2025) - EXT - Our Bid - MJC,US,9,USD,2026,35859,0.4852%,0.66603,174,115.89,484.95,18
"=""amzn1.ads-account.g.9zovk6zrqsgpaj8x2od1sbl53""",Portwest - BE BISS - (Pan-EU),,"=""344800929956085""",Auto All - EURO Expansion 4 - Campaign A - MJC,BE,2,EUR,2025,58039,0.7753%,0.10547,450,47.46,802.35,58
"=""amzn1.ads-account.g.95u2ty2xhpic90diqqwzt6a2s""",Portwest USA,,"=""409985325957400""",PAT Profit Style group 3 - Low bid Sep 204 - JC,US,9,USD,2026,411,0.7299%,0.23333,3,0.70,0.00,0
"=""amzn1.ads-account.g.1pajz8jo9dcmlcw2654w4ynhd""",Portwest Australia,,"=""327823251042498""",Display Ads Converting SP AH,AU,4,AUD,2025,34987,0.1629%,0.65105,57,37.11,210.39,6
"=""amzn1.ads-account.g.95u2ty2xhpic90diqqwzt6a2s""",Portwest USA,,"=""538337297480785""",Auto Low Bid - Vendor Push December 2023 - MJC,US,9,USD,2025,52637,0.6231%,0.25936,328,85.07,1514.97,39
"=""amzn1.ads-account.g.mxheehzl72t4l5it1hfsk6xz""",Portwest SE,,"=""293264327574712""",Auto All - EURO Expansion 4 V2 - Campaign A - MJC,SE,7,SEK,2025,101223,0.3764%,0.78982,381,300.92,3971.67,18
"=""amzn1.ads-account.g.7qon60b3itwr4fzatg0h6r5fv""",Portwest IT,,"=""344146066785323""",SP - Project Candy Auto Low Bid - Bridging Promo - 22 Sep - MJC,IT,12,EUR,2025,1851858,0.2618%,0.10689,4849,518.33,4460.85,153
"=""amzn1.ads-account.g.95u2ty2xhpic90diqqwzt6a2s""",Portwest USA,,"=""431207786236144""",Manual Profit EXT Low Bid - Q4 - MJC,US,5,USD,2025,1272,0.5503%,0.25000,7,1.75,78.28,3
"=""amzn1.ads-account.g.1pajz8jo9dcmlcw2654w4ynhd""",Portwest Australia,,"=""74703476074231""",Profit PAT MJC,AU,2,AUD,2025,6606,0.3028%,0.07900,20,1.58,203.97,4
"=""amzn1.ads-account.g.1pajz8jo9dcmlcw2654w4ynhd""",Portwest Australia,,"=""529658289585474""",May Promo - Project Candy - Auto Low Bid - MJC,AU,7,AUD,2026,113947,0.5231%,0.32800,596,195.49,2056.64,106
"=""amzn1.ads-account.g.9mvvwnjt2tsmdz08926vlb17a""",Portwest DE,,"=""484663444651191""",Keyword Research Low Bid - BRD PHR - SD,DE,1,EUR,2026,744411,0.2230%,0.23066,1660,382.90,3398.63,164
"=""amzn1.ads-account.g.95u2ty2xhpic90diqqwzt6a2s""",Portwest USA,,"=""345133918085337""",Keyword Research Low Bid - BRD PHR - JC,US,10,USD,2025,263575,0.6583%,0.22853,1735,396.50,1530.09,45
"=""amzn1.ads-account.g.95u2ty2xhpic90diqqwzt6a2s""",Portwest USA,,"=""283483470831455""",PAT Profit US440 - Low Bid Sep 2024 - JC,US,4,USD,2025,26353,1.5368%,0.23640,405,95.74,1329.73,88
"=""amzn1.ads-account.g.95u2ty2xhpic90diqqwzt6a2s""",Portwest USA,,"=""303569566619173""",High ROAS Top Styles - Medium bid Oct 2024 - JC,US,11,USD,2025,1118,0.5367%,0.62167,6,3.73,97.98,2
"=""amzn1.ads-account.g.9mvvwnjt2tsmdz08926vlb17a""",Portwest DE,,"=""533829515195503""",SP - UK Gap Products - Project Candy - Auto Low Bid - MJC,DE,7,EUR,2026,71122,0.4668%,0.15386,332,51.08,1248.99,42
"=""amzn1.ads-account.g.1pajz8jo9dcmlcw2654w4ynhd""",Portwest Australia,,"=""82479822838699""",Auto Low Bid - Unhealthy Inventory V2 - MJC,AU,7,AUD,2026,38071,0.8589%,0.20376,327,66.63,1215.98,33
"=""amzn1.ads-account.g.5dfl8rvx53v3cuqmb1snnubcf""",Portwest NL,,"=""492525007470072""",Auto All - EURO Expansion 4 - Campaign A - MJC,NL,9,EUR,2026,33687,0.4720%,0.09384,159,14.92,393.34,27
"=""amzn1.ads-account.g.9zovk6zrqsgpaj8x2od1sbl53""",Portwest - BE BISS - (Pan-EU),,"=""385469476566499""",Bridging Promo 31 May - Project Candy Low Bid - MJC,BE,11,EUR,2025,3787,1.2411%,0.14106,47,6.63,0.00,0
"=""amzn1.ads-account.g.1pajz8jo9dcmlcw2654w4ynhd""",Portwest Australia,,"=""228877476300003""",Auto Low Bid - April 2023 - All Styles - MJC,AU,3,AUD,2025,441353,0.3695%,0.23336,1631,380.61,6332.39,282
"=""amzn1.ads-account.g.1pajz8jo9dcmlcw2654w4ynhd""",Portwest Australia,,"=""185974181413231""",SP - Keyword Gaps vs UK - PHR EXT - Fixed Bid (0.6) - MJC,AU,7,AUD,2026,16282,0.7186%,0.51299,117,60.02,783.94,30
"=""amzn1.ads-account.g.95u2ty2xhpic90diqqwzt6a2s""",Portwest USA,,"=""541135041482838""",Vendor Auto Low Bid - Focus Ranges - Nov 2023 - MJC,US,6,USD,2026,8506,0.7407%,0.22365,63,14.09,165.03,8
"=""amzn1.ads-account.g.7qon60b3itwr4fzatg0h6r5fv""",Portwest IT,,"=""394086876968340""",PAT Profit Style - Low bid EXT and EXP Oct 2024 - JC,IT,3,EUR,2025,253387,0.6985%,0.17256,1770,305.43,3118.19,129
"=""amzn1.ads-account.g.9mvvwnjt2tsmdz08926vlb17a""",Portwest DE,,"=""456161439841495""",Store Spotlight (DE) SB - Homepage - SD,DE,1,EUR,2025,336473,0.1667%,0.16626,561,93.27,2270.94,48
"=""amzn1.ads-account.g.7qon60b3itwr4fzatg0h6r5fv""",Portwest IT,,"=""397507002813117""",Auto Low Bid - Q1 2024 - Feb Deals - MJC,IT,11,EUR,2025,554944,0.1506%,0.13720,836,114.70,375.49,21
"=""amzn1.ads-account.g.1pajz8jo9dcmlcw2654w4ynhd""",Portwest Australia,,"=""514462827169654""",SP - PRIME DAY - Project Candy Low Bid with Multi,AU,7,AUD,2026,123828,0.4377%,0.42601,542,230.90,3196.62,94
"=""amzn1.ads-account.g.95u2ty2xhpic90diqqwzt6a2s""",Portwest USA,,"=""363307255195676""",PAT Profit Style group 1 - Low bid Sep 2024 - JC,US,9,USD,2026,51,1.9608%,0.25000,1,0.25,0.00,0
"=""amzn1.ads-account.g.betoci5lb82z6jole1u6tt780""",Portwest FR,,"=""456555263277852""",Keyword Research Low Bid (New Selection) - BRD PHR - SD,FR,2,EUR,2025,360258,0.3250%,0.18558,1171,217.32,3174.54,142
"=""amzn1.ads-account.g.betoci5lb82z6jole1u6tt780""",Portwest FR,,"=""330209804597144""",SP - Bridging Promo until 4th Aug - Project Candy Low Bid - MJC,FR,8,EUR,2025,505950,0.3587%,0.16409,1815,297.83,3203.97,267
"=""amzn1.ads-account.g.1pajz8jo9dcmlcw2654w4ynhd""",Portwest Australia,,"=""108617369848228""",Display Ads Converting FW90,AU,3,AUD,2026,80,1.2500%,0.07000,1,0.07,0.00,0
"=""amzn1.ads-account.g.1pajz8jo9dcmlcw2654w4ynhd""",Portwest Australia,,"=""480370204072590""",PAT Profit Low Bid - Q2 2024 - MJC,AU,5,AUD,2025,8192,0.8301%,0.27529,68,18.72,352.22,16
"=""amzn1.ads-account.g.1pajz8jo9dcmlcw2654w4ynhd""",Portwest Australia,,"=""74703476074231""",Profit PAT MJC,AU,6,AUD,2026,8443,0.9712%,0.32488,82,26.64,599.14,19
"=""amzn1.ads-account.g.1pajz8jo9dcmlcw2654w4ynhd""",Portwest Australia,,"=""74703476074231""",Profit PAT MJC,AU,12,AUD,2025,3313,2.1733%,0.31861,72,22.94,253.71,7
"=""amzn1.ads-account.g.6wubx539i9z2ina5h90v21w6e""",WWD - Workwear Depot,,"=""474399785060613""",SP - Project Candy Low Bid - New Styles - Phase One - MJC,US,4,USD,2026,7860,0.3181%,0.19880,25,4.97,0.00,0
"=""amzn1.ads-account.g.8os9jbxe8uolgs0z0ka9qua0q""",Portwest ES,,"=""204794077297538""",Base - Top 10 Sellers - Auto Low Bid - MJC,ES,5,EUR,2025,73044,0.3779%,0.18076,276,49.89,773.01,10
"=""amzn1.ads-account.g.8os9jbxe8uolgs0z0ka9qua0q""",Portwest ES,,"=""311119177054404""",SP - PBDD - Project Candy Low Bid - MJC,ES,10,EUR,2025,2120929,0.3305%,0.15456,7010,1083.49,9181.25,711
"=""amzn1.ads-account.g.9mvvwnjt2tsmdz08926vlb17a""",Portwest DE,,"=""309290485231754""",Display Ads Converting SP SD,DE,1,EUR,2026,9448,0.1058%,0.31200,10,3.12,117.88,3
"=""amzn1.ads-account.g.bak81x0kttgh0i1ah3ezzzu2m""",Portwest PL,,"=""401254527269738""",Auto Low Bid - Q4 2023 - MJC,PL,4,PLN,2025,2984,0.2346%,0.10857,7,0.76,0.00,0
"=""amzn1.ads-account.g.mxheehzl72t4l5it1hfsk6xz""",Portwest SE,,"=""508987492133915""",Growers (From UK) - Auto Low Bid - MJC,SE,1,SEK,2026,14042,0.4558%,0.78359,64,50.15,234.51,1
"=""amzn1.ads-account.g.9mvvwnjt2tsmdz08926vlb17a""",Portwest DE,,"=""358197710343541""",Project Candy - Converting EXT - 20240711,DE,11,EUR,2025,57336,0.2843%,0.23104,163,37.66,427.24,27
"=""amzn1.ads-account.g.7qon60b3itwr4fzatg0h6r5fv""",Portwest IT,,"=""370228643995043""",Project Candy - Converting EXT - 20240711,IT,8,EUR,2025,5051,0.3366%,0.12941,17,2.20,15.81,2
"=""amzn1.ads-account.g.95u2ty2xhpic90diqqwzt6a2s""",Portwest USA,,"=""431207786236144""",Manual Profit EXT Low Bid - Q4 - MJC,US,11,USD,2025,89,2.2472%,0.25000,2,0.50,0.00,0
"=""amzn1.ads-account.g.6wubx539i9z2ina5h90v21w6e""",WWD - Workwear Depot,,"=""362238157932910""",SP - BASE - Launch - Project Candy Auto Med Bid - MJC,UK,11,GBP,2025,289648,0.4119%,0.29920,1193,356.95,371.83,4
"=""amzn1.ads-account.g.7qon60b3itwr4fzatg0h6r5fv""",Portwest IT,,"=""556865623922826""",Auto Low Bid - Q4 2023 - MJC,IT,1,EUR,2025,705259,0.2167%,0.14774,1528,225.75,1714.49,52
"=""amzn1.ads-account.g.betoci5lb82z6jole1u6tt780""",Portwest FR,,"=""293679770059445""",SP - UK Gap Products - Project Candy - Auto Low Bid - MJC,FR,4,EUR,2025,1235442,0.3694%,0.14001,4564,639.00,6859.70,305
"=""amzn1.ads-account.g.betoci5lb82z6jole1u6tt780""",Portwest FR,,"=""481907341387279""",Home and Garden 2025 - Project Candy - Auto Low Bid - MJC,FR,5,EUR,2025,1385181,0.2177%,0.13807,3015,416.29,5388.16,223
"=""amzn1.ads-account.g.8os9jbxe8uolgs0z0ka9qua0q""",Portwest ES,,"=""195522116641065""",Droppers - Auto Low Bid - MJC,ES,9,EUR,2025,71022,0.3858%,0.16664,274,45.66,493.91,37
"=""amzn1.ads-account.g.6wubx539i9z2ina5h90v21w6e""",WWD - Workwear Depot,,"=""345431107373344""",SP - B2B Auto Low Bid - MC,US,8,USD,2026,7935,0.4285%,0.36265,34,12.33,0.00,0
"=""amzn1.ads-account.g.9mvvwnjt2tsmdz08926vlb17a""",Portwest DE,,"=""339739082571714""",Auto Low Bid - Q1 2024 - Feb Deals - MJC,DE,4,EUR,2025,705066,0.2042%,0.17756,1440,255.68,4740.01,175
"=""amzn1.ads-account.g.6wubx539i9z2ina5h90v21w6e""",WWD - Workwear Depot,,"=""129758628454478""",UH440 - Auto - May 2023,US,2,USD,2026,40174,0.4953%,0.67387,199,134.10,191.95,5
"=""amzn1.ads-account.g.7qon60b3itwr4fzatg0h6r5fv""",Portwest IT,,"=""499173945259706""",Project Candy - Target Styles Q4 2024 - Auto Low Bid - MJC,IT,5,EUR,2025,1248877,0.3128%,0.18162,3906,709.41,7446.66,403
"=""amzn1.ads-account.g.8os9jbxe8uolgs0z0ka9qua0q""",Portwest ES,,"=""195522116641065""",Droppers - Auto Low Bid - MJC,ES,3,EUR,2026,37960,0.4162%,0.09956,158,15.73,422.54,19
"=""amzn1.ads-account.g.1pajz8jo9dcmlcw2654w4ynhd""",Portwest Australia,,"=""519485767745737""",Keyword Research Low Bid - BRD PHR - AH,AU,6,AUD,2026,53586,0.4404%,0.47843,236,112.91,881.75,19
"=""amzn1.ads-account.g.7qon60b3itwr4fzatg0h6r5fv""",Portwest IT,,"=""365836086305490""",Keyword Research Low Bid Group 1 - BRD PHR Oct 2024 - JC,IT,5,EUR,2025,76567,0.3683%,0.15223,282,42.93,230.88,8
"=""amzn1.ads-account.g.1pajz8jo9dcmlcw2654w4ynhd""",Portwest Australia,,"=""296844823415113""",C734_Auto_Low_Bid_AH Copy 1,AU,4,AUD,2026,0,,,0,0.00,0.00,0
"=""amzn1.ads-account.g.1pajz8jo9dcmlcw2654w4ynhd""",Portwest Australia,,"=""313517393614726""",Push Q1 2024 - Auto Low Bid - MJC,AU,5,AUD,2025,98771,0.4647%,0.32821,459,150.65,2467.20,163
"=""amzn1.ads-account.g.95u2ty2xhpic90diqqwzt6a2s""",Portwest USA,,"=""345133918085337""",Keyword Research Low Bid - BRD PHR - JC,US,9,USD,2026,44561,0.4376%,0.23851,195,46.51,194.79,8
"=""amzn1.ads-account.g.mxheehzl72t4l5it1hfsk6xz""",Portwest SE,,"=""508987492133915""",Growers (From UK) - Auto Low Bid - MJC,SE,4,SEK,2026,24200,0.5496%,1.17316,133,156.03,3589.84,14
"=""amzn1.ads-account.g.1pajz8jo9dcmlcw2654w4ynhd""",Portwest Australia,,"=""274645847327056""",Display Ads Converting  FW95,AU,10,AUD,2025,2,0.0000%,,0,0.00,0.00,0
"=""amzn1.ads-account.g.7qon60b3itwr4fzatg0h6r5fv""",Portwest IT,,"=""109993015518345""",SP - Amazon Business Project Candy - Missing Styles June 2026 - Low Bid - MJC (B),IT,8,EUR,2026,376443,0.1700%,0.28877,640,184.81,2260.01,164
"=""amzn1.ads-account.g.7qon60b3itwr4fzatg0h6r5fv""",Portwest IT,,"=""465724007904797""",Home and Garden 2025 - Project Candy - Auto Low Bid - MJC,IT,5,EUR,2026,225093,0.2266%,0.13592,510,69.32,835.42,42
"=""amzn1.ads-account.g.1pajz8jo9dcmlcw2654w4ynhd""",Portwest Australia,,"=""534285577334243""",Project Candy V3 - Top 100 (May 2025) - Auto Low Bid with Multi - MJC,AU,10,AUD,2025,115303,0.7806%,0.37837,900,340.53,4591.07,337
"=""amzn1.ads-account.g.mxheehzl72t4l5it1hfsk6xz""",Portwest SE,,"=""376936864967411""",Auto All - EURO Expansion 4 V2 - Campaign B - MJC,SE,6,SEK,2026,159102,0.3281%,1.01667,522,530.70,4791.58,30
"=""amzn1.ads-account.g.6wubx539i9z2ina5h90v21w6e""",WWD - Workwear Depot,,"=""549574665294693""",SP - Catch All Low Bid - All Live Product - with Multi - MJC,US,6,USD,2026,65491,0.8306%,0.21131,544,114.95,407.93,8
"=""amzn1.ads-account.g.9mvvwnjt2tsmdz08926vlb17a""",Portwest DE,,"=""165105723572633""",Auto Targeting - S999 (CY),DE,3,EUR,2025,56943,0.6796%,0.24333,387,94.17,1502.20,62
"=""amzn1.ads-account.g.9mvvwnjt2tsmdz08926vlb17a""",Portwest DE,,"=""151460587266063""",PAT Competitor - H440 (CY),DE,1,EUR,2026,184,0.0000%,,0,0.00,0.00,0
"=""amzn1.ads-account.g.mxheehzl72t4l5it1hfsk6xz""",Portwest SE,,"=""293264327574712""",Auto All - EURO Expansion 4 V2 - Campaign A - MJC,SE,10,SEK,2025,768,0.3906%,0.54000,3,1.62,0.00,0
"=""amzn1.ads-account.g.8os9jbxe8uolgs0z0ka9qua0q""",Portwest ES,,"=""204794077297538""",Base - Top 10 Sellers - Auto Low Bid - MJC,ES,2,EUR,2026,11802,0.4152%,0.15612,49,7.65,46.03,1
"=""amzn1.ads-account.g.7qon60b3itwr4fzatg0h6r5fv""",Portwest IT,,"=""370228643995043""",Project Candy - Converting EXT - 20240711,IT,2,EUR,2025,21765,0.1792%,0.15718,39,6.13,0.00,0
"=""amzn1.ads-account.g.6wubx539i9z2ina5h90v21w6e""",WWD - Workwear Depot,,"=""262860660370351""",B - Auto Low Bid - May 2023 - MJC,US,5,USD,2025,258,0.0000%,,0,0.00,0.00,0
"=""amzn1.ads-account.g.7qon60b3itwr4fzatg0h6r5fv""",Portwest IT,,"=""397507002813117""",Auto Low Bid - Q1 2024 - Feb Deals - MJC,IT,9,EUR,2025,414091,0.1746%,0.14459,723,104.54,133.72,7
"=""amzn1.ads-account.g.1pajz8jo9dcmlcw2654w4ynhd""",Portwest Australia,,"=""480370204072590""",PAT Profit Low Bid - Q2 2024 - MJC,AU,5,AUD,2026,3678,1.6313%,0.31433,60,18.86,155.65,7
"=""amzn1.ads-account.g.8os9jbxe8uolgs0z0ka9qua0q""",Portwest ES,,"=""412217386163037""",Auto Low Bid - Q4 2023 - MJC,ES,5,EUR,2025,245105,0.2207%,0.16658,541,90.12,947.13,51
"=""amzn1.ads-account.g.bak81x0kttgh0i1ah3ezzzu2m""",Portwest PL,,"=""538515140167827""",Bridging Promo 31 May - Project Candy Low Bid - MJC,PL,11,PLN,2025,22130,0.2124%,0.47660,47,22.40,307.59,1
"=""amzn1.ads-account.g.95u2ty2xhpic90diqqwzt6a2s""",Portwest USA,,"=""547236964747932""",Manual Profit EXT Low Bid - December 2023 - MJC,US,3,USD,2025,3085,0.1945%,0.23500,6,1.41,0.00,0
"=""amzn1.ads-account.g.7qon60b3itwr4fzatg0h6r5fv""",Portwest IT,,"=""365836086305490""",Keyword Research Low Bid Group 1 - BRD PHR Oct 2024 - JC,IT,8,EUR,2025,75373,0.4577%,0.13791,345,47.58,465.16,28
"=""amzn1.ads-account.g.betoci5lb82z6jole1u6tt780""",Portwest FR,,"=""500653553293902""",Bridging Promo 17 May - Project Candy Low Bid - MJC,FR,10,EUR,2025,227209,0.2042%,0.19321,464,89.65,425.69,10
"=""amzn1.ads-account.g.8os9jbxe8uolgs0z0ka9qua0q""",Portwest ES,,"=""449211671742243""",Keyword Research Low Bid - BRD PHR - SD,ES,2,EUR,2025,1445531,0.1664%,0.17248,2405,414.81,2772.17,91
"=""amzn1.ads-account.g.6wubx539i9z2ina5h90v21w6e""",WWD - Workwear Depot,,"=""389985294556058""",SP - Project Candy Low Bid - Active Seller List (From SD) - Sep 2025 - MJC,UK,2,GBP,2026,341090,0.5090%,0.14498,1736,251.69,601.52,19
"=""amzn1.ads-account.g.9mvvwnjt2tsmdz08926vlb17a""",Portwest DE,,"=""151460587266063""",PAT Competitor - H440 (CY),DE,2,EUR,2026,193,0.0000%,,0,0.00,0.00,0
"=""amzn1.ads-account.g.6wubx539i9z2ina5h90v21w6e""",WWD - Workwear Depot,,"=""499053194388859""",SP - Project Candy Low Bid - PAT Profit - EXT - MJC,US,9,USD,2025,277,0.0000%,,0,0.00,0.00,0
"=""amzn1.ads-account.g.bak81x0kttgh0i1ah3ezzzu2m""",Portwest PL,,"=""498483964951140""",Auto Low Bid - Q1 2024 - Feb Deals - MJC,PL,4,PLN,2026,1993,0.3512%,0.10857,7,0.76,0.00,0
"=""amzn1.ads-account.g.6wubx539i9z2ina5h90v21w6e""",WWD - Workwear Depot,,"=""349831502064744""",SP - Project Candy Low Bid - Seller Focus Styles - MJC,US,8,USD,2026,14234,0.5901%,0.20333,84,17.08,48.99,1
"=""amzn1.ads-account.g.1pajz8jo9dcmlcw2654w4ynhd""",Portwest Australia,,"=""371634636717287""",Manual Profit Expand BRD PHR Low Bid - Q2 2024 - MJC,AU,3,AUD,2025,29197,0.7227%,0.22327,211,47.11,822.72,47
"=""amzn1.ads-account.g.1pajz8jo9dcmlcw2654w4ynhd""",Portwest Australia,,"=""82479822838699""",Auto Low Bid - Unhealthy Inventory V2 - MJC,AU,4,AUD,2026,83060,0.5358%,0.25310,445,112.63,1030.47,50
"=""amzn1.ads-account.g.9zovk6zrqsgpaj8x2od1sbl53""",Portwest - BE BISS - (Pan-EU),,"=""289395542376704""",Bridging Promo 24 May - Project Candy Low Bid - MJC,BE,1,EUR,2026,1574,0.6353%,0.14200,10,1.42,577.41,9
"=""amzn1.ads-account.g.8os9jbxe8uolgs0z0ka9qua0q""",Portwest ES,,"=""414379648842481""",SP - B2B Auto Low Bid - MC,ES,12,EUR,2025,40534,0.3676%,0.26262,149,39.13,1210.37,68
"=""amzn1.ads-account.g.9mvvwnjt2tsmdz08926vlb17a""",Portwest DE,,"=""165105723572633""",Auto Targeting - S999 (CY),DE,7,EUR,2025,14655,0.4026%,0.24898,59,14.69,126.16,5
"=""amzn1.ads-account.g.9mvvwnjt2tsmdz08926vlb17a""",Portwest DE,,"=""145924525357081""",Droppers - Auto Low Bid - MJC,DE,1,EUR,2025,396408,0.4758%,0.17355,1886,327.31,8052.33,401
"=""amzn1.ads-account.g.8os9jbxe8uolgs0z0ka9qua0q""",Portwest ES,,"=""440075957309509""",SP - Bridging Promo until 4th Aug - Project Candy Low Bid - MJC,ES,7,EUR,2025,9679,0.6199%,0.15017,60,9.01,24.62,2
"=""amzn1.ads-account.g.5dfl8rvx53v3cuqmb1snnubcf""",Portwest NL,,"=""492525007470072""",Auto All - EURO Expansion 4 - Campaign A - MJC,NL,3,EUR,2026,3005,0.3328%,0.08400,10,0.84,0.00,0
"=""amzn1.ads-account.g.bak81x0kttgh0i1ah3ezzzu2m""",Portwest PL,,"=""442163708910699""",Auto All - EURO Expansion 4 - Campaign A - MJC,PL,7,PLN,2026,10564,0.2272%,0.39708,24,9.53,0.00,0
"=""amzn1.ads-account.g.7qon60b3itwr4fzatg0h6r5fv""",Portwest IT,,"=""501655278304804""",Growers - Auto Low Bid - MJC,IT,2,EUR,2026,278085,0.5257%,0.10495,1462,153.44,2673.42,133
"=""amzn1.ads-account.g.8os9jbxe8uolgs0z0ka9qua0q""",Portwest ES,,"=""422930302495331""",SP - Project Candy - Bridging Promo - 22 Sep 2025 - Auto Low Bid - MJC,ES,10,EUR,2025,4074860,0.1702%,0.16320,6934,1131.66,3541.06,196
"=""amzn1.ads-account.g.95u2ty2xhpic90diqqwzt6a2s""",Portwest USA,,"=""340748795056441""",Style Specific - UH447 - Auto Low Bid (0.25) with Dayparting - Weekdays at 50% - MJC,US,4,USD,2025,5103,1.2150%,0.49952,62,30.97,229.47,3
"=""amzn1.ads-account.g.betoci5lb82z6jole1u6tt780""",Portwest FR,,"=""481907341387279""",Home and Garden 2025 - Project Candy - Auto Low Bid - MJC,FR,2,EUR,2026,1123208,0.3778%,0.13040,4243,553.29,7661.51,277
"=""amzn1.ads-account.g.95u2ty2xhpic90diqqwzt6a2s""",Portwest USA,,"=""537725771300092""",Profit Focus Top Styles group 2 - Exact - Oct 2024 - JC,US,1,USD,2025,7850,0.2166%,0.85294,17,14.50,0.00,0
"=""amzn1.ads-account.g.95u2ty2xhpic90diqqwzt6a2s""",Portwest USA,,"=""446556638681330""",Keyword Research 3 Low Bid - BRD PHR - JC,US,3,USD,2025,273710,0.1505%,0.25796,412,106.28,1299.57,51
"=""amzn1.ads-account.g.9mvvwnjt2tsmdz08926vlb17a""",Portwest DE,,"=""288384587728489""",Bridging Promo 17 May - Project Candy Low Bid - MJC,DE,7,EUR,2025,132813,0.3132%,0.14438,416,60.06,1908.74,70
"=""amzn1.ads-account.g.9mvvwnjt2tsmdz08926vlb17a""",Portwest DE,,"=""145924525357081""",Droppers - Auto Low Bid - MJC,DE,1,EUR,2026,116252,0.4052%,0.16393,471,77.21,1081.73,63
"=""amzn1.ads-account.g.1pajz8jo9dcmlcw2654w4ynhd""",Portwest Australia,,"=""519485767745737""",Keyword Research Low Bid - BRD PHR - AH,AU,5,AUD,2025,136857,0.6934%,0.40467,949,384.03,3736.06,159
"=""amzn1.ads-account.g.8os9jbxe8uolgs0z0ka9qua0q""",Portwest ES,,"=""536026367346324""",Project Candy - Converting EXT - 20240711,ES,11,EUR,2025,8319,0.4928%,0.14366,41,5.89,0.00,0
"=""amzn1.ads-account.g.9mvvwnjt2tsmdz08926vlb17a""",Portwest DE,,"=""151460587266063""",PAT Competitor - H440 (CY),DE,7,EUR,2026,553,0.3617%,0.50000,2,1.00,0.00,0
"=""amzn1.ads-account.g.1pajz8jo9dcmlcw2654w4ynhd""",Portwest Australia,,"=""514462827169654""",SP - PRIME DAY - Project Candy Low Bid with Multi,AU,10,AUD,2025,311181,0.3275%,0.37019,1019,377.22,4110.46,163
"=""amzn1.ads-account.g.8os9jbxe8uolgs0z0ka9qua0q""",Portwest ES,,"=""412217386163037""",Auto Low Bid - Q4 2023 - MJC,ES,8,EUR,2025,118234,0.2301%,0.16349,272,44.47,302.73,22
"=""amzn1.ads-account.g.1pajz8jo9dcmlcw2654w4ynhd""",Portwest Australia,,"=""371634636717287""",Manual Profit Expand BRD PHR Low Bid - Q2 2024 - MJC,AU,1,AUD,2026,18872,0.3974%,0.23387,75,17.54,241.63,12
"=""amzn1.ads-account.g.8os9jbxe8uolgs0z0ka9qua0q""",Portwest ES,,"=""412217386163037""",Auto Low Bid - Q4 2023 - MJC,ES,6,EUR,2025,223007,0.2408%,0.15937,537,85.58,992.77,56
"=""amzn1.ads-account.g.6wubx539i9z2ina5h90v21w6e""",WWD - Workwear Depot,,"=""549574665294693""",SP - Catch All Low Bid - All Live Product - with Multi - MJC,US,12,USD,2025,84481,0.7221%,0.23343,610,142.39,1469.66,35
"=""amzn1.ads-account.g.1pajz8jo9dcmlcw2654w4ynhd""",Portwest Australia,,"=""483038863547527""",New Respirator Masks - Auto - MJC,AU,6,AUD,2025,44899,0.5412%,0.34802,243,84.57,832.10,50
"=""amzn1.ads-account.g.8os9jbxe8uolgs0z0ka9qua0q""",Portwest ES,,"=""536026367346324""",Project Candy - Converting EXT - 20240711,ES,10,EUR,2025,6395,0.2971%,0.14263,19,2.71,25.09,2
"=""amzn1.ads-account.g.betoci5lb82z6jole1u6tt780""",Portwest FR,,"=""148284969926993""",Droppers - Auto Low Bid - MJC,FR,11,EUR,2025,161630,1.0431%,0.17730,1686,298.93,4931.57,373
"=""amzn1.ads-account.g.5dfl8rvx53v3cuqmb1snnubcf""",Portwest NL,,"=""392977465332326""",Growers (From UK) - Auto Low Bid - MJC,NL,9,EUR,2025,7796,0.4874%,0.06079,38,2.31,242.42,6
"=""amzn1.ads-account.g.95u2ty2xhpic90diqqwzt6a2s""",Portwest USA,,"=""496148515305885""",Auto Low Bid - Vendor Gloves Push January 2024 - MJC,US,10,USD,2025,2130,0.4695%,0.25000,10,2.50,0.00,0
"=""amzn1.ads-account.g.95u2ty2xhpic90diqqwzt6a2s""",Portwest USA,,"=""449935138966310""",Project Candy V3 - Top 100 (May 2025) - Auto Low Bid with Multi - MJC,US,9,USD,2026,4177,3.7108%,0.31400,155,48.67,947.02,26
"=""amzn1.ads-account.g.95u2ty2xhpic90diqqwzt6a2s""",Portwest USA,,"=""290980976603020""",Auto Low Bid - BTR Push August 2024 - JC,US,6,USD,2025,902,0.0000%,,0,0.00,0.00,0
"=""amzn1.ads-account.g.1pajz8jo9dcmlcw2654w4ynhd""",Portwest Australia,,"=""396025250237617""",Manual Profit EXT Low Bid - Q2 2024 - MJC,AU,8,AUD,2026,8079,0.6313%,0.30980,51,15.80,57.53,4
"=""amzn1.ads-account.g.1pajz8jo9dcmlcw2654w4ynhd""",Portwest Australia,,"=""476491807026648""",2852 - Top Seller - Auto Low Bid - MJC,AU,10,AUD,2025,1279,0.4691%,0.44500,6,2.67,31.36,1
"=""amzn1.ads-account.g.7qon60b3itwr4fzatg0h6r5fv""",Portwest IT,,"=""432140609662787""",SP - UK Gap Products - Project Candy - Auto Low Bid - MJC,IT,7,EUR,2025,823437,0.2620%,0.13897,2157,299.76,1915.42,115
"=""amzn1.ads-account.g.betoci5lb82z6jole1u6tt780""",Portwest FR,,"=""148284969926993""",Droppers - Auto Low Bid - MJC,FR,8,EUR,2025,194529,0.5547%,0.16132,1079,174.06,4895.50,306
"=""amzn1.ads-account.g.9mvvwnjt2tsmdz08926vlb17a""",Portwest DE,,"=""488971604344142""",Keyword Research Low Bid (New Selection) - BRD PHR - SD,DE,3,EUR,2026,140591,0.3969%,0.23355,558,130.32,1543.09,85
"=""amzn1.ads-account.g.5dfl8rvx53v3cuqmb1snnubcf""",Portwest NL,,"=""469105961672637""",SP - Project Candy Auto Low Bid - Bridging Promo - 22 Sep - MJC,NL,6,EUR,2026,756,0.3968%,0.08333,3,0.25,0.00,0
"=""amzn1.ads-account.g.mxheehzl72t4l5it1hfsk6xz""",Portwest SE,,"=""508987492133915""",Growers (From UK) - Auto Low Bid - MJC,SE,4,SEK,2025,18069,0.3929%,0.78761,71,55.92,3970.04,12
"=""amzn1.ads-account.g.1pajz8jo9dcmlcw2654w4ynhd""",Portwest Australia,,"=""533603650852527""",Keyword Research Low Bid - BRD PHR - SD,AU,6,AUD,2026,184593,0.2004%,0.51132,370,189.19,1608.27,42
"=""amzn1.ads-account.g.9zovk6zrqsgpaj8x2od1sbl53""",Portwest - BE BISS - (Pan-EU),,"=""314375037758059""",SP - Project Candy - Bridging Promo - 5 Sep 2025 - Auto Low Bid - MJC,BE,2,EUR,2026,34814,1.1490%,0.12945,400,51.78,849.08,38
"=""amzn1.ads-account.g.5dfl8rvx53v3cuqmb1snnubcf""",Portwest NL,,"=""475402648433849""",Bridging Promo 31 May - Project Candy Low Bid - MJC,NL,11,EUR,2025,33188,0.5815%,0.08731,193,16.85,269.94,5
"=""amzn1.ads-account.g.8os9jbxe8uolgs0z0ka9qua0q""",Portwest ES,,"=""547962426196207""",Auto Low Bid - Q1 2024 - Feb Deals - MJC,ES,5,EUR,2025,597642,0.2565%,0.14054,1533,215.45,1631.30,97
"=""amzn1.ads-account.g.9mvvwnjt2tsmdz08926vlb17a""",Portwest DE,,"=""165105723572633""",Auto Targeting - S999 (CY),DE,1,EUR,2025,47328,3.5286%,0.23295,1670,389.02,6655.57,256
"=""amzn1.ads-account.g.6wubx539i9z2ina5h90v21w6e""",WWD - Workwear Depot,,"=""353455736089883""",SP - Project Candy Low Bid - Winning Terms - Profit - EXT - MJC,US,12,USD,2025,52971,0.3058%,0.24185,162,39.18,148.96,4
"=""amzn1.ads-account.g.95u2ty2xhpic90diqqwzt6a2s""",Portwest USA,,"=""404384002405554""",Style Specific - UH447 - Keyword Research Low Bid (0.25) - BRD PHR - Dayparting 25 Increase Weekdays - MJC,US,6,USD,2025,12576,0.5248%,0.35030,66,23.12,426.40,6
"=""amzn1.ads-account.g.6wubx539i9z2ina5h90v21w6e""",WWD - Workwear Depot,,"=""549574665294693""",SP - Catch All Low Bid - All Live Product - with Multi - MJC,US,11,USD,2025,24513,0.7833%,0.32005,192,61.45,348.91,9
"=""amzn1.ads-account.g.9mvvwnjt2tsmdz08926vlb17a""",Portwest DE,,"=""488971604344142""",Keyword Research Low Bid (New Selection) - BRD PHR - SD,DE,7,EUR,2026,42524,0.7408%,0.23333,315,73.50,1009.28,59
"=""amzn1.ads-account.g.95u2ty2xhpic90diqqwzt6a2s""",Portwest USA,,"=""447677372993835""",PAT Profit US440 - Exact - Oct 2024 - JC,US,5,USD,2025,7857,0.9037%,0.44380,71,31.51,160.60,8
"=""amzn1.ads-account.g.9zovk6zrqsgpaj8x2od1sbl53""",Portwest - BE BISS - (Pan-EU),,"=""457392713613897""",Droppers (From UK) - Auto Low Bid - MJC,BE,8,EUR,2026,5822,1.9066%,0.10198,111,11.32,168.25,14
"=""amzn1.ads-account.g.mxheehzl72t4l5it1hfsk6xz""",Portwest SE,,"=""508987492133915""",Growers (From UK) - Auto Low Bid - MJC,SE,9,SEK,2026,7618,0.3938%,1.28633,30,38.59,241.24,1
"=""amzn1.ads-account.g.95u2ty2xhpic90diqqwzt6a2s""",Portwest USA,,"=""309711536950673""",Auto Low Bid - Vendor Push April 2024 - MJC,US,1,USD,2025,70907,0.6219%,0.25830,441,113.91,1071.75,24
"=""amzn1.ads-account.g.8os9jbxe8uolgs0z0ka9qua0q""",Portwest ES,,"=""422930302495331""",SP - Project Candy - Bridging Promo - 22 Sep 2025 - Auto Low Bid - MJC,ES,11,EUR,2025,1872292,0.1755%,0.15879,3286,521.77,2391.03,120
"=""amzn1.ads-account.g.5dfl8rvx53v3cuqmb1snnubcf""",Portwest NL,,"=""469105961672637""",SP - Project Candy Auto Low Bid - Bridging Promo - 22 Sep - MJC,NL,7,EUR,2026,384,0.2604%,0.02000,1,0.02,0.00,0
"=""amzn1.ads-account.g.95u2ty2xhpic90diqqwzt6a2s""",Portwest USA,,"=""365236114070531""",SP - PBDD - Project Candy Low Bid - with Multi - MJC,US,10,USD,2025,196141,0.7591%,0.09543,1489,142.10,1197.42,32
"=""amzn1.ads-account.g.95u2ty2xhpic90diqqwzt6a2s""",Portwest USA,,"=""409985325957400""",PAT Profit Style group 3 - Low bid Sep 204 - JC,US,1,USD,2025,12816,0.5228%,0.26000,67,17.42,127.08,5
"=""amzn1.ads-account.g.6wubx539i9z2ina5h90v21w6e""",WWD - Workwear Depot,,"=""353455736089883""",SP - Project Candy Low Bid - Winning Terms - Profit - EXT - MJC,US,10,USD,2025,25729,0.3848%,0.23949,99,23.71,0.00,0
"=""amzn1.ads-account.g.8os9jbxe8uolgs0z0ka9qua0q""",Portwest ES,,"=""475621571262674""",Growers - Auto Low Bid - MJC,ES,1,EUR,2025,682886,0.3642%,0.16205,2487,403.02,3433.47,151
"=""amzn1.ads-account.g.5dfl8rvx53v3cuqmb1snnubcf""",Portwest NL,,"=""492525007470072""",Auto All - EURO Expansion 4 - Campaign A - MJC,NL,3,EUR,2025,180651,0.2729%,0.05053,493,24.91,1060.65,72
"=""amzn1.ads-account.g.95u2ty2xhpic90diqqwzt6a2s""",Portwest USA,,"=""449935138966310""",Project Candy V3 - Top 100 (May 2025) - Auto Low Bid with Multi - MJC,US,11,USD,2025,725020,0.3781%,0.33070,2741,906.46,2415.10,76
"=""amzn1.ads-account.g.betoci5lb82z6jole1u6tt780""",Portwest FR,,"=""449898276473828""",SP - PBDD - Project Candy Low Bid - MJC,FR,12,EUR,2025,2230950,0.3387%,0.14848,7556,1121.89,18369.27,979
"=""amzn1.ads-account.g.9mvvwnjt2tsmdz08926vlb17a""",Portwest DE,,"=""456161439841495""",Store Spotlight (DE) SB - Homepage - SD,DE,7,EUR,2026,265986,0.0733%,0.16703,195,32.57,242.77,5
"=""amzn1.ads-account.g.1pajz8jo9dcmlcw2654w4ynhd""",Portwest Australia,,"=""463416327324191""",Growers - Auto Low Bid - MJC,AU,4,AUD,2026,6479,0.2624%,0.34588,17,5.88,118.35,8
"=""amzn1.ads-account.g.95u2ty2xhpic90diqqwzt6a2s""",Portwest USA,,"=""404384002405554""",Style Specific - UH447 - Keyword Research Low Bid (0.25) - BRD PHR - Dayparting 25 Increase Weekdays - MJC,US,3,USD,2025,44060,0.2020%,0.36180,89,32.20,562.33,9
"=""amzn1.ads-account.g.7qon60b3itwr4fzatg0h6r5fv""",Portwest IT,,"=""394086876968340""",PAT Profit Style - Low bid EXT and EXP Oct 2024 - JC,IT,2,EUR,2025,196183,0.8293%,0.17452,1627,283.94,3427.85,111
"=""amzn1.ads-account.g.6wubx539i9z2ina5h90v21w6e""",WWD - Workwear Depot,,"=""92810336598365""",E - Auto Low Bid - May 2023 - MJC,US,6,USD,2026,1,0.0000%,,0,0.00,0.00,0
"=""amzn1.ads-account.g.9mvvwnjt2tsmdz08926vlb17a""",Portwest DE,,"=""191386157012832""",Growers - Auto Low Bid - MJC,DE,4,EUR,2025,555665,0.3344%,0.19116,1858,355.18,7146.76,289
"=""amzn1.ads-account.g.5dfl8rvx53v3cuqmb1snnubcf""",Portwest NL,,"=""481032442344858""",Auto Low Bid - Q1 2024 - Feb Deals - MJC,NL,7,EUR,2026,17412,0.2929%,0.09882,51,5.04,72.72,5
"=""amzn1.ads-account.g.9mvvwnjt2tsmdz08926vlb17a""",Portwest DE,,"=""339739082571714""",Auto Low Bid - Q1 2024 - Feb Deals - MJC,DE,2,EUR,2026,333999,0.2506%,0.15898,837,133.07,2760.34,119
"=""amzn1.ads-account.g.95u2ty2xhpic90diqqwzt6a2s""",Portwest USA,,"=""319162604580847""",(Dayparting Test) PAT Profit EXT and EXP - Low bid Oct 2024 - JC,US,7,USD,2026,32189,1.0252%,0.32542,330,107.39,1052.09,50
"=""amzn1.ads-account.g.8os9jbxe8uolgs0z0ka9qua0q""",Portwest ES,,"=""311119177054404""",SP - PBDD - Project Candy Low Bid - MJC,ES,12,EUR,2025,1589754,0.3681%,0.14065,5852,823.11,11180.01,829
"=""amzn1.ads-account.g.95u2ty2xhpic90diqqwzt6a2s""",Portwest USA,,"=""487432728655131""",Project Candy - Push Styles Q4 2024 - Auto Low Bid - MJC,US,3,USD,2025,1113385,0.1760%,0.23140,1960,453.54,4857.10,261
"=""amzn1.ads-account.g.bak81x0kttgh0i1ah3ezzzu2m""",Portwest PL,,"=""411231244404388""",Project Candy - Target Styles Q4 2024 - Auto Low Bid - MJC,PL,6,PLN,2025,14774,0.2369%,0.53771,35,18.82,14.37,1
"=""amzn1.ads-account.g.betoci5lb82z6jole1u6tt780""",Portwest FR,,"=""370127154989503""",Auto Low Bid - Q4 2023 - MJC,FR,9,EUR,2026,30987,0.5034%,0.16288,156,25.41,379.37,14
"=""amzn1.ads-account.g.9mvvwnjt2tsmdz08926vlb17a""",Portwest DE,,"=""555695194898382""",SP - PBDD - Project Candy Low Bid - MJC,DE,9,EUR,2026,281402,0.4062%,0.17213,1143,196.75,5062.40,306
"=""amzn1.ads-account.g.1pajz8jo9dcmlcw2654w4ynhd""",Portwest Australia,,"=""141467539567225""",Display Ads Converting S156,AU,1,AUD,2025,2,0.0000%,,0,0.00,0.00,0
"=""amzn1.ads-account.g.betoci5lb82z6jole1u6tt780""",Portwest FR,,"=""157283469880101""",SP - Amazon Business Project Candy - Missing Styles June 2026 - Low Bid - MJC (A),FR,9,EUR,2026,28655,0.1745%,0.28200,50,14.10,0.00,0
"=""amzn1.ads-account.g.1pajz8jo9dcmlcw2654w4ynhd""",Portwest Australia,,"=""355925356602496""","Core Keywords, Close Match EXT - Suggested Bid - AH",AU,9,AUD,2025,8150,0.4172%,0.27765,34,9.44,87.43,4
"=""amzn1.ads-account.g.7qon60b3itwr4fzatg0h6r5fv""",Portwest IT,,"=""421546352398518""",SP - PRIME DAY - Project Candy Low Bid with Multi,IT,10,EUR,2025,17796529,0.2591%,0.20430,46103,9418.96,46176.44,1557
"=""amzn1.ads-account.g.5dfl8rvx53v3cuqmb1snnubcf""",Portwest NL,,"=""485435109277305""",Home and Garden 2025 - Project Candy - Auto Low Bid - MJC,NL,5,EUR,2026,17506,0.4056%,0.09408,71,6.68,53.64,2
"=""amzn1.ads-account.g.bak81x0kttgh0i1ah3ezzzu2m""",Portwest PL,,"=""470065526594997""",SP - Project Candy - Bridging Promo - 5 Sep 2025 - Auto Low Bid - MJC,PL,10,PLN,2025,9875,0.5367%,0.50717,53,26.88,189.09,5
"=""amzn1.ads-account.g.9mvvwnjt2tsmdz08926vlb17a""",Portwest DE,,"=""524187804468115""",Store Spotlight SB DE (2) - SD,DE,11,EUR,2025,996265,0.0405%,0.16591,403,66.86,239.86,12
"=""amzn1.ads-account.g.6wubx539i9z2ina5h90v21w6e""",WWD - Workwear Depot,,"=""474399785060613""",SP - Project Candy Low Bid - New Styles - Phase One - MJC,US,12,USD,2025,1483,0.3372%,0.23400,5,1.17,0.00,0
"=""amzn1.ads-account.g.6wubx539i9z2ina5h90v21w6e""",WWD - Workwear Depot,,"=""344804552113751""",SP - Black Friday - MC,US,2,USD,2026,14329,2.2193%,0.30305,318,96.37,740.94,11
"=""amzn1.ads-account.g.1pajz8jo9dcmlcw2654w4ynhd""",Portwest Australia,,"=""228877476300003""",Auto Low Bid - April 2023 - All Styles - MJC,AU,8,AUD,2026,132328,0.3582%,0.30947,474,146.69,2090.08,78
"=""amzn1.ads-account.g.7qon60b3itwr4fzatg0h6r5fv""",Portwest IT,,"=""491583009841605""",SP - Bridging Promo until 4th Aug - Project Candy Low Bid - MJC,IT,8,EUR,2026,67541,0.4442%,0.15577,300,46.73,652.82,27
"=""amzn1.ads-account.g.8os9jbxe8uolgs0z0ka9qua0q""",Portwest ES,,"=""204794077297538""",Base - Top 10 Sellers - Auto Low Bid - MJC,ES,4,EUR,2025,37875,0.4884%,0.17265,185,31.94,452.08,7
"=""amzn1.ads-account.g.9zovk6zrqsgpaj8x2od1sbl53""",Portwest - BE BISS - (Pan-EU),,"=""501480875972186""",SP - Project Candy Auto Low Bid - Bridging Promo - 22 Sep - MJC,BE,1,EUR,2026,369,0.2710%,0.08000,1,0.08,0.00,0
"=""amzn1.ads-account.g.5dfl8rvx53v3cuqmb1snnubcf""",Portwest NL,,"=""492525007470072""",Auto All - EURO Expansion 4 - Campaign A - MJC,NL,1,EUR,2025,173683,0.3662%,0.05024,636,31.95,840.64,48
"=""amzn1.ads-account.g.mxheehzl72t4l5it1hfsk6xz""",Portwest SE,,"=""329244351830333""",Droppers (From UK) - Auto Low Bid - MJC,SE,6,SEK,2026,12505,0.3279%,1.01415,41,41.58,302.09,1
"=""amzn1.ads-account.g.9mvvwnjt2tsmdz08926vlb17a""",Portwest DE,,"=""358197710343541""",Project Candy - Converting EXT - 20240711,DE,5,EUR,2025,123680,0.3873%,0.24349,479,116.63,1352.25,87
"=""amzn1.ads-account.g.9mvvwnjt2tsmdz08926vlb17a""",Portwest DE,,"=""339739082571714""",Auto Low Bid - Q1 2024 - Feb Deals - MJC,DE,6,EUR,2025,441754,0.2422%,0.18163,1070,194.34,1895.27,77
"=""amzn1.ads-account.g.9mvvwnjt2tsmdz08926vlb17a""",Portwest DE,,"=""288384587728489""",Bridging Promo 17 May - Project Candy Low Bid - MJC,DE,8,EUR,2026,73545,0.7546%,0.14411,555,79.98,1221.33,29
"=""amzn1.ads-account.g.95u2ty2xhpic90diqqwzt6a2s""",Portwest USA,,"=""523654763196797""",Profit Expand Group 3 - Low Bid BRD & PHR - JC,US,10,USD,2025,110437,0.4618%,0.30722,510,156.68,888.07,16
"=""amzn1.ads-account.g.1pajz8jo9dcmlcw2654w4ynhd""",Portwest Australia,,"=""68131641215038""",Display Ads Converting S440,AU,6,AUD,2025,0,,,0,0.00,0.00,0
"=""amzn1.ads-account.g.bak81x0kttgh0i1ah3ezzzu2m""",Portwest PL,,"=""411231244404388""",Project Candy - Target Styles Q4 2024 - Auto Low Bid - MJC,PL,5,PLN,2025,11808,0.2033%,0.54750,24,13.14,0.00,0
"=""amzn1.ads-account.g.5dfl8rvx53v3cuqmb1snnubcf""",Portwest NL,,"=""485435109277305""",Home and Garden 2025 - Project Candy - Auto Low Bid - MJC,NL,6,EUR,2025,26087,0.3067%,0.07775,80,6.22,50.09,1
"=""amzn1.ads-account.g.5dfl8rvx53v3cuqmb1snnubcf""",Portwest NL,,"=""443819118758041""",Bridging Promo 24 May - Project Candy Low Bid - MJC,NL,11,EUR,2025,16701,0.5748%,0.10250,96,9.84,109.07,4
"=""amzn1.ads-account.g.bak81x0kttgh0i1ah3ezzzu2m""",Portwest PL,,"=""490065738750316""",Droppers (From UK) - Auto Low Bid - MJC,PL,2,PLN,2025,9992,0.2202%,0.12000,22,2.64,0.00,0
"=""amzn1.ads-account.g.bak81x0kttgh0i1ah3ezzzu2m""",Portwest PL,,"=""498483964951140""",Auto Low Bid - Q1 2024 - Feb Deals - MJC,PL,5,PLN,2025,974,0.4107%,0.10750,4,0.43,0.00,0
"=""amzn1.ads-account.g.8os9jbxe8uolgs0z0ka9qua0q""",Portwest ES,,"=""547962426196207""",Auto Low Bid - Q1 2024 - Feb Deals - MJC,ES,6,EUR,2026,228952,0.2891%,0.13690,662,90.63,894.19,28
"=""amzn1.ads-account.g.7qon60b3itwr4fzatg0h6r5fv""",Portwest IT,,"=""110783796402197""",Droppers - Auto Low Bid - MJC,IT,2,EUR,2026,74459,0.4083%,0.12622,304,38.37,426.28,13
"=""amzn1.ads-account.g.95u2ty2xhpic90diqqwzt6a2s""",Portwest USA,,"=""521897769563799""",PAT Profit Style group 2 - Low bid Sep 204 - JC,US,7,USD,2025,3293,1.4273%,0.27085,47,12.73,82.48,4
"=""amzn1.ads-account.g.7qon60b3itwr4fzatg0h6r5fv""",Portwest IT,,"=""520727786291595""",Bridging Promo 24 May - Project Candy Low Bid - MJC,IT,8,EUR,2025,135696,0.1990%,0.18348,270,49.54,224.21,5
"=""amzn1.ads-account.g.1pajz8jo9dcmlcw2654w4ynhd""",Portwest Australia,,"=""211972647042468""",Profit Expand BRD & PHR - Low Bid - MJC,AU,6,AUD,2026,73031,0.6230%,0.29226,455,132.98,999.72,32
"=""amzn1.ads-account.g.1pajz8jo9dcmlcw2654w4ynhd""",Portwest Australia,,"=""480370204072590""",PAT Profit Low Bid - Q2 2024 - MJC,AU,2,AUD,2026,4553,0.4612%,0.27476,21,5.77,29.50,2
"=""amzn1.ads-account.g.betoci5lb82z6jole1u6tt780""",Portwest FR,,"=""370127154989503""",Auto Low Bid - Q4 2023 - MJC,FR,11,EUR,2025,267690,0.2888%,0.17307,773,133.78,2334.00,126
"=""amzn1.ads-account.g.6wubx539i9z2ina5h90v21w6e""",WWD - Workwear Depot,,"=""317606326104162""",Auto Low Bid - Seller Push May 2024 - MJC,US,3,USD,2025,10581,0.1229%,0.25000,13,3.25,40.99,1
"=""amzn1.ads-account.g.7qon60b3itwr4fzatg0h6r5fv""",Portwest IT,,"=""556865623922826""",Auto Low Bid - Q4 2023 - MJC,IT,10,EUR,2025,174523,0.1616%,0.14064,282,39.66,96.35,3
"=""amzn1.ads-account.g.1pajz8jo9dcmlcw2654w4ynhd""",Portwest Australia,,"=""66419074293351""",Display Ads Converting S899,AU,5,AUD,2026,4,0.0000%,,0,0.00,0.00,0
"=""amzn1.ads-account.g.6wubx539i9z2ina5h90v21w6e""",WWD - Workwear Depot,,"=""349831502064744""",SP - Project Candy Low Bid - Seller Focus Styles - MJC,US,9,USD,2026,2603,0.8836%,0.22043,23,5.07,0.00,0
"=""amzn1.ads-account.g.1pajz8jo9dcmlcw2654w4ynhd""",Portwest Australia,,"=""44561946864050""",B2B SP Auto Low Bid - SD,AU,7,AUD,2026,6326,0.2687%,0.31765,17,5.40,666.38,19
"=""amzn1.ads-account.g.8os9jbxe8uolgs0z0ka9qua0q""",Portwest ES,,"=""480938456434366""",SP - UK Gap Products - Project Candy - Auto Low Bid - MJC,ES,6,EUR,2025,756550,0.2835%,0.13991,2145,300.10,3184.10,226
"=""amzn1.ads-account.g.8os9jbxe8uolgs0z0ka9qua0q""",Portwest ES,,"=""475621571262674""",Growers - Auto Low Bid - MJC,ES,3,EUR,2026,244830,0.3725%,0.08777,912,80.05,2213.62,102
"=""amzn1.ads-account.g.bak81x0kttgh0i1ah3ezzzu2m""",Portwest PL,,"=""538515140167827""",Bridging Promo 31 May - Project Candy Low Bid - MJC,PL,6,PLN,2025,14479,0.1934%,0.64964,28,18.19,0.00,0
"=""amzn1.ads-account.g.6wubx539i9z2ina5h90v21w6e""",WWD - Workwear Depot,,"=""344804552113751""",SP - Black Friday - MC,US,3,USD,2026,11021,1.9055%,0.28271,210,59.37,1266.92,16
"=""amzn1.ads-account.g.1pajz8jo9dcmlcw2654w4ynhd""",Portwest Australia,,"=""550994813216429""",SP - UK Gap Products - Project Candy - Auto Low Bid - MJC,AU,4,AUD,2025,142425,0.2247%,0.26731,320,85.54,243.83,7
"=""amzn1.ads-account.g.9mvvwnjt2tsmdz08926vlb17a""",Portwest DE,,"=""488971604344142""",Keyword Research Low Bid (New Selection) - BRD PHR - SD,DE,8,EUR,2026,94048,0.3892%,0.23178,366,84.83,1566.35,99
"=""amzn1.ads-account.g.9mvvwnjt2tsmdz08926vlb17a""",Portwest DE,,"=""151460587266063""",PAT Competitor - H440 (CY),DE,9,EUR,2026,2136,0.3745%,0.37500,8,3.00,0.00,0
"=""amzn1.ads-account.g.5dfl8rvx53v3cuqmb1snnubcf""",Portwest NL,,"=""475402648433849""",Bridging Promo 31 May - Project Candy Low Bid - MJC,NL,5,EUR,2025,193,0.0000%,,0,0.00,0.00,0
"=""amzn1.ads-account.g.1pajz8jo9dcmlcw2654w4ynhd""",Portwest Australia,,"=""533603650852527""",Keyword Research Low Bid - BRD PHR - SD,AU,3,AUD,2026,140036,0.2021%,0.48445,283,137.10,1357.56,40
"=""amzn1.ads-account.g.5dfl8rvx53v3cuqmb1snnubcf""",Portwest NL,,"=""492525007470072""",Auto All - EURO Expansion 4 - Campaign A - MJC,NL,11,EUR,2025,69776,0.6148%,0.05767,429,24.74,803.28,59
"=""amzn1.ads-account.g.bak81x0kttgh0i1ah3ezzzu2m""",Portwest PL,,"=""442163708910699""",Auto All - EURO Expansion 4 - Campaign A - MJC,PL,3,PLN,2026,424815,0.1893%,0.38359,804,308.41,1367.72,27
"=""amzn1.ads-account.g.6wubx539i9z2ina5h90v21w6e""",WWD - Workwear Depot,,"=""34836128487965""",B2B SP Auto Low Bid - SD,UK,4,GBP,2026,17524,0.2454%,0.24512,43,10.54,459.81,15
"=""amzn1.ads-account.g.95u2ty2xhpic90diqqwzt6a2s""",Portwest USA,,"=""283483470831455""",PAT Profit US440 - Low Bid Sep 2024 - JC,US,2,USD,2025,14588,1.0420%,0.23112,152,35.13,674.50,41
"=""amzn1.ads-account.g.9mvvwnjt2tsmdz08926vlb17a""",Portwest DE,,"=""339739082571714""",Auto Low Bid - Q1 2024 - Feb Deals - MJC,DE,6,EUR,2026,89158,0.3275%,0.15582,292,45.50,413.81,18
"=""amzn1.ads-account.g.6wubx539i9z2ina5h90v21w6e""",WWD - Workwear Depot,,"=""499053194388859""",SP - Project Candy Low Bid - PAT Profit - EXT - MJC,US,7,USD,2026,2,0.0000%,,0,0.00,0.00,0
"=""amzn1.ads-account.g.5dfl8rvx53v3cuqmb1snnubcf""",Portwest NL,,"=""485435109277305""",Home and Garden 2025 - Project Candy - Auto Low Bid - MJC,NL,9,EUR,2026,14621,0.3420%,0.09800,50,4.90,56.36,2
"=""amzn1.ads-account.g.1pajz8jo9dcmlcw2654w4ynhd""",Portwest Australia,,"=""538175312863476""",SP - PBDD - Project Candy Low Bid - with Multi - MJC,AU,7,AUD,2026,8959,0.9153%,0.09293,82,7.62,246.67,11
"=""amzn1.ads-account.g.1pajz8jo9dcmlcw2654w4ynhd""",Portwest Australia,,"=""44561946864050""",B2B SP Auto Low Bid - SD,AU,5,AUD,2026,591,0.3384%,0.34500,2,0.69,0.00,0
"=""amzn1.ads-account.g.9mvvwnjt2tsmdz08926vlb17a""",Portwest DE,,"=""505347070762714""",SP - Project Candy - Bridging Promo - 22 Sep 2025 - Auto Low Bid - MJC,DE,9,EUR,2025,912601,0.2506%,0.17336,2287,396.47,1782.60,66
"=""amzn1.ads-account.g.1pajz8jo9dcmlcw2654w4ynhd""",Portwest Australia,,"=""66419074293351""",Display Ads Converting S899,AU,2,AUD,2026,1,0.0000%,,0,0.00,0.00,0
"=""amzn1.ads-account.g.1pajz8jo9dcmlcw2654w4ynhd""",Portwest Australia,,"=""519485767745737""",Keyword Research Low Bid - BRD PHR - AH,AU,6,AUD,2025,147660,0.5987%,0.46443,884,410.56,2857.60,104
"=""amzn1.ads-account.g.bak81x0kttgh0i1ah3ezzzu2m""",Portwest PL,,"=""457018929654451""",Auto All - EURO Expansion 4 - Campaign B - MJC,PL,3,PLN,2025,147953,0.1480%,0.26845,219,58.79,752.60,14
"=""amzn1.ads-account.g.95u2ty2xhpic90diqqwzt6a2s""",Portwest USA,,"=""545163286909922""",SP - Bridging Promo until 4th Aug - Project Candy Low Bid - MJC,US,8,USD,2025,114161,0.3924%,0.17857,448,80.00,360.37,9
"=""amzn1.ads-account.g.1pajz8jo9dcmlcw2654w4ynhd""",Portwest Australia,,"=""296844823415113""",C734_Auto_Low_Bid_AH Copy 1,AU,11,AUD,2025,198,1.0101%,0.21500,2,0.43,0.00,0
"=""amzn1.ads-account.g.6wubx539i9z2ina5h90v21w6e""",WWD - Workwear Depot,,"=""157714611577244""",M - Auto Low Bid - May 2023 - MJC,US,1,USD,2025,134,0.0000%,,0,0.00,0.00,0
"=""amzn1.ads-account.g.95u2ty2xhpic90diqqwzt6a2s""",Portwest USA,,"=""283483470831455""",PAT Profit US440 - Low Bid Sep 2024 - JC,US,8,USD,2025,14007,0.8139%,0.23412,114,26.69,349.43,22
"=""amzn1.ads-account.g.mxheehzl72t4l5it1hfsk6xz""",Portwest SE,,"=""523189388917025""",SP - Project Candy Auto Low Bid - Bridging Promo - 22 Sep - MJC,SE,9,SEK,2026,6309,0.2536%,1.07063,16,17.13,0.00,0
"=""amzn1.ads-account.g.95u2ty2xhpic90diqqwzt6a2s""",Portwest USA,,"=""360269261984589""",Vendor Purchased - Not Advertised (Sep 2023) - Auto Low Bid - MJC,US,2,USD,2025,138199,0.4913%,0.17035,679,115.67,1436.83,29
"=""amzn1.ads-account.g.9mvvwnjt2tsmdz08926vlb17a""",Portwest DE,,"=""191386157012832""",Growers - Auto Low Bid - MJC,DE,2,EUR,2025,893723,0.3769%,0.15712,3368,529.17,12107.45,529
"=""amzn1.ads-account.g.9mvvwnjt2tsmdz08926vlb17a""",Portwest DE,,"=""420256858234177""",SP - Bridging Promo 5th August 2025,DE,10,EUR,2025,1576922,0.3383%,0.17294,5335,922.64,9120.97,653
"=""amzn1.ads-account.g.1pajz8jo9dcmlcw2654w4ynhd""",Portwest Australia,,"=""108617369848228""",Display Ads Converting FW90,AU,8,AUD,2026,21,4.7619%,0.06000,1,0.06,0.00,0
"=""amzn1.ads-account.g.9mvvwnjt2tsmdz08926vlb17a""",Portwest DE,,"=""561617050692541""",Auto Low Bid - Q4 2023 - MJC,DE,11,EUR,2025,109451,0.2832%,0.20923,310,64.86,742.21,38
"=""amzn1.ads-account.g.6wubx539i9z2ina5h90v21w6e""",WWD - Workwear Depot,,"=""505622175738793""",DX4 Product Launch Auto - Low Bid Oct 2024 - JC,US,2,USD,2025,1918,0.5214%,0.25000,10,2.50,0.00,0
"=""amzn1.ads-account.g.7qon60b3itwr4fzatg0h6r5fv""",Portwest IT,,"=""465724007904797""",Home and Garden 2025 - Project Candy - Auto Low Bid - MJC,IT,12,EUR,2025,1042927,0.2158%,0.12471,2251,280.73,3234.09,78
"=""amzn1.ads-account.g.1pajz8jo9dcmlcw2654w4ynhd""",Portwest Australia,,"=""371634636717287""",Manual Profit Expand BRD PHR Low Bid - Q2 2024 - MJC,AU,6,AUD,2025,26462,0.6009%,0.24151,159,38.40,309.37,23
"=""amzn1.ads-account.g.betoci5lb82z6jole1u6tt780""",Portwest FR,,"=""330209804597144""",SP - Bridging Promo until 4th Aug - Project Candy Low Bid - MJC,FR,11,EUR,2025,266466,0.3948%,0.15656,1052,164.70,2372.83,178
"=""amzn1.ads-account.g.1pajz8jo9dcmlcw2654w4ynhd""",Portwest Australia,,"=""68131641215038""",Display Ads Converting S440,AU,7,AUD,2026,24,0.0000%,,0,0.00,0.00,0
"=""amzn1.ads-account.g.8os9jbxe8uolgs0z0ka9qua0q""",Portwest ES,,"=""480938456434366""",SP - UK Gap Products - Project Candy - Auto Low Bid - MJC,ES,6,EUR,2026,289939,0.3566%,0.13263,1034,137.14,2161.38,95
"=""amzn1.ads-account.g.9mvvwnjt2tsmdz08926vlb17a""",Portwest DE,,"=""184430825120105""",PAT Competitor - C733 (CY),DE,8,EUR,2025,65850,0.8884%,0.37568,585,219.77,2785.84,166
"=""amzn1.ads-account.g.7qon60b3itwr4fzatg0h6r5fv""",Portwest IT,,"=""432140609662787""",SP - UK Gap Products - Project Candy - Auto Low Bid - MJC,IT,7,EUR,2026,52961,0.5230%,0.12329,277,34.15,1054.42,29
"=""amzn1.ads-account.g.95u2ty2xhpic90diqqwzt6a2s""",Portwest USA,,"=""552636415923349""",Auto Low Bid - Vendor Push March 2024 - MJC,US,6,USD,2026,18088,1.0946%,0.30030,198,59.46,266.17,13
"=""amzn1.ads-account.g.7qon60b3itwr4fzatg0h6r5fv""",Portwest IT,,"=""320546710532715""",Bridging Promo 31 May - Project Candy Low Bid - MJC,IT,10,EUR,2025,549797,0.3901%,0.18390,2145,394.46,2738.13,114
"=""amzn1.ads-account.g.1pajz8jo9dcmlcw2654w4ynhd""",Portwest Australia,,"=""274645847327056""",Display Ads Converting  FW95,AU,2,AUD,2025,1,0.0000%,,0,0.00,0.00,0
"=""amzn1.ads-account.g.5dfl8rvx53v3cuqmb1snnubcf""",Portwest NL,,"=""485435109277305""",Home and Garden 2025 - Project Candy - Auto Low Bid - MJC,NL,8,EUR,2025,19796,0.3890%,0.09922,77,7.64,23.80,1
"=""amzn1.ads-account.g.bak81x0kttgh0i1ah3ezzzu2m""",Portwest PL,,"=""411231244404388""",Project Candy - Target Styles Q4 2024 - Auto Low Bid - MJC,PL,1,PLN,2025,12243,0.2777%,0.54294,34,18.46,0.00,0
"=""amzn1.ads-account.g.7qon60b3itwr4fzatg0h6r5fv""",Portwest IT,,"=""325147263942313""",Keyword Research Low Bid Group 2 - BRD PHR Oct 2024 - JC,IT,9,EUR,2026,67279,0.5708%,0.19349,384,74.30,528.01,48
"=""amzn1.ads-account.g.8os9jbxe8uolgs0z0ka9qua0q""",Portwest ES,,"=""195522116641065""",Droppers - Auto Low Bid - MJC,ES,8,EUR,2025,57357,0.4115%,0.16339,236,38.56,231.24,22
"=""amzn1.ads-account.g.bak81x0kttgh0i1ah3ezzzu2m""",Portwest PL,,"=""442594519627299""",Bridging Promo 24 May - Project Candy Low Bid - MJC,PL,6,PLN,2025,10191,0.1374%,0.44643,14,6.25,0.00,0
"=""amzn1.ads-account.g.1pajz8jo9dcmlcw2654w4ynhd""",Portwest Australia,,"=""151330554312288""",Display Ads Converting K8112,AU,11,AUD,2025,3,0.0000%,,0,0.00,0.00,0
"=""amzn1.ads-account.g.95u2ty2xhpic90diqqwzt6a2s""",Portwest USA,,"=""537725771300092""",Profit Focus Top Styles group 2 - Exact - Oct 2024 - JC,US,6,USD,2025,2643,0.7946%,0.87095,21,18.29,11.19,1
"=""amzn1.ads-account.g.1pajz8jo9dcmlcw2654w4ynhd""",Portwest Australia,,"=""519274833218421""",Facemasks - Keyword Res - All Match Types - MJC,AU,12,AUD,2025,4028,0.7448%,0.80467,30,24.14,141.83,9
"=""amzn1.ads-account.g.8os9jbxe8uolgs0z0ka9qua0q""",Portwest ES,,"=""536026367346324""",Project Candy - Converting EXT - 20240711,ES,1,EUR,2025,11152,0.4484%,0.14320,50,7.16,114.45,9
"=""amzn1.ads-account.g.betoci5lb82z6jole1u6tt780""",Portwest FR,,"=""424060741780397""",Auto Low Bid - Q1 2024 - Feb Deals - MJC,FR,6,EUR,2025,215844,0.2761%,0.14795,596,88.18,961.63,43
"=""amzn1.ads-account.g.95u2ty2xhpic90diqqwzt6a2s""",Portwest USA,,"=""538337297480785""",Auto Low Bid - Vendor Push December 2023 - MJC,US,2,USD,2025,330096,0.9531%,0.16984,3146,534.31,2982.67,67
"=""amzn1.ads-account.g.95u2ty2xhpic90diqqwzt6a2s""",Portwest USA,,"=""303569566619173""",High ROAS Top Styles - Medium bid Oct 2024 - JC,US,3,USD,2025,2898,0.4486%,0.75000,13,9.75,111.81,4
"=""amzn1.ads-account.g.5dfl8rvx53v3cuqmb1snnubcf""",Portwest NL,,"=""481032442344858""",Auto Low Bid - Q1 2024 - Feb Deals - MJC,NL,9,EUR,2026,10121,0.3656%,0.11054,37,4.09,49.35,3
"=""amzn1.ads-account.g.9mvvwnjt2tsmdz08926vlb17a""",Portwest DE,,"=""324958907979592""",Project Candy - Focus Styles from SD - Auto Low Bid - Q4 2024 - MJC,DE,3,EUR,2026,86689,0.6068%,0.22129,526,116.40,1620.00,98
"=""amzn1.ads-account.g.8os9jbxe8uolgs0z0ka9qua0q""",Portwest ES,,"=""466433429362650""",Keyword Research Low Bid (Top Sellers) - BRD PHR - SD,ES,6,EUR,2025,664890,0.1343%,0.18137,893,161.96,1287.61,81
"=""amzn1.ads-account.g.6wubx539i9z2ina5h90v21w6e""",WWD - Workwear Depot,,"=""79612097815056""",SP - Project Sunshine Auto Low Bid - MC,US,7,USD,2026,26692,1.0677%,0.26965,285,76.85,522.92,9
"=""amzn1.ads-account.g.6wubx539i9z2ina5h90v21w6e""",WWD - Workwear Depot,,"=""26886441161653""",C - Auto Low Bid - May 2023 - MJC,US,3,USD,2025,644,0.3106%,0.22000,2,0.44,0.00,0
"=""amzn1.ads-account.g.95u2ty2xhpic90diqqwzt6a2s""",Portwest USA,,"=""523654763196797""",Profit Expand Group 3 - Low Bid BRD & PHR - JC,US,8,USD,2025,52994,0.4038%,0.29257,214,62.61,450.24,10
"=""amzn1.ads-account.g.bak81x0kttgh0i1ah3ezzzu2m""",Portwest PL,,"=""538515140167827""",Bridging Promo 31 May - Project Candy Low Bid - MJC,PL,7,PLN,2025,7635,0.3405%,0.68192,26,17.73,48.62,1
"=""amzn1.ads-account.g.9mvvwnjt2tsmdz08926vlb17a""",Portwest DE,,"=""55994507565416""",Auto Campaign - C733 (CY),DE,8,EUR,2025,56020,0.2392%,0.73858,134,98.97,296.68,18
"=""amzn1.ads-account.g.9zovk6zrqsgpaj8x2od1sbl53""",Portwest - BE BISS - (Pan-EU),,"=""457392713613897""",Droppers (From UK) - Auto Low Bid - MJC,BE,3,EUR,2026,7383,1.3816%,0.09961,102,10.16,346.04,18
"=""amzn1.ads-account.g.95u2ty2xhpic90diqqwzt6a2s""",Portwest USA,,"=""303569566619173""",High ROAS Top Styles - Medium bid Oct 2024 - JC,US,8,USD,2025,1822,0.9879%,0.64944,18,11.69,116.07,3
"=""amzn1.ads-account.g.8os9jbxe8uolgs0z0ka9qua0q""",Portwest ES,,"=""204794077297538""",Base - Top 10 Sellers - Auto Low Bid - MJC,ES,1,EUR,2026,18337,0.4635%,0.16729,85,14.22,249.32,3
"=""amzn1.ads-account.g.9mvvwnjt2tsmdz08926vlb17a""",Portwest DE,,"=""488971604344142""",Keyword Research Low Bid (New Selection) - BRD PHR - SD,DE,12,EUR,2025,450770,0.3010%,0.24042,1357,326.25,3827.62,210
"=""amzn1.ads-account.g.1pajz8jo9dcmlcw2654w4ynhd""",Portwest Australia,,"=""313517393614726""",Push Q1 2024 - Auto Low Bid - MJC,AU,6,AUD,2025,104683,0.3945%,0.32729,413,135.17,1186.89,80
"=""amzn1.ads-account.g.8os9jbxe8uolgs0z0ka9qua0q""",Portwest ES,,"=""12598931650806""",SP - Amazon Business Project Candy - Missing Styles June 2026 - Low Bid - MJC (B),ES,8,EUR,2026,766502,0.1536%,0.27724,1177,326.31,3070.11,181
"=""amzn1.ads-account.g.9mvvwnjt2tsmdz08926vlb17a""",Portwest DE,,"=""234439264649803""",PAT Competitor - S999 (CY),DE,7,EUR,2025,2658,0.8277%,0.37818,22,8.32,22.99,1
"=""amzn1.ads-account.g.9mvvwnjt2tsmdz08926vlb17a""",Portwest DE,,"=""151460587266063""",PAT Competitor - H440 (CY),DE,3,EUR,2026,148,0.6757%,0.50000,1,0.50,0.00,0
"=""amzn1.ads-account.g.95u2ty2xhpic90diqqwzt6a2s""",Portwest USA,,"=""538337297480785""",Auto Low Bid - Vendor Push December 2023 - MJC,US,6,USD,2025,161607,0.3626%,0.26311,586,154.18,1786.39,53
"=""amzn1.ads-account.g.7qon60b3itwr4fzatg0h6r5fv""",Portwest IT,,"=""110783796402197""",Droppers - Auto Low Bid - MJC,IT,3,EUR,2025,230774,0.5616%,0.14567,1296,188.79,3391.39,115
"=""amzn1.ads-account.g.95u2ty2xhpic90diqqwzt6a2s""",Portwest USA,,"=""520372994666385""",SP - VIP Keywords (July 2025) - EXT - Our Bid - MJC,US,6,USD,2026,133326,0.3075%,0.96929,410,397.41,1648.42,49
"=""amzn1.ads-account.g.9mvvwnjt2tsmdz08926vlb17a""",Portwest DE,,"=""465312229304951""",SP - Project Candy Auto Low Bid - Bridging Promo - 22 Sep - MJC,DE,9,EUR,2025,117079,0.2528%,0.11432,296,33.84,248.62,27
"=""amzn1.ads-account.g.8os9jbxe8uolgs0z0ka9qua0q""",Portwest ES,,"=""466433429362650""",Keyword Research Low Bid (Top Sellers) - BRD PHR - SD,ES,1,EUR,2025,2293248,0.0973%,0.18066,2231,403.06,3249.04,174
"=""amzn1.ads-account.g.1pajz8jo9dcmlcw2654w4ynhd""",Portwest Australia,,"=""483038863547527""",New Respirator Masks - Auto - MJC,AU,2,AUD,2026,36925,0.4929%,0.31901,182,58.06,673.38,50
"=""amzn1.ads-account.g.1pajz8jo9dcmlcw2654w4ynhd""",Portwest Australia,,"=""355925356602496""","Core Keywords, Close Match EXT - Suggested Bid - AH",AU,3,AUD,2025,15533,0.5472%,0.32612,85,27.72,607.29,24
"=""amzn1.ads-account.g.1pajz8jo9dcmlcw2654w4ynhd""",Portwest Australia,,"=""108617369848228""",Display Ads Converting FW90,AU,7,AUD,2026,37,0.0000%,,0,0.00,0.00,0
"=""amzn1.ads-account.g.95u2ty2xhpic90diqqwzt6a2s""",Portwest USA,,"=""462325957755715""",B2B Only 500% Multi Test - Project Candy Low Bid - MJC,US,11,USD,2025,53613,0.4103%,0.46395,220,102.07,678.36,20
"=""amzn1.ads-account.g.95u2ty2xhpic90diqqwzt6a2s""",Portwest USA,,"=""371243070537578""","Style Specific - UH447 - Core Keywords, Close Match EXT - Suggested Bid - MJC",US,9,USD,2025,157,0.6369%,1.06000,1,1.06,0.00,0
"=""amzn1.ads-account.g.7qon60b3itwr4fzatg0h6r5fv""",Portwest IT,,"=""110783796402197""",Droppers - Auto Low Bid - MJC,IT,2,EUR,2025,239279,0.5278%,0.15460,1263,195.26,1690.59,49
"=""amzn1.ads-account.g.1pajz8jo9dcmlcw2654w4ynhd""",Portwest Australia,,"=""529658289585474""",May Promo - Project Candy - Auto Low Bid - MJC,AU,7,AUD,2025,329620,0.3716%,0.23835,1225,291.98,2892.14,112
"=""amzn1.ads-account.g.1pajz8jo9dcmlcw2654w4ynhd""",Portwest Australia,,"=""56584912532417""",Converting from Other Channels - MJC,AU,9,AUD,2025,1374,0.2183%,0.71667,3,2.15,0.00,0
"=""amzn1.ads-account.g.7qon60b3itwr4fzatg0h6r5fv""",Portwest IT,,"=""397507002813117""",Auto Low Bid - Q1 2024 - Feb Deals - MJC,IT,3,EUR,2025,1209444,0.2289%,0.14478,2769,400.89,2956.55,104
"=""amzn1.ads-account.g.9mvvwnjt2tsmdz08926vlb17a""",Portwest DE,,"=""484663444651191""",Keyword Research Low Bid - BRD PHR - SD,DE,3,EUR,2025,987787,0.1530%,0.19056,1511,287.93,4227.14,212
"=""amzn1.ads-account.g.5dfl8rvx53v3cuqmb1snnubcf""",Portwest NL,,"=""420604139575816""",SP - Project Candy - Bridging Promo - 22 Sep 2025 - Auto Low Bid - MJC,NL,10,EUR,2025,139363,0.5217%,0.11040,727,80.26,932.51,45
"=""amzn1.ads-account.g.6wubx539i9z2ina5h90v21w6e""",WWD - Workwear Depot,,"=""362238157932910""",SP - BASE - Launch - Project Candy Auto Med Bid - MJC,UK,12,GBP,2025,115917,0.4339%,0.29610,503,148.94,213.34,2
"=""amzn1.ads-account.g.9mvvwnjt2tsmdz08926vlb17a""",Portwest DE,,"=""365846807361792""",Home and Garden 2025 - Project Candy - Auto Low Bid - MJC,DE,7,EUR,2025,609966,0.3994%,0.14468,2436,352.43,3893.47,220
"=""amzn1.ads-account.g.betoci5lb82z6jole1u6tt780""",Portwest FR,,"=""293679770059445""",SP - UK Gap Products - Project Candy - Auto Low Bid - MJC,FR,5,EUR,2025,870294,0.4171%,0.13753,3630,499.23,6643.49,345
"=""amzn1.ads-account.g.95u2ty2xhpic90diqqwzt6a2s""",Portwest USA,,"=""523654763196797""",Profit Expand Group 3 - Low Bid BRD & PHR - JC,US,6,USD,2026,10514,0.3234%,0.32529,34,11.06,113.78,2
"=""amzn1.ads-account.g.9mvvwnjt2tsmdz08926vlb17a""",Portwest DE,,"=""358197710343541""",Project Candy - Converting EXT - 20240711,DE,5,EUR,2026,79662,0.3477%,0.23419,277,64.87,533.37,29
"=""amzn1.ads-account.g.95u2ty2xhpic90diqqwzt6a2s""",Portwest USA,,"=""363307255195676""",PAT Profit Style group 1 - Low bid Sep 2024 - JC,US,9,USD,2025,4487,0.3789%,0.26588,17,4.52,96.48,1
"=""amzn1.ads-account.g.7qon60b3itwr4fzatg0h6r5fv""",Portwest IT,,"=""370228643995043""",Project Candy - Converting EXT - 20240711,IT,6,EUR,2025,21733,0.2071%,0.14244,45,6.41,0.00,0
"=""amzn1.ads-account.g.mxheehzl72t4l5it1hfsk6xz""",Portwest SE,,"=""293264327574712""",Auto All - EURO Expansion 4 V2 - Campaign A - MJC,SE,2,SEK,2026,124944,0.3970%,0.91204,496,452.37,3926.12,31
"=""amzn1.ads-account.g.6wubx539i9z2ina5h90v21w6e""",WWD - Workwear Depot,,"=""389985294556058""",SP - Project Candy Low Bid - Active Seller List (From SD) - Sep 2025 - MJC,UK,4,GBP,2026,65901,0.5205%,0.14324,343,49.13,260.53,7
"=""amzn1.ads-account.g.6wubx539i9z2ina5h90v21w6e""",WWD - Workwear Depot,,"=""505622175738793""",DX4 Product Launch Auto - Low Bid Oct 2024 - JC,US,5,USD,2025,4304,0.2091%,0.25000,9,2.25,0.00,0
"=""amzn1.ads-account.g.95u2ty2xhpic90diqqwzt6a2s""",Portwest USA,,"=""521897769563799""",PAT Profit Style group 2 - Low bid Sep 204 - JC,US,3,USD,2025,7476,1.3644%,0.22902,102,23.36,473.68,30
"=""amzn1.ads-account.g.95u2ty2xhpic90diqqwzt6a2s""",Portwest USA,,"=""310313949746032""",Growers - Auto Low Bid - MJC,US,7,USD,2025,70149,0.3450%,0.22116,242,53.52,455.01,11
"=""amzn1.ads-account.g.1pajz8jo9dcmlcw2654w4ynhd""",Portwest Australia,,"=""476491807026648""",2852 - Top Seller - Auto Low Bid - MJC,AU,6,AUD,2026,1682,0.2973%,0.47400,5,2.37,0.00,0
"=""amzn1.ads-account.g.95u2ty2xhpic90diqqwzt6a2s""",Portwest USA,,"=""345133918085337""",Keyword Research Low Bid - BRD PHR - JC,US,6,USD,2026,52115,0.2015%,0.22943,105,24.09,224.81,5
"=""amzn1.ads-account.g.betoci5lb82z6jole1u6tt780""",Portwest FR,,"=""293679770059445""",SP - UK Gap Products - Project Candy - Auto Low Bid - MJC,FR,6,EUR,2026,224552,0.5299%,0.13482,1190,160.43,4154.33,209
"=""amzn1.ads-account.g.9mvvwnjt2tsmdz08926vlb17a""",Portwest DE,,"=""52065936047090""",Droppers - Profit - MJC`,DE,9,EUR,2025,3979,0.8294%,0.22394,33,7.39,120.98,9
"=""amzn1.ads-account.g.1pajz8jo9dcmlcw2654w4ynhd""",Portwest Australia,,"=""141467539567225""",Display Ads Converting S156,AU,2,AUD,2025,0,,,0,0.00,0.00,0
"=""amzn1.ads-account.g.bak81x0kttgh0i1ah3ezzzu2m""",Portwest PL,,"=""399671753980737""",Growers (From UK) - Auto Low Bid - MJC,PL,4,PLN,2026,11666,0.4200%,0.37367,49,18.31,149.33,2
"=""amzn1.ads-account.g.95u2ty2xhpic90diqqwzt6a2s""",Portwest USA,,"=""457626057170726""",PAT Profit Top Styles - Exact - Oct 2024 - JC,US,10,USD,2025,5546,1.6048%,0.34393,89,30.61,746.42,21
"=""amzn1.ads-account.g.7qon60b3itwr4fzatg0h6r5fv""",Portwest IT,,"=""370228643995043""",Project Candy - Converting EXT - 20240711,IT,4,EUR,2025,33047,0.1937%,0.15016,64,9.61,53.46,3
"=""amzn1.ads-account.g.5dfl8rvx53v3cuqmb1snnubcf""",Portwest NL,,"=""469105961672637""",SP - Project Candy Auto Low Bid - Bridging Promo - 22 Sep - MJC,NL,8,EUR,2026,956,0.3138%,0.06667,3,0.20,0.00,0
"=""amzn1.ads-account.g.betoci5lb82z6jole1u6tt780""",Portwest FR,,"=""148284969926993""",Droppers - Auto Low Bid - MJC,FR,1,EUR,2026,213987,0.6225%,0.15191,1332,202.35,3934.33,214
"=""amzn1.ads-account.g.95u2ty2xhpic90diqqwzt6a2s""",Portwest USA,,"=""462325957755715""",B2B Only 500% Multi Test - Project Candy Low Bid - MJC,US,6,USD,2025,149273,0.5996%,0.30206,895,270.34,4530.97,179
"=""amzn1.ads-account.g.betoci5lb82z6jole1u6tt780""",Portwest FR,,"=""370127154989503""",Auto Low Bid - Q4 2023 - MJC,FR,8,EUR,2025,217119,0.3132%,0.16572,680,112.69,1614.27,79
"=""amzn1.ads-account.g.5dfl8rvx53v3cuqmb1snnubcf""",Portwest NL,,"=""485435109277305""",Home and Garden 2025 - Project Candy - Auto Low Bid - MJC,NL,12,EUR,2025,17310,0.3120%,0.08019,54,4.33,50.48,2
"=""amzn1.ads-account.g.1pajz8jo9dcmlcw2654w4ynhd""",Portwest Australia,,"=""274645847327056""",Display Ads Converting  FW95,AU,6,AUD,2025,2,0.0000%,,0,0.00,0.00,0
"=""amzn1.ads-account.g.1pajz8jo9dcmlcw2654w4ynhd""",Portwest Australia,,"=""328813373672013""",Aoife Keyword Res - Manual EXT - MJC 24,AU,6,AUD,2025,24682,0.1459%,0.47333,36,17.04,0.00,0
"=""amzn1.ads-account.g.5dfl8rvx53v3cuqmb1snnubcf""",Portwest NL,,"=""360807979703590""",Auto Low Bid - Q4 2023 - MJC,NL,3,EUR,2025,33977,0.4415%,0.06273,150,9.41,151.73,7
"=""amzn1.ads-account.g.95u2ty2xhpic90diqqwzt6a2s""",Portwest USA,,"=""409405592960837""",Profit Expand Group 4 - Low Bid BRD & PHR - JC,US,1,USD,2025,448949,0.4914%,0.31658,2206,698.38,5164.86,319
"=""amzn1.ads-account.g.1pajz8jo9dcmlcw2654w4ynhd""",Portwest Australia,,"=""228877476300003""",Auto Low Bid - April 2023 - All Styles - MJC,AU,6,AUD,2026,254727,0.3408%,0.26956,868,233.98,2595.47,80
"=""amzn1.ads-account.g.1pajz8jo9dcmlcw2654w4ynhd""",Portwest Australia,,"=""313517393614726""",Push Q1 2024 - Auto Low Bid - MJC,AU,10,AUD,2025,278541,0.4240%,0.31064,1181,366.86,6234.14,253
"=""amzn1.ads-account.g.1pajz8jo9dcmlcw2654w4ynhd""",Portwest Australia,,"=""533603650852527""",Keyword Research Low Bid - BRD PHR - SD,AU,7,AUD,2026,197752,0.2624%,0.47836,519,248.27,3503.68,94
"=""amzn1.ads-account.g.betoci5lb82z6jole1u6tt780""",Portwest FR,,"=""456555263277852""",Keyword Research Low Bid (New Selection) - BRD PHR - SD,FR,6,EUR,2026,203297,0.2582%,0.17290,525,90.77,1202.08,91
"=""amzn1.ads-account.g.betoci5lb82z6jole1u6tt780""",Portwest FR,,"=""148284969926993""",Droppers - Auto Low Bid - MJC,FR,4,EUR,2025,487835,0.4791%,0.16091,2337,376.04,5928.64,329
"=""amzn1.ads-account.g.9mvvwnjt2tsmdz08926vlb17a""",Portwest DE,,"=""44819252859905""",Manual Targeting - S999 (CY),DE,3,EUR,2025,38858,0.4195%,0.39337,163,64.12,409.46,17
"=""amzn1.ads-account.g.9mvvwnjt2tsmdz08926vlb17a""",Portwest DE,,"=""234439264649803""",PAT Competitor - S999 (CY),DE,10,EUR,2025,24828,0.5437%,0.45459,135,61.37,205.33,9
"=""amzn1.ads-account.g.1pajz8jo9dcmlcw2654w4ynhd""",Portwest Australia,,"=""538175312863476""",SP - PBDD - Project Candy Low Bid - with Multi - MJC,AU,4,AUD,2026,59390,0.5439%,0.09697,323,31.32,988.89,48
"=""amzn1.ads-account.g.9mvvwnjt2tsmdz08926vlb17a""",Portwest DE,,"=""339739082571714""",Auto Low Bid - Q1 2024 - Feb Deals - MJC,DE,11,EUR,2025,299128,0.2330%,0.16617,697,115.82,551.56,17
"=""amzn1.ads-account.g.8os9jbxe8uolgs0z0ka9qua0q""",Portwest ES,,"=""414379648842481""",SP - B2B Auto Low Bid - MC,ES,1,EUR,2026,60166,0.4438%,0.25438,267,67.92,2898.06,183
"=""amzn1.ads-account.g.1pajz8jo9dcmlcw2654w4ynhd""",Portwest Australia,,"=""82479822838699""",Auto Low Bid - Unhealthy Inventory V2 - MJC,AU,7,AUD,2025,89009,0.4528%,0.12593,403,50.75,744.82,21
"=""amzn1.ads-account.g.1pajz8jo9dcmlcw2654w4ynhd""",Portwest Australia,,"=""211972647042468""",Profit Expand BRD & PHR - Low Bid - MJC,AU,12,AUD,2025,34303,0.4693%,0.20174,161,32.48,374.33,10
"=""amzn1.ads-account.g.9zovk6zrqsgpaj8x2od1sbl53""",Portwest - BE BISS - (Pan-EU),,"=""385469476566499""",Bridging Promo 31 May - Project Candy Low Bid - MJC,BE,6,EUR,2025,1122,1.0695%,0.13167,12,1.58,28.09,1
"=""amzn1.ads-account.g.5dfl8rvx53v3cuqmb1snnubcf""",Portwest NL,,"=""332773737266901""",Droppers (From UK) - Auto Low Bid - MJC,NL,7,EUR,2026,6065,0.3957%,0.08250,24,1.98,111.95,2
"=""amzn1.ads-account.g.betoci5lb82z6jole1u6tt780""",Portwest FR,,"=""500653553293902""",Bridging Promo 17 May - Project Candy Low Bid - MJC,FR,12,EUR,2025,8529,0.2228%,0.19632,19,3.73,0.00,0
"=""amzn1.ads-account.g.1pajz8jo9dcmlcw2654w4ynhd""",Portwest Australia,,"=""480370204072590""",PAT Profit Low Bid - Q2 2024 - MJC,AU,8,AUD,2026,1734,0.5190%,0.24333,9,2.19,33.12,2
"=""amzn1.ads-account.g.betoci5lb82z6jole1u6tt780""",Portwest FR,,"=""201893153506278""",Droppers - Profit - MJC,FR,1,EUR,2025,24541,0.4279%,0.16343,105,17.16,266.38,15
"=""amzn1.ads-account.g.bak81x0kttgh0i1ah3ezzzu2m""",Portwest PL,,"=""498483964951140""",Auto Low Bid - Q1 2024 - Feb Deals - MJC,PL,9,PLN,2026,41,0.0000%,,0,0.00,0.00,0
"=""amzn1.ads-account.g.8os9jbxe8uolgs0z0ka9qua0q""",Portwest ES,,"=""449211671742243""",Keyword Research Low Bid - BRD PHR - SD,ES,3,EUR,2026,102076,0.3066%,0.17949,313,56.18,235.04,10
"=""amzn1.ads-account.g.7qon60b3itwr4fzatg0h6r5fv""",Portwest IT,,"=""320546710532715""",Bridging Promo 31 May - Project Candy Low Bid - MJC,IT,5,EUR,2026,130283,0.5181%,0.13459,675,90.85,1131.09,56
"=""amzn1.ads-account.g.5dfl8rvx53v3cuqmb1snnubcf""",Portwest NL,,"=""360807979703590""",Auto Low Bid - Q4 2023 - MJC,NL,8,EUR,2026,23302,0.2489%,0.10448,58,6.06,13.26,1
"=""amzn1.ads-account.g.1pajz8jo9dcmlcw2654w4ynhd""",Portwest Australia,,"=""68131641215038""",Display Ads Converting S440,AU,9,AUD,2026,2,0.0000%,,0,0.00,0.00,0
"=""amzn1.ads-account.g.betoci5lb82z6jole1u6tt780""",Portwest FR,,"=""449898276473828""",SP - PBDD - Project Candy Low Bid - MJC,FR,4,EUR,2026,550151,0.4261%,0.14624,2344,342.79,6452.09,319
"=""amzn1.ads-account.g.betoci5lb82z6jole1u6tt780""",Portwest FR,,"=""370127154989503""",Auto Low Bid - Q4 2023 - MJC,FR,4,EUR,2026,133473,0.2869%,0.14815,383,56.74,677.21,25
"=""amzn1.ads-account.g.9mvvwnjt2tsmdz08926vlb17a""",Portwest DE,,"=""488971604344142""",Keyword Research Low Bid (New Selection) - BRD PHR - SD,DE,2,EUR,2026,296998,0.4084%,0.23719,1213,287.71,2898.57,147
"=""amzn1.ads-account.g.1pajz8jo9dcmlcw2654w4ynhd""",Portwest Australia,,"=""313517393614726""",Push Q1 2024 - Auto Low Bid - MJC,AU,9,AUD,2025,122660,0.4606%,0.35655,565,201.45,1712.38,96
"=""amzn1.ads-account.g.95u2ty2xhpic90diqqwzt6a2s""",Portwest USA,,"=""363307255195676""",PAT Profit Style group 1 - Low bid Sep 2024 - JC,US,4,USD,2025,5730,0.5934%,0.25618,34,8.71,133.17,2
"=""amzn1.ads-account.g.9zovk6zrqsgpaj8x2od1sbl53""",Portwest - BE BISS - (Pan-EU),,"=""385469476566499""",Bridging Promo 31 May - Project Candy Low Bid - MJC,BE,12,EUR,2025,3441,0.7847%,0.14704,27,3.97,37.29,1
"=""amzn1.ads-account.g.1pajz8jo9dcmlcw2654w4ynhd""",Portwest Australia,,"=""188584067285470""",Display Ads Converting PW40,AU,8,AUD,2025,8,0.0000%,,0,0.00,0.00,0
"=""amzn1.ads-account.g.8os9jbxe8uolgs0z0ka9qua0q""",Portwest ES,,"=""466433429362650""",Keyword Research Low Bid (Top Sellers) - BRD PHR - SD,ES,1,EUR,2026,88641,0.5314%,0.15127,471,71.25,1284.52,110
"=""amzn1.ads-account.g.9mvvwnjt2tsmdz08926vlb17a""",Portwest DE,,"=""561617050692541""",Auto Low Bid - Q4 2023 - MJC,DE,7,EUR,2026,20730,0.4872%,0.17129,101,17.30,359.75,12
"=""amzn1.ads-account.g.betoci5lb82z6jole1u6tt780""",Portwest FR,,"=""148284969926993""",Droppers - Auto Low Bid - MJC,FR,1,EUR,2025,515092,0.5343%,0.15367,2752,422.90,6939.16,432
"=""amzn1.ads-account.g.9mvvwnjt2tsmdz08926vlb17a""",Portwest DE,,"=""561617050692541""",Auto Low Bid - Q4 2023 - MJC,DE,4,EUR,2025,469016,0.3220%,0.20700,1510,312.57,3982.39,155
"=""amzn1.ads-account.g.7qon60b3itwr4fzatg0h6r5fv""",Portwest IT,,"=""421546352398518""",SP - PRIME DAY - Project Candy Low Bid with Multi,IT,8,EUR,2025,6491566,0.2058%,0.21658,13361,2893.68,16703.74,710
"=""amzn1.ads-account.g.5dfl8rvx53v3cuqmb1snnubcf""",Portwest NL,,"=""392977465332326""",Growers (From UK) - Auto Low Bid - MJC,NL,3,EUR,2025,19637,0.3819%,0.04920,75,3.69,56.40,2
"=""amzn1.ads-account.g.7qon60b3itwr4fzatg0h6r5fv""",Portwest IT,,"=""397507002813117""",Auto Low Bid - Q1 2024 - Feb Deals - MJC,IT,10,EUR,2025,502675,0.2017%,0.13613,1014,138.04,296.20,19
"=""amzn1.ads-account.g.6wubx539i9z2ina5h90v21w6e""",WWD - Workwear Depot,,"=""474399785060613""",SP - Project Candy Low Bid - New Styles - Phase One - MJC,US,1,USD,2026,2327,0.2149%,0.19000,5,0.95,65.00,1
"=""amzn1.ads-account.g.6wubx539i9z2ina5h90v21w6e""",WWD - Workwear Depot,,"=""452633343590190""",SP - Elbow Pads - Auto Sugg Bid - MJC,UK,3,GBP,2025,8218,0.3772%,0.87032,31,26.98,7.49,1
"=""amzn1.ads-account.g.betoci5lb82z6jole1u6tt780""",Portwest FR,,"=""19826924345521""",Growers - Auto Low Bid - MJC,FR,9,EUR,2025,184751,0.5212%,0.16597,963,159.83,4014.09,298
"=""amzn1.ads-account.g.7qon60b3itwr4fzatg0h6r5fv""",Portwest IT,,"=""499173945259706""",Project Candy - Target Styles Q4 2024 - Auto Low Bid - MJC,IT,6,EUR,2026,228839,0.3959%,0.19639,906,177.93,2077.90,96
"=""amzn1.ads-account.g.mxheehzl72t4l5it1hfsk6xz""",Portwest SE,,"=""523189388917025""",SP - Project Candy Auto Low Bid - Bridging Promo - 22 Sep - MJC,SE,10,SEK,2025,141,0.0000%,,0,0.00,0.00,0
"=""amzn1.ads-account.g.bak81x0kttgh0i1ah3ezzzu2m""",Portwest PL,,"=""457018929654451""",Auto All - EURO Expansion 4 - Campaign B - MJC,PL,10,PLN,2025,210188,0.2555%,0.31520,537,169.26,2007.76,33
"=""amzn1.ads-account.g.bak81x0kttgh0i1ah3ezzzu2m""",Portwest PL,,"=""457018929654451""",Auto All - EURO Expansion 4 - Campaign B - MJC,PL,7,PLN,2025,107774,0.1735%,0.39455,187,73.78,429.29,7
"=""amzn1.ads-account.g.betoci5lb82z6jole1u6tt780""",Portwest FR,,"=""481907341387279""",Home and Garden 2025 - Project Candy - Auto Low Bid - MJC,FR,5,EUR,2026,937626,0.2971%,0.13277,2786,369.89,5438.34,212
"=""amzn1.ads-account.g.7qon60b3itwr4fzatg0h6r5fv""",Portwest IT,,"=""520727786291595""",Bridging Promo 24 May - Project Candy Low Bid - MJC,IT,5,EUR,2025,188362,0.2060%,0.18436,388,71.53,161.93,8
"=""amzn1.ads-account.g.1pajz8jo9dcmlcw2654w4ynhd""",Portwest Australia,,"=""396025250237617""",Manual Profit EXT Low Bid - Q2 2024 - MJC,AU,2,AUD,2026,9882,0.5161%,0.22608,51,11.53,190.84,9
"=""amzn1.ads-account.g.9zovk6zrqsgpaj8x2od1sbl53""",Portwest - BE BISS - (Pan-EU),,"=""289395542376704""",Bridging Promo 24 May - Project Candy Low Bid - MJC,BE,4,EUR,2026,1245,0.3213%,0.13750,4,0.55,0.00,0
"=""amzn1.ads-account.g.5dfl8rvx53v3cuqmb1snnubcf""",Portwest NL,,"=""392977465332326""",Growers (From UK) - Auto Low Bid - MJC,NL,4,EUR,2025,18431,0.3418%,0.04857,63,3.06,204.60,7
"=""amzn1.ads-account.g.9mvvwnjt2tsmdz08926vlb17a""",Portwest DE,,"=""44819252859905""",Manual Targeting - S999 (CY),DE,1,EUR,2025,64016,2.4197%,0.27753,1549,429.89,5891.95,228
"=""amzn1.ads-account.g.95u2ty2xhpic90diqqwzt6a2s""",Portwest USA,,"=""360269261984589""",Vendor Purchased - Not Advertised (Sep 2023) - Auto Low Bid - MJC,US,12,USD,2025,0,,,0,0.00,0.00,0
"=""amzn1.ads-account.g.1pajz8jo9dcmlcw2654w4ynhd""",Portwest Australia,,"=""257891712755572""",Profit MJC,AU,12,AUD,2025,4658,1.1593%,1.30852,54,70.66,401.20,13
"=""amzn1.ads-account.g.betoci5lb82z6jole1u6tt780""",Portwest FR,,"=""201893153506278""",Droppers - Profit - MJC,FR,11,EUR,2025,2151,0.3719%,0.16125,8,1.29,68.63,4
"=""amzn1.ads-account.g.9mvvwnjt2tsmdz08926vlb17a""",Portwest DE,,"=""447304808837659""",SP - PRIME DAY - Project Candy Low Bid with Multi,DE,12,EUR,2025,2140927,0.2980%,0.23348,6379,1489.35,19432.65,1072
"=""amzn1.ads-account.g.1pajz8jo9dcmlcw2654w4ynhd""",Portwest Australia,,"=""108617369848228""",Display Ads Converting FW90,AU,5,AUD,2026,28,0.0000%,,0,0.00,0.00,0
"=""amzn1.ads-account.g.mxheehzl72t4l5it1hfsk6xz""",Portwest SE,,"=""506264653748482""",SP - Project Candy - Bridging Promo - 22 Sep 2025 - Auto Low Bid - MJC,SE,4,SEK,2026,34248,0.3737%,1.48945,128,190.65,3701.31,15
"=""amzn1.ads-account.g.6wubx539i9z2ina5h90v21w6e""",WWD - Workwear Depot,,"=""556415255169728""",PW365 Auto Relaunch - Low Bid Nov 2024 - JC,US,1,USD,2025,3852,0.6231%,0.23875,24,5.73,115.99,1
"=""amzn1.ads-account.g.9mvvwnjt2tsmdz08926vlb17a""",Portwest DE,,"=""484663444651191""",Keyword Research Low Bid - BRD PHR - SD,DE,12,EUR,2025,1032620,0.1501%,0.23285,1550,360.92,4024.93,226
"=""amzn1.ads-account.g.1pajz8jo9dcmlcw2654w4ynhd""",Portwest Australia,,"=""188584067285470""",Display Ads Converting PW40,AU,4,AUD,2025,2,0.0000%,,0,0.00,0.00,0
"=""amzn1.ads-account.g.8os9jbxe8uolgs0z0ka9qua0q""",Portwest ES,,"=""468167772243698""",Home and Garden 2025 - Project Candy - Auto Low Bid - MJC,ES,2,EUR,2026,1933407,0.2105%,0.13659,4070,555.94,4564.05,228
"=""amzn1.ads-account.g.1pajz8jo9dcmlcw2654w4ynhd""",Portwest Australia,,"=""327823251042498""",Display Ads Converting SP AH,AU,6,AUD,2025,24217,0.1445%,0.59629,35,20.87,160.03,4
"=""amzn1.ads-account.g.8os9jbxe8uolgs0z0ka9qua0q""",Portwest ES,,"=""536026367346324""",Project Candy - Converting EXT - 20240711,ES,9,EUR,2025,6612,0.3932%,0.14231,26,3.70,76.31,8
"=""amzn1.ads-account.g.bak81x0kttgh0i1ah3ezzzu2m""",Portwest PL,,"=""490065738750316""",Droppers (From UK) - Auto Low Bid - MJC,PL,9,PLN,2026,2104,0.0475%,0.04000,1,0.04,0.00,0
"=""amzn1.ads-account.g.betoci5lb82z6jole1u6tt780""",Portwest FR,,"=""410848499689009""",Store Spotlight SB FR (2) - SD,FR,10,EUR,2025,961528,0.0914%,0.16811,879,147.77,1763.04,82
"=""amzn1.ads-account.g.7qon60b3itwr4fzatg0h6r5fv""",Portwest IT,,"=""110783796402197""",Droppers - Auto Low Bid - MJC,IT,9,EUR,2025,52814,0.5396%,0.18912,285,53.90,473.45,19
"=""amzn1.ads-account.g.7qon60b3itwr4fzatg0h6r5fv""",Portwest IT,,"=""556865623922826""",Auto Low Bid - Q4 2023 - MJC,IT,3,EUR,2025,469430,0.2537%,0.15253,1191,181.66,574.12,24
"=""amzn1.ads-account.g.betoci5lb82z6jole1u6tt780""",Portwest FR,,"=""424060741780397""",Auto Low Bid - Q1 2024 - Feb Deals - MJC,FR,5,EUR,2025,289551,0.2473%,0.14806,716,106.01,1201.60,45
"=""amzn1.ads-account.g.bak81x0kttgh0i1ah3ezzzu2m""",Portwest PL,,"=""457018929654451""",Auto All - EURO Expansion 4 - Campaign B - MJC,PL,1,PLN,2025,107756,0.1633%,0.31057,176,54.66,310.88,3
"=""amzn1.ads-account.g.1pajz8jo9dcmlcw2654w4ynhd""",Portwest Australia,,"=""185974181413231""",SP - Keyword Gaps vs UK - PHR EXT - Fixed Bid (0.6) - MJC,AU,5,AUD,2026,29348,0.9336%,0.61810,274,169.36,1652.78,63
"=""amzn1.ads-account.g.9mvvwnjt2tsmdz08926vlb17a""",Portwest DE,,"=""447304808837659""",SP - PRIME DAY - Project Candy Low Bid with Multi,DE,11,EUR,2025,11629617,0.2668%,0.23708,31033,7357.25,54793.80,2529
"=""amzn1.ads-account.g.95u2ty2xhpic90diqqwzt6a2s""",Portwest USA,,"=""309711536950673""",Auto Low Bid - Vendor Push April 2024 - MJC,US,9,USD,2025,38367,1.2172%,0.26486,467,123.69,1176.96,42
"=""amzn1.ads-account.g.bak81x0kttgh0i1ah3ezzzu2m""",Portwest PL,,"=""498483964951140""",Auto Low Bid - Q1 2024 - Feb Deals - MJC,PL,5,PLN,2026,2470,0.1215%,0.06333,3,0.19,0.00,0
"=""amzn1.ads-account.g.7qon60b3itwr4fzatg0h6r5fv""",Portwest IT,,"=""465724007904797""",Home and Garden 2025 - Project Candy - Auto Low Bid - MJC,IT,6,EUR,2025,2551128,0.2589%,0.13948,6605,921.26,6273.22,243
"=""amzn1.ads-account.g.8os9jbxe8uolgs0z0ka9qua0q""",Portwest ES,,"=""391149768868824""",Bridging Promo 17 May - Project Candy Low Bid - MJC,ES,6,EUR,2025,366804,0.2105%,0.18131,772,139.97,1278.52,31
"=""amzn1.ads-account.g.9mvvwnjt2tsmdz08926vlb17a""",Portwest DE,,"=""288384587728489""",Bridging Promo 17 May - Project Candy Low Bid - MJC,DE,5,EUR,2025,124847,0.2667%,0.14691,333,48.92,768.48,33
"=""amzn1.ads-account.g.betoci5lb82z6jole1u6tt780""",Portwest FR,,"=""148284969926993""",Droppers - Auto Low Bid - MJC,FR,2,EUR,2025,511435,0.5269%,0.16253,2695,438.01,6436.61,381
"=""amzn1.ads-account.g.9mvvwnjt2tsmdz08926vlb17a""",Portwest DE,,"=""488971604344142""",Keyword Research Low Bid (New Selection) - BRD PHR - SD,DE,6,EUR,2025,471576,0.2307%,0.24289,1088,264.26,3316.38,151
"=""amzn1.ads-account.g.95u2ty2xhpic90diqqwzt6a2s""",Portwest USA,,"=""361201165946376""",Home and Garden - Project Candy - Auto Low Bid - MJC,US,11,USD,2025,28172,0.4473%,0.23159,126,29.18,125.47,3
"=""amzn1.ads-account.g.1pajz8jo9dcmlcw2654w4ynhd""",Portwest Australia,,"=""396025250237617""",Manual Profit EXT Low Bid - Q2 2024 - MJC,AU,7,AUD,2026,18590,0.5003%,0.29140,93,27.10,518.45,20
"=""amzn1.ads-account.g.95u2ty2xhpic90diqqwzt6a2s""",Portwest USA,,"=""435667212887349""",Profit Expand Group 2 - Low Bid BRD & PHR - JC,US,2,USD,2025,116150,0.4468%,0.29426,519,152.72,1154.83,56
"=""amzn1.ads-account.g.1pajz8jo9dcmlcw2654w4ynhd""",Portwest Australia,,"=""476491807026648""",2852 - Top Seller - Auto Low Bid - MJC,AU,4,AUD,2025,912,0.3289%,0.57667,3,1.73,0.00,0
"=""amzn1.ads-account.g.betoci5lb82z6jole1u6tt780""",Portwest FR,,"=""408313467426953""",Store Spotlight SB FR (Homepage) - SD,FR,12,EUR,2025,144672,0.0850%,0.17016,123,20.93,90.30,4
"=""amzn1.ads-account.g.95u2ty2xhpic90diqqwzt6a2s""",Portwest USA,,"=""538640203987393""",Profit Focus US440 - Exact - Oct 2024 - JC,US,2,USD,2025,4740,1.0759%,0.84216,51,42.95,201.93,14
"=""amzn1.ads-account.g.1pajz8jo9dcmlcw2654w4ynhd""",Portwest Australia,,"=""127908567131055""",Auto All Low Bid MJC,AU,6,AUD,2025,183470,0.2682%,0.19341,492,95.16,565.38,40
"=""amzn1.ads-account.g.8os9jbxe8uolgs0z0ka9qua0q""",Portwest ES,,"=""480938456434366""",SP - UK Gap Products - Project Candy - Auto Low Bid - MJC,ES,8,EUR,2025,631436,0.2192%,0.13613,1384,188.41,1667.26,128
"=""amzn1.ads-account.g.95u2ty2xhpic90diqqwzt6a2s""",Portwest USA,,"=""347103425994483""",Display Ads Top Styles Converting Group 1 SD - Sep 2024 - JC,US,9,USD,2025,4781,0.1255%,0.86000,6,5.16,74.08,2
"=""amzn1.ads-account.g.9mvvwnjt2tsmdz08926vlb17a""",Portwest DE,,"=""191386157012832""",Growers - Auto Low Bid - MJC,DE,8,EUR,2025,243449,0.4182%,0.21972,1018,223.68,2805.51,200
"=""amzn1.ads-account.g.1pajz8jo9dcmlcw2654w4ynhd""",Portwest Australia,,"=""302643831867198""",Droppers - Auto Low Bid - MJC,AU,4,AUD,2026,25081,0.5702%,0.42902,143,61.35,569.21,21
"=""amzn1.ads-account.g.1pajz8jo9dcmlcw2654w4ynhd""",Portwest Australia,,"=""396025250237617""",Manual Profit EXT Low Bid - Q2 2024 - MJC,AU,2,AUD,2025,6895,0.3626%,0.25440,25,6.36,68.71,2
"=""amzn1.ads-account.g.9mvvwnjt2tsmdz08926vlb17a""",Portwest DE,,"=""52065936047090""",Droppers - Profit - MJC`,DE,6,EUR,2025,14611,0.4175%,0.22836,61,13.93,216.77,10
"=""amzn1.ads-account.g.7qon60b3itwr4fzatg0h6r5fv""",Portwest IT,,"=""370228643995043""",Project Candy - Converting EXT - 20240711,IT,3,EUR,2026,33377,0.2097%,0.13400,70,9.38,40.56,3
"=""amzn1.ads-account.g.7qon60b3itwr4fzatg0h6r5fv""",Portwest IT,,"=""499173945259706""",Project Candy - Target Styles Q4 2024 - Auto Low Bid - MJC,IT,12,EUR,2025,240018,0.3896%,0.19134,935,178.90,1649.64,93
"=""amzn1.ads-account.g.1pajz8jo9dcmlcw2654w4ynhd""",Portwest Australia,,"=""274645847327056""",Display Ads Converting  FW95,AU,3,AUD,2025,11,0.0000%,,0,0.00,0.00,0
"=""amzn1.ads-account.g.9zovk6zrqsgpaj8x2od1sbl53""",Portwest - BE BISS - (Pan-EU),,"=""377546417761236""",Auto All - EURO Expansion 4 - Campaign B - MJC,BE,1,EUR,2026,151023,0.9052%,0.10273,1367,140.43,3332.94,178
"=""amzn1.ads-account.g.betoci5lb82z6jole1u6tt780""",Portwest FR,,"=""424060741780397""",Auto Low Bid - Q1 2024 - Feb Deals - MJC,FR,3,EUR,2025,772922,0.2589%,0.14581,2001,291.76,2634.55,79
"=""amzn1.ads-account.g.6wubx539i9z2ina5h90v21w6e""",WWD - Workwear Depot,,"=""389985294556058""",SP - Project Candy Low Bid - Active Seller List (From SD) - Sep 2025 - MJC,UK,9,GBP,2025,149852,0.3850%,0.14471,577,83.50,205.46,8
"=""amzn1.ads-account.g.1pajz8jo9dcmlcw2654w4ynhd""",Portwest Australia,,"=""127908567131055""",Auto All Low Bid MJC,AU,10,AUD,2025,152043,0.3118%,0.20797,474,98.58,902.09,41
"=""amzn1.ads-account.g.1pajz8jo9dcmlcw2654w4ynhd""",Portwest Australia,,"=""127908567131055""",Auto All Low Bid MJC,AU,9,AUD,2026,48829,0.2294%,0.23009,112,25.77,594.72,20
"=""amzn1.ads-account.g.9zovk6zrqsgpaj8x2od1sbl53""",Portwest - BE BISS - (Pan-EU),,"=""377546417761236""",Auto All - EURO Expansion 4 - Campaign B - MJC,BE,9,EUR,2025,128356,1.0011%,0.10823,1285,139.08,2817.62,176
"=""amzn1.ads-account.g.betoci5lb82z6jole1u6tt780""",Portwest FR,,"=""456555263277852""",Keyword Research Low Bid (New Selection) - BRD PHR - SD,FR,11,EUR,2025,316226,0.4083%,0.16633,1291,214.73,2605.46,202
"=""amzn1.ads-account.g.betoci5lb82z6jole1u6tt780""",Portwest FR,,"=""560822063068179""",Manual Profit EXT Low Bid - December 2023 - MJC,FR,9,EUR,2025,32004,0.6343%,0.14931,203,30.31,672.83,37
"=""amzn1.ads-account.g.5dfl8rvx53v3cuqmb1snnubcf""",Portwest NL,,"=""299998930456663""",SP - PBDD - Project Candy Low Bid - MJC,NL,12,EUR,2025,26315,0.5776%,0.12507,152,19.01,109.21,7
"=""amzn1.ads-account.g.mxheehzl72t4l5it1hfsk6xz""",Portwest SE,,"=""376936864967411""",Auto All - EURO Expansion 4 V2 - Campaign B - MJC,SE,7,SEK,2026,126444,0.3788%,0.97593,479,467.47,4131.10,36
"=""amzn1.ads-account.g.9mvvwnjt2tsmdz08926vlb17a""",Portwest DE,,"=""484663444651191""",Keyword Research Low Bid - BRD PHR - SD,DE,11,EUR,2025,1277839,0.2369%,0.23875,3027,722.71,7456.01,387
"=""amzn1.ads-account.g.1pajz8jo9dcmlcw2654w4ynhd""",Portwest Australia,,"=""413015514693012""",New Respirator Masks - PAT (From Aoife) - MJC,AU,2,AUD,2025,1,0.0000%,,0,0.00,0.00,0
"=""amzn1.ads-account.g.1pajz8jo9dcmlcw2654w4ynhd""",Portwest Australia,,"=""463416327324191""",Growers - Auto Low Bid - MJC,AU,3,AUD,2025,47060,0.5185%,0.27906,244,68.09,635.01,46
"=""amzn1.ads-account.g.7qon60b3itwr4fzatg0h6r5fv""",Portwest IT,,"=""432140609662787""",SP - UK Gap Products - Project Candy - Auto Low Bid - MJC,IT,8,EUR,2026,59569,0.4801%,0.11741,286,33.58,414.74,20
"=""amzn1.ads-account.g.betoci5lb82z6jole1u6tt780""",Portwest FR,,"=""431361080682482""",SP - PRIME DAY - Project Candy Low Bid with Multi,FR,8,EUR,2025,4890064,0.3110%,0.21716,15206,3302.07,45107.85,2005
"=""amzn1.ads-account.g.betoci5lb82z6jole1u6tt780""",Portwest FR,,"=""560822063068179""",Manual Profit EXT Low Bid - December 2023 - MJC,FR,7,EUR,2026,16693,0.5332%,0.14899,89,13.26,247.34,13
"=""amzn1.ads-account.g.95u2ty2xhpic90diqqwzt6a2s""",Portwest USA,,"=""538640203987393""",Profit Focus US440 - Exact - Oct 2024 - JC,US,8,USD,2025,4388,1.6636%,0.94507,73,68.99,245.29,14
"=""amzn1.ads-account.g.95u2ty2xhpic90diqqwzt6a2s""",Portwest USA,,"=""415107248963968""",Profit Focus Top Styles - Exact - Oct 2024 - JC,US,9,USD,2026,366,0.8197%,0.31667,3,0.95,44.84,1
"=""amzn1.ads-account.g.7qon60b3itwr4fzatg0h6r5fv""",Portwest IT,,"=""520727786291595""",Bridging Promo 24 May - Project Candy Low Bid - MJC,IT,6,EUR,2025,285896,0.3197%,0.18267,914,166.96,754.28,32
"=""amzn1.ads-account.g.9mvvwnjt2tsmdz08926vlb17a""",Portwest DE,,"=""191386157012832""",Growers - Auto Low Bid - MJC,DE,8,EUR,2026,96017,0.5551%,0.15619,533,83.25,2203.13,104
"=""amzn1.ads-account.g.9mvvwnjt2tsmdz08926vlb17a""",Portwest DE,,"=""265284102031598""",SP - Amazon Business Project Candy - Missing Styles June 2026 - Low Bid - MJC (B),DE,9,EUR,2026,43991,0.1182%,0.29577,52,15.38,17.49,2
"=""amzn1.ads-account.g.1pajz8jo9dcmlcw2654w4ynhd""",Portwest Australia,,"=""519485767745737""",Keyword Research Low Bid - BRD PHR - AH,AU,2,AUD,2025,95761,0.4971%,0.39714,476,189.04,1747.67,78
"=""amzn1.ads-account.g.9mvvwnjt2tsmdz08926vlb17a""",Portwest DE,,"=""365846807361792""",Home and Garden 2025 - Project Candy - Auto Low Bid - MJC,DE,9,EUR,2025,766753,0.3408%,0.15354,2613,401.20,4674.14,243
"=""amzn1.ads-account.g.9mvvwnjt2tsmdz08926vlb17a""",Portwest DE,,"=""145924525357081""",Droppers - Auto Low Bid - MJC,DE,6,EUR,2026,63253,0.4110%,0.15769,260,41.00,789.37,59
"=""amzn1.ads-account.g.5dfl8rvx53v3cuqmb1snnubcf""",Portwest NL,,"=""360807979703590""",Auto Low Bid - Q4 2023 - MJC,NL,5,EUR,2026,29560,0.2673%,0.08975,79,7.09,58.76,3
"=""amzn1.ads-account.g.1pajz8jo9dcmlcw2654w4ynhd""",Portwest Australia,,"=""514462827169654""",SP - PRIME DAY - Project Candy Low Bid with Multi,AU,4,AUD,2026,118901,0.3558%,0.45714,423,193.37,2592.89,102
"=""amzn1.ads-account.g.8os9jbxe8uolgs0z0ka9qua0q""",Portwest ES,,"=""475621571262674""",Growers - Auto Low Bid - MJC,ES,11,EUR,2025,197995,0.4601%,0.15109,911,137.64,1992.55,105
"=""amzn1.ads-account.g.95u2ty2xhpic90diqqwzt6a2s""",Portwest USA,,"=""533532889300124""",Auto Low Bid - Vendor Push May 2024 - MJC,US,3,USD,2025,307286,0.6958%,0.20411,2138,436.38,4125.21,183
"=""amzn1.ads-account.g.betoci5lb82z6jole1u6tt780""",Portwest FR,,"=""375571445949915""",Keyword Research Low Bid - BRD PHR - SD,FR,9,EUR,2026,152798,0.1918%,0.16826,293,49.30,736.16,30
"=""amzn1.ads-account.g.95u2ty2xhpic90diqqwzt6a2s""",Portwest USA,,"=""309711536950673""",Auto Low Bid - Vendor Push April 2024 - MJC,US,11,USD,2025,34418,0.4649%,0.22206,160,35.53,86.93,2
"=""amzn1.ads-account.g.9mvvwnjt2tsmdz08926vlb17a""",Portwest DE,,"=""365846807361792""",Home and Garden 2025 - Project Candy - Auto Low Bid - MJC,DE,6,EUR,2025,824541,0.3523%,0.14592,2905,423.89,5902.00,260
"=""amzn1.ads-account.g.95u2ty2xhpic90diqqwzt6a2s""",Portwest USA,,"=""538718532347923""",Display Ads Top Styles Converting Group 2 SD - Sep 2024 - JC,US,1,USD,2025,4997,0.4803%,0.49000,24,11.76,0.00,0
"=""amzn1.ads-account.g.6wubx539i9z2ina5h90v21w6e""",WWD - Workwear Depot,,"=""548141938668759""",SP - Base New Styles - Keyword Research - Sugg Bid - BRD PHR - MJC,UK,9,GBP,2025,36409,0.2335%,0.87353,85,74.25,0.00,0
"=""amzn1.ads-account.g.6wubx539i9z2ina5h90v21w6e""",WWD - Workwear Depot,,"=""123049042264341""",Portwest + Style Code - Manual EXACT - MJC,US,3,USD,2026,126,12.6984%,0.33438,16,5.35,139.96,4
"=""amzn1.ads-account.g.betoci5lb82z6jole1u6tt780""",Portwest FR,,"=""293679770059445""",SP - UK Gap Products - Project Candy - Auto Low Bid - MJC,FR,12,EUR,2025,698606,0.4028%,0.14048,2814,395.30,4179.47,212
"=""amzn1.ads-account.g.8os9jbxe8uolgs0z0ka9qua0q""",Portwest ES,,"=""552946921964248""",Bridging Promo 31 May - Project Candy Low Bid - MJC,ES,10,EUR,2025,319616,0.2256%,0.17792,721,128.28,527.02,19
"=""amzn1.ads-account.g.bak81x0kttgh0i1ah3ezzzu2m""",Portwest PL,,"=""457018929654451""",Auto All - EURO Expansion 4 - Campaign B - MJC,PL,4,PLN,2026,273907,0.2245%,0.39772,615,244.60,1298.43,40
"=""amzn1.ads-account.g.1pajz8jo9dcmlcw2654w4ynhd""",Portwest Australia,,"=""463416327324191""",Growers - Auto Low Bid - MJC,AU,9,AUD,2025,43269,0.8644%,0.44048,374,164.74,685.60,42
"=""amzn1.ads-account.g.7qon60b3itwr4fzatg0h6r5fv""",Portwest IT,,"=""501655278304804""",Growers - Auto Low Bid - MJC,IT,7,EUR,2025,236065,0.5587%,0.15673,1319,206.73,3494.49,174
"=""amzn1.ads-account.g.1pajz8jo9dcmlcw2654w4ynhd""",Portwest Australia,,"=""151330554312288""",Display Ads Converting K8112,AU,12,AUD,2025,3,0.0000%,,0,0.00,0.00,0
"=""amzn1.ads-account.g.1pajz8jo9dcmlcw2654w4ynhd""",Portwest Australia,,"=""514462827169654""",SP - PRIME DAY - Project Candy Low Bid with Multi,AU,3,AUD,2026,111864,0.4899%,0.40376,548,221.26,3523.27,108
"=""amzn1.ads-account.g.7qon60b3itwr4fzatg0h6r5fv""",Portwest IT,,"=""394086876968340""",PAT Profit Style - Low bid EXT and EXP Oct 2024 - JC,IT,8,EUR,2026,46674,0.5356%,0.16636,250,41.59,521.17,24
"=""amzn1.ads-account.g.8os9jbxe8uolgs0z0ka9qua0q""",Portwest ES,,"=""204794077297538""",Base - Top 10 Sellers - Auto Low Bid - MJC,ES,3,EUR,2026,20981,0.4576%,0.17823,96,17.11,107.49,2
"=""amzn1.ads-account.g.6wubx539i9z2ina5h90v21w6e""",WWD - Workwear Depot,,"=""92810336598365""",E - Auto Low Bid - May 2023 - MJC,US,4,USD,2025,351,0.0000%,,0,0.00,0.00,0
"=""amzn1.ads-account.g.1pajz8jo9dcmlcw2654w4ynhd""",Portwest Australia,,"=""188584067285470""",Display Ads Converting PW40,AU,9,AUD,2025,11,0.0000%,,0,0.00,0.00,0
"=""amzn1.ads-account.g.6wubx539i9z2ina5h90v21w6e""",WWD - Workwear Depot,,"=""549574665294693""",SP - Catch All Low Bid - All Live Product - with Multi - MJC,US,3,USD,2026,155307,0.6394%,0.20993,993,208.46,1996.69,39
"=""amzn1.ads-account.g.1pajz8jo9dcmlcw2654w4ynhd""",Portwest Australia,,"=""74703476074231""",Profit PAT MJC,AU,5,AUD,2025,6005,1.1990%,0.18750,72,13.50,423.53,16
"=""amzn1.ads-account.g.1pajz8jo9dcmlcw2654w4ynhd""",Portwest Australia,,"=""538175312863476""",SP - PBDD - Project Candy Low Bid - with Multi - MJC,AU,12,AUD,2025,24157,0.5837%,0.06922,141,9.76,141.01,5
"=""amzn1.ads-account.g.mxheehzl72t4l5it1hfsk6xz""",Portwest SE,,"=""508987492133915""",Growers (From UK) - Auto Low Bid - MJC,SE,2,SEK,2025,8798,0.4887%,0.80628,43,34.67,754.74,4
"=""amzn1.ads-account.g.bak81x0kttgh0i1ah3ezzzu2m""",Portwest PL,,"=""490065738750316""",Droppers (From UK) - Auto Low Bid - MJC,PL,1,PLN,2026,19081,0.3040%,0.29397,58,17.05,0.00,0
"=""amzn1.ads-account.g.95u2ty2xhpic90diqqwzt6a2s""",Portwest USA,,"=""309149749478686""",Portwest Brand Terms Only - JC,US,5,USD,2025,207082,0.1183%,0.58408,245,143.10,1326.61,22
"=""amzn1.ads-account.g.9mvvwnjt2tsmdz08926vlb17a""",Portwest DE,,"=""44819252859905""",Manual Targeting - S999 (CY),DE,12,EUR,2025,2298,0.3046%,0.58857,7,4.12,0.00,0
"=""amzn1.ads-account.g.betoci5lb82z6jole1u6tt780""",Portwest FR,,"=""19826924345521""",Growers - Auto Low Bid - MJC,FR,10,EUR,2025,256512,0.4959%,0.17587,1272,223.71,4414.44,194
"=""amzn1.ads-account.g.9mvvwnjt2tsmdz08926vlb17a""",Portwest DE,,"=""547494018872329""",Keyword Research Low Bid (Seasonal) - BRD PHR - SD,DE,4,EUR,2025,671536,0.2109%,0.24178,1416,342.36,4453.59,206
"=""amzn1.ads-account.g.betoci5lb82z6jole1u6tt780""",Portwest FR,,"=""294745696953229""",Keyword Research Low Bid (Seasonal) - BRD PHR - SD,FR,6,EUR,2025,341678,0.3158%,0.21447,1079,231.41,2222.70,139
"=""amzn1.ads-account.g.9mvvwnjt2tsmdz08926vlb17a""",Portwest DE,,"=""64675969377502""",SP - Amazon Business Project Candy - Missing Styles June 2026 - Low Bid - MJC (A),DE,9,EUR,2026,42320,0.1111%,0.29085,47,13.67,140.70,15
"=""amzn1.ads-account.g.7qon60b3itwr4fzatg0h6r5fv""",Portwest IT,,"=""465724007904797""",Home and Garden 2025 - Project Candy - Auto Low Bid - MJC,IT,7,EUR,2026,18692,0.8560%,0.13219,160,21.15,348.42,18
"=""amzn1.ads-account.g.95u2ty2xhpic90diqqwzt6a2s""",Portwest USA,,"=""312353717160459""",SP - PRIME DAY - Project Candy Low Bid with Multi,US,8,USD,2025,912276,0.3999%,0.34102,3648,1244.05,8054.50,207
"=""amzn1.ads-account.g.1pajz8jo9dcmlcw2654w4ynhd""",Portwest Australia,,"=""56584912532417""",Converting from Other Channels - MJC,AU,4,AUD,2026,424,0.0000%,,0,0.00,0.00,0
"=""amzn1.ads-account.g.6wubx539i9z2ina5h90v21w6e""",WWD - Workwear Depot,,"=""450247354441512""",SP - Elbow Pads - PAT - Elbow Protection Category Only - MJC,UK,2,GBP,2025,64,4.6875%,0.17667,3,0.53,0.00,0
"=""amzn1.ads-account.g.9mvvwnjt2tsmdz08926vlb17a""",Portwest DE,,"=""288384587728489""",Bridging Promo 17 May - Project Candy Low Bid - MJC,DE,4,EUR,2026,66492,0.4407%,0.14358,293,42.07,746.74,21
"=""amzn1.ads-account.g.9zovk6zrqsgpaj8x2od1sbl53""",Portwest - BE BISS - (Pan-EU),,"=""377546417761236""",Auto All - EURO Expansion 4 - Campaign B - MJC,BE,3,EUR,2025,86392,0.7397%,0.10180,639,65.05,1754.56,94
"=""amzn1.ads-account.g.mxheehzl72t4l5it1hfsk6xz""",Portwest SE,,"=""376936864967411""",Auto All - EURO Expansion 4 V2 - Campaign B - MJC,SE,6,SEK,2025,121566,0.3151%,0.80439,383,308.08,4117.50,22
"=""amzn1.ads-account.g.1pajz8jo9dcmlcw2654w4ynhd""",Portwest Australia,,"=""296844823415113""",C734_Auto_Low_Bid_AH Copy 1,AU,5,AUD,2026,2,0.0000%,,0,0.00,0.00,0
"=""amzn1.ads-account.g.1pajz8jo9dcmlcw2654w4ynhd""",Portwest Australia,,"=""355925356602496""","Core Keywords, Close Match EXT - Suggested Bid - AH",AU,1,AUD,2025,10183,0.4223%,0.36488,43,15.69,182.53,10
"=""amzn1.ads-account.g.1pajz8jo9dcmlcw2654w4ynhd""",Portwest Australia,,"=""459317093535210""",SP - Black Friday Week - Project Candy Low Bid - with Multi - MJC,AU,6,AUD,2026,204428,0.6090%,0.23389,1245,291.19,4993.18,163
"=""amzn1.ads-account.g.9mvvwnjt2tsmdz08926vlb17a""",Portwest DE,,"=""145924525357081""",Droppers - Auto Low Bid - MJC,DE,7,EUR,2026,37217,0.8491%,0.15547,316,49.13,708.52,58
"=""amzn1.ads-account.g.1pajz8jo9dcmlcw2654w4ynhd""",Portwest Australia,,"=""413015514693012""",New Respirator Masks - PAT (From Aoife) - MJC,AU,4,AUD,2025,10,10.0000%,0.14000,1,0.14,0.00,0
"=""amzn1.ads-account.g.95u2ty2xhpic90diqqwzt6a2s""",Portwest USA,,"=""283483470831455""",PAT Profit US440 - Low Bid Sep 2024 - JC,US,3,USD,2025,37943,1.4785%,0.22916,561,128.56,1961.17,138
"=""amzn1.ads-account.g.1pajz8jo9dcmlcw2654w4ynhd""",Portwest Australia,,"=""96146253128422""",Display Ads Converting H441,AU,7,AUD,2026,1,0.0000%,,0,0.00,0.00,0
"=""amzn1.ads-account.g.95u2ty2xhpic90diqqwzt6a2s""",Portwest USA,,"=""538640203987393""",Profit Focus US440 - Exact - Oct 2024 - JC,US,9,USD,2025,3299,1.7278%,1.02632,57,58.50,140.93,9
"=""amzn1.ads-account.g.8os9jbxe8uolgs0z0ka9qua0q""",Portwest ES,,"=""204794077297538""",Base - Top 10 Sellers - Auto Low Bid - MJC,ES,7,EUR,2026,3141,0.8278%,0.15423,26,4.01,167.03,2
"=""amzn1.ads-account.g.9mvvwnjt2tsmdz08926vlb17a""",Portwest DE,,"=""288384587728489""",Bridging Promo 17 May - Project Candy Low Bid - MJC,DE,2,EUR,2026,179648,0.4386%,0.14539,788,114.57,2107.37,64
"=""amzn1.ads-account.g.1pajz8jo9dcmlcw2654w4ynhd""",Portwest Australia,,"=""529658289585474""",May Promo - Project Candy - Auto Low Bid - MJC,AU,11,AUD,2025,369613,0.2403%,0.29266,888,259.88,1932.51,97
"=""amzn1.ads-account.g.7qon60b3itwr4fzatg0h6r5fv""",Portwest IT,,"=""378274572618736""",SP - PBDD - Project Candy Low Bid - MJC,IT,11,EUR,2025,4762696,0.2993%,0.16004,14253,2281.09,19312.52,1367
"=""amzn1.ads-account.g.1pajz8jo9dcmlcw2654w4ynhd""",Portwest Australia,,"=""217891372626753""",Display Ads Converting S841,AU,11,AUD,2025,7,0.0000%,,0,0.00,0.00,0
"=""amzn1.ads-account.g.betoci5lb82z6jole1u6tt780""",Portwest FR,,"=""481907341387279""",Home and Garden 2025 - Project Candy - Auto Low Bid - MJC,FR,8,EUR,2025,339273,0.3148%,0.13643,1068,145.71,2103.46,83
"=""amzn1.ads-account.g.95u2ty2xhpic90diqqwzt6a2s""",Portwest USA,,"=""361201165946376""",Home and Garden - Project Candy - Auto Low Bid - MJC,US,10,USD,2025,168266,0.3578%,0.22656,602,136.39,845.12,36
"=""amzn1.ads-account.g.1pajz8jo9dcmlcw2654w4ynhd""",Portwest Australia,,"=""257891712755572""",Profit MJC,AU,2,AUD,2025,11640,1.0481%,0.87377,122,106.60,1585.52,54
"=""amzn1.ads-account.g.9mvvwnjt2tsmdz08926vlb17a""",Portwest DE,,"=""524187804468115""",Store Spotlight SB DE (2) - SD,DE,4,EUR,2025,237964,0.0672%,0.17563,160,28.10,354.58,12
"=""amzn1.ads-account.g.95u2ty2xhpic90diqqwzt6a2s""",Portwest USA,,"=""340748795056441""",Style Specific - UH447 - Auto Low Bid (0.25) with Dayparting - Weekdays at 50% - MJC,US,2,USD,2025,6876,0.5963%,0.50366,41,20.65,338.37,4
"=""amzn1.ads-account.g.9mvvwnjt2tsmdz08926vlb17a""",Portwest DE,,"=""561617050692541""",Auto Low Bid - Q4 2023 - MJC,DE,8,EUR,2025,151273,0.4323%,0.22402,654,146.51,2659.52,141
"=""amzn1.ads-account.g.8os9jbxe8uolgs0z0ka9qua0q""",Portwest ES,,"=""470198564047574""",SP - PRIME DAY - Project Candy Low Bid with Multi,ES,1,EUR,2026,2107262,0.2126%,0.18002,4479,806.33,11436.00,461
"=""amzn1.ads-account.g.9zovk6zrqsgpaj8x2od1sbl53""",Portwest - BE BISS - (Pan-EU),,"=""505560042434740""",Growers (From UK) - Auto Low Bid - MJC,BE,9,EUR,2026,5620,1.5480%,0.11977,87,10.42,149.27,10
"=""amzn1.ads-account.g.9zovk6zrqsgpaj8x2od1sbl53""",Portwest - BE BISS - (Pan-EU),,"=""377546417761236""",Auto All - EURO Expansion 4 - Campaign B - MJC,BE,6,EUR,2026,95422,0.7483%,0.10741,714,76.69,1621.78,89
"=""amzn1.ads-account.g.7qon60b3itwr4fzatg0h6r5fv""",Portwest IT,,"=""421546352398518""",SP - PRIME DAY - Project Candy Low Bid with Multi,IT,6,EUR,2026,171376,0.2947%,0.21184,505,106.98,1297.64,80
"=""amzn1.ads-account.g.6wubx539i9z2ina5h90v21w6e""",WWD - Workwear Depot,,"=""345431107373344""",SP - B2B Auto Low Bid - MC,US,12,USD,2025,4944,0.4854%,0.36583,24,8.78,844.67,19
"=""amzn1.ads-account.g.6wubx539i9z2ina5h90v21w6e""",WWD - Workwear Depot,,"=""389985294556058""",SP - Project Candy Low Bid - Active Seller List (From SD) - Sep 2025 - MJC,UK,12,GBP,2025,185334,0.4818%,0.14499,893,129.48,921.61,25
"=""amzn1.ads-account.g.9zovk6zrqsgpaj8x2od1sbl53""",Portwest - BE BISS - (Pan-EU),,"=""289395542376704""",Bridging Promo 24 May - Project Candy Low Bid - MJC,BE,9,EUR,2026,2274,0.6157%,0.13357,14,1.87,201.98,3
"=""amzn1.ads-account.g.7qon60b3itwr4fzatg0h6r5fv""",Portwest IT,,"=""370228643995043""",Project Candy - Converting EXT - 20240711,IT,1,EUR,2025,28387,0.2008%,0.14018,57,7.99,269.01,6
"=""amzn1.ads-account.g.95u2ty2xhpic90diqqwzt6a2s""",Portwest USA,,"=""466909516541266""",Keyword Research 2 Low Bid - BRD PHR - JC,US,3,USD,2025,267030,0.0738%,0.23873,197,47.03,485.15,18
"=""amzn1.ads-account.g.95u2ty2xhpic90diqqwzt6a2s""",Portwest USA,,"=""345133918085337""",Keyword Research Low Bid - BRD PHR - JC,US,7,USD,2026,115314,0.2628%,0.23538,303,71.32,570.18,22
"=""amzn1.ads-account.g.9mvvwnjt2tsmdz08926vlb17a""",Portwest DE,,"=""151460587266063""",PAT Competitor - H440 (CY),DE,4,EUR,2026,260,0.0000%,,0,0.00,0.00,0
"=""amzn1.ads-account.g.95u2ty2xhpic90diqqwzt6a2s""",Portwest USA,,"=""319162604580847""",(Dayparting Test) PAT Profit EXT and EXP - Low bid Oct 2024 - JC,US,7,USD,2025,231508,0.8181%,0.30933,1894,585.87,6824.51,310
"=""amzn1.ads-account.g.mxheehzl72t4l5it1hfsk6xz""",Portwest SE,,"=""376936864967411""",Auto All - EURO Expansion 4 V2 - Campaign B - MJC,SE,1,SEK,2026,109145,0.4013%,0.73498,438,321.92,867.54,9
"=""amzn1.ads-account.g.95u2ty2xhpic90diqqwzt6a2s""",Portwest USA,,"=""303569566619173""",High ROAS Top Styles - Medium bid Oct 2024 - JC,US,8,USD,2026,5287,0.2837%,0.65400,15,9.81,0.00,0
"=""amzn1.ads-account.g.1pajz8jo9dcmlcw2654w4ynhd""",Portwest Australia,,"=""167800877227863""",Display Ads Top Styles PPE - SD,AU,5,AUD,2026,0,,,0,0.00,0.00,0
"=""amzn1.ads-account.g.1pajz8jo9dcmlcw2654w4ynhd""",Portwest Australia,,"=""463416327324191""",Growers - Auto Low Bid - MJC,AU,2,AUD,2025,43679,0.4876%,0.27629,213,58.85,431.55,34
"=""amzn1.ads-account.g.95u2ty2xhpic90diqqwzt6a2s""",Portwest USA,,"=""538337297480785""",Auto Low Bid - Vendor Push December 2023 - MJC,US,8,USD,2025,166271,0.4739%,0.23610,788,186.05,1124.71,49
"=""amzn1.ads-account.g.95u2ty2xhpic90diqqwzt6a2s""",Portwest USA,,"=""245908494633100""",SP - B2B Auto Low Bid - MC,US,8,USD,2026,28858,0.7104%,0.37893,205,77.68,5740.97,274
"=""amzn1.ads-account.g.9mvvwnjt2tsmdz08926vlb17a""",Portwest DE,,"=""339739082571714""",Auto Low Bid - Q1 2024 - Feb Deals - MJC,DE,8,EUR,2025,320174,0.2058%,0.18024,659,118.78,856.78,36
"=""amzn1.ads-account.g.95u2ty2xhpic90diqqwzt6a2s""",Portwest USA,,"=""290980976603020""",Auto Low Bid - BTR Push August 2024 - JC,US,10,USD,2025,1473,0.1358%,0.19000,2,0.38,0.00,0
"=""amzn1.ads-account.g.6wubx539i9z2ina5h90v21w6e""",WWD - Workwear Depot,,"=""322086947917851""",SP - Elbow Pads - PAT - Close Competitors - Sugg Bid - MJC,UK,3,GBP,2026,3655,1.9425%,0.75563,71,53.65,24.96,3
"=""amzn1.ads-account.g.betoci5lb82z6jole1u6tt780""",Portwest FR,,"=""330209804597144""",SP - Bridging Promo until 4th Aug - Project Candy Low Bid - MJC,FR,8,EUR,2026,70639,0.4105%,0.14603,290,42.35,915.46,63
"=""amzn1.ads-account.g.9mvvwnjt2tsmdz08926vlb17a""",Portwest DE,,"=""484663444651191""",Keyword Research Low Bid - BRD PHR - SD,DE,6,EUR,2025,848104,0.2312%,0.24077,1961,472.15,5659.11,306
"=""amzn1.ads-account.g.7qon60b3itwr4fzatg0h6r5fv""",Portwest IT,,"=""285411610871437""",SP - Project Candy - Bridging Promo - 22 Sep 2025 - Auto Low Bid - MJC,IT,10,EUR,2025,4045589,0.2237%,0.16787,9052,1519.53,6291.29,350
"=""amzn1.ads-account.g.9mvvwnjt2tsmdz08926vlb17a""",Portwest DE,,"=""547494018872329""",Keyword Research Low Bid (Seasonal) - BRD PHR - SD,DE,2,EUR,2025,1085711,0.2923%,0.19038,3174,604.26,13214.80,456
"=""amzn1.ads-account.g.1pajz8jo9dcmlcw2654w4ynhd""",Portwest Australia,,"=""188584067285470""",Display Ads Converting PW40,AU,12,AUD,2025,0,,,0,0.00,0.00,0
"=""amzn1.ads-account.g.7qon60b3itwr4fzatg0h6r5fv""",Portwest IT,,"=""394086876968340""",PAT Profit Style - Low bid EXT and EXP Oct 2024 - JC,IT,5,EUR,2026,100809,0.5079%,0.16549,512,84.73,1109.59,47
"=""amzn1.ads-account.g.95u2ty2xhpic90diqqwzt6a2s""",Portwest USA,,"=""541135041482838""",Vendor Auto Low Bid - Focus Ranges - Nov 2023 - MJC,US,1,USD,2025,33162,0.6725%,0.24664,223,55.00,1068.65,23
"=""amzn1.ads-account.g.95u2ty2xhpic90diqqwzt6a2s""",Portwest USA,,"=""408324720320680""",(B2B Multiplier Test) - Profit Expand Group 1 - Low Bid BRD & PHR - JC,US,6,USD,2025,24933,0.5816%,0.29338,145,42.54,3762.56,42
"=""amzn1.ads-account.g.6wubx539i9z2ina5h90v21w6e""",WWD - Workwear Depot,,"=""349831502064744""",SP - Project Candy Low Bid - Seller Focus Styles - MJC,US,12,USD,2025,399711,0.5822%,0.24841,2327,578.04,2617.82,44
"=""amzn1.ads-account.g.5dfl8rvx53v3cuqmb1snnubcf""",Portwest NL,,"=""443819118758041""",Bridging Promo 24 May - Project Candy Low Bid - MJC,NL,3,EUR,2026,512,0.0000%,,0,0.00,0.00,0
"=""amzn1.ads-account.g.6wubx539i9z2ina5h90v21w6e""",WWD - Workwear Depot,,"=""367477579971086""",SP - Project Candy Low Bid - Converting Terms - Profit Expand - PHR - MJC,US,3,USD,2026,25092,0.8130%,0.22054,204,44.99,598.97,7
"=""amzn1.ads-account.g.1pajz8jo9dcmlcw2654w4ynhd""",Portwest Australia,,"=""151330554312288""",Display Ads Converting K8112,AU,4,AUD,2025,11,0.0000%,,0,0.00,0.00,0
"=""amzn1.ads-account.g.9mvvwnjt2tsmdz08926vlb17a""",Portwest DE,,"=""288384587728489""",Bridging Promo 17 May - Project Candy Low Bid - MJC,DE,8,EUR,2025,133587,0.3451%,0.14857,461,68.49,634.24,23
"=""amzn1.ads-account.g.8os9jbxe8uolgs0z0ka9qua0q""",Portwest ES,,"=""429501537032320""",SP - Project Candy Auto Low Bid - Bridging Promo - 22 Sep - MJC,ES,9,EUR,2025,514067,0.2542%,0.10826,1307,141.49,821.94,59
"=""amzn1.ads-account.g.95u2ty2xhpic90diqqwzt6a2s""",Portwest USA,,"=""521897769563799""",PAT Profit Style group 2 - Low bid Sep 204 - JC,US,9,USD,2025,2754,1.2709%,0.24743,35,8.66,0.00,0
"=""amzn1.ads-account.g.8os9jbxe8uolgs0z0ka9qua0q""",Portwest ES,,"=""480938456434366""",SP - UK Gap Products - Project Candy - Auto Low Bid - MJC,ES,1,EUR,2026,921621,0.2550%,0.13194,2350,310.05,4938.30,272
"=""amzn1.ads-account.g.5dfl8rvx53v3cuqmb1snnubcf""",Portwest NL,,"=""360807979703590""",Auto Low Bid - Q4 2023 - MJC,NL,12,EUR,2025,16454,0.3525%,0.09362,58,5.43,70.16,3
"=""amzn1.ads-account.g.bak81x0kttgh0i1ah3ezzzu2m""",Portwest PL,,"=""401254527269738""",Auto Low Bid - Q4 2023 - MJC,PL,10,PLN,2025,2792,0.1074%,0.14333,3,0.43,0.00,0
"=""amzn1.ads-account.g.5dfl8rvx53v3cuqmb1snnubcf""",Portwest NL,,"=""389075736151395""",Auto All - EURO Expansion 4 - Campaign B - MJC,NL,8,EUR,2025,79683,0.5007%,0.06812,399,27.18,487.08,38
"=""amzn1.ads-account.g.1pajz8jo9dcmlcw2654w4ynhd""",Portwest Australia,,"=""534285577334243""",Project Candy V3 - Top 100 (May 2025) - Auto Low Bid with Multi - MJC,AU,1,AUD,2026,109658,0.7177%,0.40025,787,315.00,3854.93,241
"=""amzn1.ads-account.g.betoci5lb82z6jole1u6tt780""",Portwest FR,,"=""293679770059445""",SP - UK Gap Products - Project Candy - Auto Low Bid - MJC,FR,8,EUR,2026,166687,0.6029%,0.13785,1005,138.54,4207.29,193
"=""amzn1.ads-account.g.95u2ty2xhpic90diqqwzt6a2s""",Portwest USA,,"=""415107248963968""",Profit Focus Top Styles - Exact - Oct 2024 - JC,US,5,USD,2025,5251,0.6094%,0.68813,32,22.02,141.88,4
"=""amzn1.ads-account.g.9mvvwnjt2tsmdz08926vlb17a""",Portwest DE,,"=""165105723572633""",Auto Targeting - S999 (CY),DE,5,EUR,2025,10357,0.5407%,0.25054,56,14.03,119.43,5
"=""amzn1.ads-account.g.1pajz8jo9dcmlcw2654w4ynhd""",Portwest Australia,,"=""411010298200586""",Store Spotlight SB - SD,AU,2,AUD,2025,451588,0.1211%,0.24506,547,134.05,1112.61,41
"=""amzn1.ads-account.g.7qon60b3itwr4fzatg0h6r5fv""",Portwest IT,,"=""378274572618736""",SP - PBDD - Project Candy Low Bid - MJC,IT,8,EUR,2026,492230,0.3685%,0.14826,1814,268.94,2854.24,146
"=""amzn1.ads-account.g.mxheehzl72t4l5it1hfsk6xz""",Portwest SE,,"=""329244351830333""",Droppers (From UK) - Auto Low Bid - MJC,SE,7,SEK,2025,8192,0.5127%,0.76762,42,32.24,584.22,2
"=""amzn1.ads-account.g.9mvvwnjt2tsmdz08926vlb17a""",Portwest DE,,"=""52065936047090""",Droppers - Profit - MJC`,DE,2,EUR,2026,5782,0.3632%,0.22952,21,4.82,39.15,2
"=""amzn1.ads-account.g.7qon60b3itwr4fzatg0h6r5fv""",Portwest IT,,"=""110783796402197""",Droppers - Auto Low Bid - MJC,IT,9,EUR,2026,16646,0.3965%,0.12636,66,8.34,77.94,3
"=""amzn1.ads-account.g.9mvvwnjt2tsmdz08926vlb17a""",Portwest DE,,"=""533829515195503""",SP - UK Gap Products - Project Candy - Auto Low Bid - MJC,DE,5,EUR,2025,1065221,0.3547%,0.14545,3778,549.52,10090.05,504
"=""amzn1.ads-account.g.9mvvwnjt2tsmdz08926vlb17a""",Portwest DE,,"=""151460587266063""",PAT Competitor - H440 (CY),DE,3,EUR,2025,1112,0.1799%,0.54500,2,1.09,0.00,0
"=""amzn1.ads-account.g.bak81x0kttgh0i1ah3ezzzu2m""",Portwest PL,,"=""442163708910699""",Auto All - EURO Expansion 4 - Campaign A - MJC,PL,9,PLN,2026,33992,0.1942%,0.42712,66,28.19,0.00,0
"=""amzn1.ads-account.g.mxheehzl72t4l5it1hfsk6xz""",Portwest SE,,"=""506264653748482""",SP - Project Candy - Bridging Promo - 22 Sep 2025 - Auto Low Bid - MJC,SE,7,SEK,2026,28767,0.4658%,1.55403,134,208.24,150.02,2
"=""amzn1.ads-account.g.betoci5lb82z6jole1u6tt780""",Portwest FR,,"=""293679770059445""",SP - UK Gap Products - Project Candy - Auto Low Bid - MJC,FR,7,EUR,2026,170810,0.5614%,0.13345,959,127.98,3128.41,150
"=""amzn1.ads-account.g.9mvvwnjt2tsmdz08926vlb17a""",Portwest DE,,"=""324958907979592""",Project Candy - Focus Styles from SD - Auto Low Bid - Q4 2024 - MJC,DE,9,EUR,2025,278982,0.2857%,0.22743,797,181.26,1856.79,127
"=""amzn1.ads-account.g.betoci5lb82z6jole1u6tt780""",Portwest FR,,"=""456555263277852""",Keyword Research Low Bid (New Selection) - BRD PHR - SD,FR,9,EUR,2026,263620,0.5364%,0.17667,1414,249.81,2505.63,153
"=""amzn1.ads-account.g.95u2ty2xhpic90diqqwzt6a2s""",Portwest USA,,"=""340748795056441""",Style Specific - UH447 - Auto Low Bid (0.25) with Dayparting - Weekdays at 50% - MJC,US,11,USD,2025,6980,0.5014%,0.45029,35,15.76,453.07,5
"=""amzn1.ads-account.g.6wubx539i9z2ina5h90v21w6e""",WWD - Workwear Depot,,"=""34836128487965""",B2B SP Auto Low Bid - SD,UK,5,GBP,2026,12424,0.2978%,0.25000,37,9.25,139.70,4
"=""amzn1.ads-account.g.5dfl8rvx53v3cuqmb1snnubcf""",Portwest NL,,"=""485435109277305""",Home and Garden 2025 - Project Candy - Auto Low Bid - MJC,NL,2,EUR,2026,22358,0.3668%,0.07256,82,5.95,0.00,0
"=""amzn1.ads-account.g.8os9jbxe8uolgs0z0ka9qua0q""",Portwest ES,,"=""536026367346324""",Project Candy - Converting EXT - 20240711,ES,4,EUR,2026,12031,0.5735%,0.12638,69,8.72,19.44,4
"=""amzn1.ads-account.g.95u2ty2xhpic90diqqwzt6a2s""",Portwest USA,,"=""435667212887349""",Profit Expand Group 2 - Low Bid BRD & PHR - JC,US,12,USD,2025,0,,,0,0.00,0.00,0
"=""amzn1.ads-account.g.1pajz8jo9dcmlcw2654w4ynhd""",Portwest Australia,,"=""257891712755572""",Profit MJC,AU,3,AUD,2026,8708,2.5494%,0.79081,222,175.56,1712.07,56
"=""amzn1.ads-account.g.1pajz8jo9dcmlcw2654w4ynhd""",Portwest Australia,,"=""274645847327056""",Display Ads Converting  FW95,AU,1,AUD,2025,5,20.0000%,0.07000,1,0.07,0.00,0
"=""amzn1.ads-account.g.betoci5lb82z6jole1u6tt780""",Portwest FR,,"=""201893153506278""",Droppers - Profit - MJC,FR,1,EUR,2026,5476,0.6026%,0.13515,33,4.46,27.40,4
"=""amzn1.ads-account.g.5dfl8rvx53v3cuqmb1snnubcf""",Portwest NL,,"=""332773737266901""",Droppers (From UK) - Auto Low Bid - MJC,NL,6,EUR,2025,5735,0.5754%,0.06333,33,2.09,80.86,3
"=""amzn1.ads-account.g.bak81x0kttgh0i1ah3ezzzu2m""",Portwest PL,,"=""401254527269738""",Auto Low Bid - Q4 2023 - MJC,PL,1,PLN,2025,4752,0.0842%,0.10000,4,0.40,0.00,0
"=""amzn1.ads-account.g.9mvvwnjt2tsmdz08926vlb17a""",Portwest DE,,"=""312221393101516""",B2B SP Auto Low Bid - SD,DE,5,EUR,2026,952238,0.2682%,0.30858,2554,788.12,25297.29,1946
"=""amzn1.ads-account.g.9mvvwnjt2tsmdz08926vlb17a""",Portwest DE,,"=""309290485231754""",Display Ads Converting SP SD,DE,6,EUR,2025,2918,0.1371%,0.55250,4,2.21,0.00,0
"=""amzn1.ads-account.g.95u2ty2xhpic90diqqwzt6a2s""",Portwest USA,,"=""533532889300124""",Auto Low Bid - Vendor Push May 2024 - MJC,US,1,USD,2025,289543,1.0544%,0.17547,3053,535.72,2608.98,85
"=""amzn1.ads-account.g.bak81x0kttgh0i1ah3ezzzu2m""",Portwest PL,,"=""490065738750316""",Droppers (From UK) - Auto Low Bid - MJC,PL,1,PLN,2025,11516,0.3213%,0.17135,37,6.34,0.00,0
"=""amzn1.ads-account.g.95u2ty2xhpic90diqqwzt6a2s""",Portwest USA,,"=""319162604580847""",(Dayparting Test) PAT Profit EXT and EXP - Low bid Oct 2024 - JC,US,5,USD,2025,352243,0.8883%,0.27582,3129,863.05,8140.23,367
"=""amzn1.ads-account.g.1pajz8jo9dcmlcw2654w4ynhd""",Portwest Australia,,"=""480370204072590""",PAT Profit Low Bid - Q2 2024 - MJC,AU,12,AUD,2025,2992,0.5682%,0.23529,17,4.00,59.84,3
"=""amzn1.ads-account.g.95u2ty2xhpic90diqqwzt6a2s""",Portwest USA,,"=""496148515305885""",Auto Low Bid - Vendor Gloves Push January 2024 - MJC,US,11,USD,2025,4715,0.8484%,0.24225,40,9.69,52.23,3
"=""amzn1.ads-account.g.9mvvwnjt2tsmdz08926vlb17a""",Portwest DE,,"=""365846807361792""",Home and Garden 2025 - Project Candy - Auto Low Bid - MJC,DE,1,EUR,2026,1643040,0.3450%,0.14784,5669,838.11,12472.23,494
"=""amzn1.ads-account.g.1pajz8jo9dcmlcw2654w4ynhd""",Portwest Australia,,"=""127908567131055""",Auto All Low Bid MJC,AU,7,AUD,2025,197719,0.2418%,0.20008,478,95.64,799.78,41
"=""amzn1.ads-account.g.6wubx539i9z2ina5h90v21w6e""",WWD - Workwear Depot,,"=""316861580179555""",Auto Low Bid April MJC 24,US,9,USD,2025,7313,0.3966%,0.20103,29,5.83,0.00,0
"=""amzn1.ads-account.g.6wubx539i9z2ina5h90v21w6e""",WWD - Workwear Depot,,"=""129758628454478""",UH440 - Auto - May 2023,US,10,USD,2025,21479,0.2700%,0.61431,58,35.63,73.98,2
"=""amzn1.ads-account.g.95u2ty2xhpic90diqqwzt6a2s""",Portwest USA,,"=""552636415923349""",Auto Low Bid - Vendor Push March 2024 - MJC,US,7,USD,2025,34418,0.6131%,0.23327,211,49.22,131.27,12
"=""amzn1.ads-account.g.95u2ty2xhpic90diqqwzt6a2s""",Portwest USA,,"=""457626057170726""",PAT Profit Top Styles - Exact - Oct 2024 - JC,US,5,USD,2025,4102,1.2921%,0.52132,53,27.63,233.29,3
"=""amzn1.ads-account.g.1pajz8jo9dcmlcw2654w4ynhd""",Portwest Australia,,"=""327823251042498""",Display Ads Converting SP AH,AU,1,AUD,2025,22236,0.2698%,0.54467,60,32.68,283.41,10
"=""amzn1.ads-account.g.betoci5lb82z6jole1u6tt780""",Portwest FR,,"=""293679770059445""",SP - UK Gap Products - Project Candy - Auto Low Bid - MJC,FR,6,EUR,2025,639130,0.4609%,0.13471,2946,396.87,5513.40,339
"=""amzn1.ads-account.g.bak81x0kttgh0i1ah3ezzzu2m""",Portwest PL,,"=""457018929654451""",Auto All - EURO Expansion 4 - Campaign B - MJC,PL,6,PLN,2026,233532,0.2047%,0.40967,478,195.82,449.80,15
"=""amzn1.ads-account.g.bak81x0kttgh0i1ah3ezzzu2m""",Portwest PL,,"=""498483964951140""",Auto Low Bid - Q1 2024 - Feb Deals - MJC,PL,7,PLN,2026,55,1.8182%,0.15000,1,0.15,0.00,0
"=""amzn1.ads-account.g.9zovk6zrqsgpaj8x2od1sbl53""",Portwest - BE BISS - (Pan-EU),,"=""505560042434740""",Growers (From UK) - Auto Low Bid - MJC,BE,8,EUR,2025,2854,1.6819%,0.11104,48,5.33,381.79,19
"=""amzn1.ads-account.g.betoci5lb82z6jole1u6tt780""",Portwest FR,,"=""294745696953229""",Keyword Research Low Bid (Seasonal) - BRD PHR - SD,FR,1,EUR,2026,380628,0.4548%,0.16457,1731,284.87,4199.51,293
"=""amzn1.ads-account.g.bak81x0kttgh0i1ah3ezzzu2m""",Portwest PL,,"=""457018929654451""",Auto All - EURO Expansion 4 - Campaign B - MJC,PL,9,PLN,2025,150252,0.1704%,0.33125,256,84.80,544.74,7
"=""amzn1.ads-account.g.betoci5lb82z6jole1u6tt780""",Portwest FR,,"=""542786883751652""",SP - Project Candy - Bridging Promo - 22 Sep 2025 - Auto Low Bid - MJC,FR,10,EUR,2025,1270431,0.3726%,0.16684,4733,789.67,5292.95,454
"=""amzn1.ads-account.g.8os9jbxe8uolgs0z0ka9qua0q""",Portwest ES,,"=""412217386163037""",Auto Low Bid - Q4 2023 - MJC,ES,2,EUR,2026,155713,0.3211%,0.12178,500,60.89,881.94,50
"=""amzn1.ads-account.g.95u2ty2xhpic90diqqwzt6a2s""",Portwest USA,,"=""446556638681330""",Keyword Research 3 Low Bid - BRD PHR - JC,US,1,USD,2025,46245,0.7093%,0.25643,328,84.11,454.98,18
"=""amzn1.ads-account.g.1pajz8jo9dcmlcw2654w4ynhd""",Portwest Australia,,"=""68131641215038""",Display Ads Converting S440,AU,10,AUD,2025,5,0.0000%,,0,0.00,0.00,0
"=""amzn1.ads-account.g.95u2ty2xhpic90diqqwzt6a2s""",Portwest USA,,"=""290980976603020""",Auto Low Bid - BTR Push August 2024 - JC,US,7,USD,2025,1159,0.4314%,0.29800,5,1.49,0.00,0
"=""amzn1.ads-account.g.95u2ty2xhpic90diqqwzt6a2s""",Portwest USA,,"=""552636415923349""",Auto Low Bid - Vendor Push March 2024 - MJC,US,9,USD,2026,15857,1.1099%,0.27926,176,49.15,180.57,8
"=""amzn1.ads-account.g.6wubx539i9z2ina5h90v21w6e""",WWD - Workwear Depot,,"=""262860660370351""",B - Auto Low Bid - May 2023 - MJC,US,6,USD,2026,435,0.0000%,,0,0.00,0.00,0
"=""amzn1.ads-account.g.1pajz8jo9dcmlcw2654w4ynhd""",Portwest Australia,,"=""529658289585474""",May Promo - Project Candy - Auto Low Bid - MJC,AU,2,AUD,2026,120958,0.3547%,0.29814,429,127.90,1300.11,69
"=""amzn1.ads-account.g.betoci5lb82z6jole1u6tt780""",Portwest FR,,"=""375571445949915""",Keyword Research Low Bid - BRD PHR - SD,FR,1,EUR,2025,1173690,0.3600%,0.18608,4225,786.19,12784.16,444
"=""amzn1.ads-account.g.9zovk6zrqsgpaj8x2od1sbl53""",Portwest - BE BISS - (Pan-EU),,"=""457392713613897""",Droppers (From UK) - Auto Low Bid - MJC,BE,4,EUR,2025,1680,1.6667%,0.10357,28,2.90,207.44,9
"=""amzn1.ads-account.g.95u2ty2xhpic90diqqwzt6a2s""",Portwest USA,,"=""347103425994483""",Display Ads Top Styles Converting Group 1 SD - Sep 2024 - JC,US,6,USD,2025,3939,0.2793%,1.14818,11,12.63,214.97,3
"=""amzn1.ads-account.g.9mvvwnjt2tsmdz08926vlb17a""",Portwest DE,,"=""533829515195503""",SP - UK Gap Products - Project Candy - Auto Low Bid - MJC,DE,9,EUR,2026,50994,0.4903%,0.16080,250,40.20,772.27,21
"=""amzn1.ads-account.g.1pajz8jo9dcmlcw2654w4ynhd""",Portwest Australia,,"=""514462827169654""",SP - PRIME DAY - Project Candy Low Bid with Multi,AU,9,AUD,2026,30743,0.4814%,0.40655,148,60.17,561.54,20
"=""amzn1.ads-account.g.9zovk6zrqsgpaj8x2od1sbl53""",Portwest - BE BISS - (Pan-EU),,"=""289395542376704""",Bridging Promo 24 May - Project Candy Low Bid - MJC,BE,5,EUR,2025,84,1.1905%,0.06000,1,0.06,0.00,0
"=""amzn1.ads-account.g.betoci5lb82z6jole1u6tt780""",Portwest FR,,"=""424060741780397""",Auto Low Bid - Q1 2024 - Feb Deals - MJC,FR,10,EUR,2025,138078,0.1528%,0.14531,211,30.66,264.16,5
"=""amzn1.ads-account.g.1pajz8jo9dcmlcw2654w4ynhd""",Portwest Australia,,"=""86138486298904""",Display Ads Converting A620,AU,7,AUD,2026,1,0.0000%,,0,0.00,0.00,0
"=""amzn1.ads-account.g.1pajz8jo9dcmlcw2654w4ynhd""",Portwest Australia,,"=""327823251042498""",Display Ads Converting SP AH,AU,9,AUD,2026,6466,0.1237%,0.86875,8,6.95,0.00,0
"=""amzn1.ads-account.g.mxheehzl72t4l5it1hfsk6xz""",Portwest SE,,"=""293264327574712""",Auto All - EURO Expansion 4 V2 - Campaign A - MJC,SE,3,SEK,2025,120926,0.3300%,0.73732,399,294.19,6617.84,28
"=""amzn1.ads-account.g.7qon60b3itwr4fzatg0h6r5fv""",Portwest IT,,"=""365836086305490""",Keyword Research Low Bid Group 1 - BRD PHR Oct 2024 - JC,IT,9,EUR,2026,65211,0.3772%,0.15280,246,37.59,259.64,11
"=""amzn1.ads-account.g.95u2ty2xhpic90diqqwzt6a2s""",Portwest USA,,"=""496148515305885""",Auto Low Bid - Vendor Gloves Push January 2024 - MJC,US,4,USD,2025,1981,1.1106%,0.24000,22,5.28,18.49,1
"=""amzn1.ads-account.g.6wubx539i9z2ina5h90v21w6e""",WWD - Workwear Depot,,"=""92810336598365""",E - Auto Low Bid - May 2023 - MJC,US,8,USD,2026,164,2.4390%,0.25000,4,1.00,0.00,0
"=""amzn1.ads-account.g.95u2ty2xhpic90diqqwzt6a2s""",Portwest USA,,"=""363307255195676""",PAT Profit Style group 1 - Low bid Sep 2024 - JC,US,7,USD,2026,131,0.7634%,0.25000,1,0.25,0.00,0
"=""amzn1.ads-account.g.6wubx539i9z2ina5h90v21w6e""",WWD - Workwear Depot,,"=""129758628454478""",UH440 - Auto - May 2023,US,9,USD,2025,11702,0.2649%,0.61613,31,19.10,38.99,1
"=""amzn1.ads-account.g.9zovk6zrqsgpaj8x2od1sbl53""",Portwest - BE BISS - (Pan-EU),,"=""457392713613897""",Droppers (From UK) - Auto Low Bid - MJC,BE,5,EUR,2026,4792,1.5651%,0.10120,75,7.59,384.10,24
"=""amzn1.ads-account.g.betoci5lb82z6jole1u6tt780""",Portwest FR,,"=""19826924345521""",Growers - Auto Low Bid - MJC,FR,5,EUR,2026,354217,0.2366%,0.15839,838,132.73,2448.70,128
"=""amzn1.ads-account.g.95u2ty2xhpic90diqqwzt6a2s""",Portwest USA,,"=""404384002405554""",Style Specific - UH447 - Keyword Research Low Bid (0.25) - BRD PHR - Dayparting 25 Increase Weekdays - MJC,US,11,USD,2025,11871,0.5728%,0.31632,68,21.51,554.09,6
"=""amzn1.ads-account.g.6wubx539i9z2ina5h90v21w6e""",WWD - Workwear Depot,,"=""505622175738793""",DX4 Product Launch Auto - Low Bid Oct 2024 - JC,US,3,USD,2025,1107,0.2710%,0.15333,3,0.46,0.00,0
"=""amzn1.ads-account.g.5dfl8rvx53v3cuqmb1snnubcf""",Portwest NL,,"=""299998930456663""",SP - PBDD - Project Candy Low Bid - MJC,NL,10,EUR,2025,36112,0.6120%,0.11991,221,26.50,484.51,26
"=""amzn1.ads-account.g.bak81x0kttgh0i1ah3ezzzu2m""",Portwest PL,,"=""442594519627299""",Bridging Promo 24 May - Project Candy Low Bid - MJC,PL,5,PLN,2025,1479,0.0000%,,0,0.00,0.00,0
"=""amzn1.ads-account.g.betoci5lb82z6jole1u6tt780""",Portwest FR,,"=""424060741780397""",Auto Low Bid - Q1 2024 - Feb Deals - MJC,FR,12,EUR,2025,471759,0.2527%,0.14466,1192,172.43,1788.90,69
"=""amzn1.ads-account.g.5dfl8rvx53v3cuqmb1snnubcf""",Portwest NL,,"=""389075736151395""",Auto All - EURO Expansion 4 - Campaign B - MJC,NL,9,EUR,2025,132691,0.4914%,0.06557,652,42.75,1109.66,69
"=""amzn1.ads-account.g.7qon60b3itwr4fzatg0h6r5fv""",Portwest IT,,"=""54506141508269""",SP - Amazon Business Project Candy - Missing Styles June 2026 - Low Bid - MJC (A),IT,9,EUR,2026,210504,0.1378%,0.27603,290,80.05,837.45,33
"=""amzn1.ads-account.g.betoci5lb82z6jole1u6tt780""",Portwest FR,,"=""424060741780397""",Auto Low Bid - Q1 2024 - Feb Deals - MJC,FR,4,EUR,2025,431449,0.2394%,0.14583,1033,150.64,1434.92,55
"=""amzn1.ads-account.g.7qon60b3itwr4fzatg0h6r5fv""",Portwest IT,,"=""432140609662787""",SP - UK Gap Products - Project Candy - Auto Low Bid - MJC,IT,8,EUR,2025,585481,0.2007%,0.13972,1175,164.17,476.72,35
"=""amzn1.ads-account.g.8os9jbxe8uolgs0z0ka9qua0q""",Portwest ES,,"=""468167772243698""",Home and Garden 2025 - Project Candy - Auto Low Bid - MJC,ES,9,EUR,2025,999030,0.2213%,0.14053,2211,310.72,3015.42,152
"=""amzn1.ads-account.g.1pajz8jo9dcmlcw2654w4ynhd""",Portwest Australia,,"=""86138486298904""",Display Ads Converting A620,AU,3,AUD,2025,0,,,0,0.00,0.00,0
"=""amzn1.ads-account.g.9zovk6zrqsgpaj8x2od1sbl53""",Portwest - BE BISS - (Pan-EU),,"=""344800929956085""",Auto All - EURO Expansion 4 - Campaign A - MJC,BE,8,EUR,2025,55481,1.1463%,0.10866,636,69.11,2354.13,100
"=""amzn1.ads-account.g.7qon60b3itwr4fzatg0h6r5fv""",Portwest IT,,"=""110783796402197""",Droppers - Auto Low Bid - MJC,IT,12,EUR,2025,68187,0.4136%,0.13603,282,38.36,581.12,18
"=""amzn1.ads-account.g.mxheehzl72t4l5it1hfsk6xz""",Portwest SE,,"=""329244351830333""",Droppers (From UK) - Auto Low Bid - MJC,SE,7,SEK,2026,8299,0.4458%,1.12135,37,41.49,116.80,1
"=""amzn1.ads-account.g.5dfl8rvx53v3cuqmb1snnubcf""",Portwest NL,,"=""332773737266901""",Droppers (From UK) - Auto Low Bid - MJC,NL,2,EUR,2026,8483,0.4597%,0.07128,39,2.78,143.44,9
"=""amzn1.ads-account.g.95u2ty2xhpic90diqqwzt6a2s""",Portwest USA,,"=""431207786236144""",Manual Profit EXT Low Bid - Q4 - MJC,US,7,USD,2025,183,0.0000%,,0,0.00,0.00,0
"=""amzn1.ads-account.g.9zovk6zrqsgpaj8x2od1sbl53""",Portwest - BE BISS - (Pan-EU),,"=""480650557145400""",SP - PBDD - Project Candy Low Bid - MJC,BE,8,EUR,2026,12418,0.8697%,0.13241,108,14.30,195.73,8
"=""amzn1.ads-account.g.7qon60b3itwr4fzatg0h6r5fv""",Portwest IT,,"=""397507002813117""",Auto Low Bid - Q1 2024 - Feb Deals - MJC,IT,12,EUR,2025,0,,,0,0.00,0.00,0
"=""amzn1.ads-account.g.1pajz8jo9dcmlcw2654w4ynhd""",Portwest Australia,,"=""96146253128422""",Display Ads Converting H441,AU,6,AUD,2025,16,0.0000%,,0,0.00,0.00,0
"=""amzn1.ads-account.g.8os9jbxe8uolgs0z0ka9qua0q""",Portwest ES,,"=""552946921964248""",Bridging Promo 31 May - Project Candy Low Bid - MJC,ES,5,EUR,2025,8567,0.3268%,0.17036,28,4.77,17.37,1
"=""amzn1.ads-account.g.7qon60b3itwr4fzatg0h6r5fv""",Portwest IT,,"=""320546710532715""",Bridging Promo 31 May - Project Candy Low Bid - MJC,IT,7,EUR,2026,55084,0.8823%,0.11134,486,54.11,765.54,34
"=""amzn1.ads-account.g.7qon60b3itwr4fzatg0h6r5fv""",Portwest IT,,"=""378274572618736""",SP - PBDD - Project Candy Low Bid - MJC,IT,10,EUR,2025,3472618,0.2822%,0.16011,9798,1568.72,13839.71,909
"=""amzn1.ads-account.g.7qon60b3itwr4fzatg0h6r5fv""",Portwest IT,,"=""365836086305490""",Keyword Research Low Bid Group 1 - BRD PHR Oct 2024 - JC,IT,3,EUR,2025,63292,0.4866%,0.16256,308,50.07,556.67,18
"=""amzn1.ads-account.g.5dfl8rvx53v3cuqmb1snnubcf""",Portwest NL,,"=""392977465332326""",Growers (From UK) - Auto Low Bid - MJC,NL,5,EUR,2025,12497,0.6001%,0.04480,75,3.36,126.69,5
"=""amzn1.ads-account.g.1pajz8jo9dcmlcw2654w4ynhd""",Portwest Australia,,"=""538175312863476""",SP - PBDD - Project Candy Low Bid - with Multi - MJC,AU,1,AUD,2026,23350,0.6895%,0.06646,161,10.70,166.05,11
"=""amzn1.ads-account.g.1pajz8jo9dcmlcw2654w4ynhd""",Portwest Australia,,"=""371634636717287""",Manual Profit Expand BRD PHR Low Bid - Q2 2024 - MJC,AU,5,AUD,2026,49621,0.5340%,0.21057,265,55.80,839.82,41
"=""amzn1.ads-account.g.95u2ty2xhpic90diqqwzt6a2s""",Portwest USA,,"=""462325957755715""",B2B Only 500% Multi Test - Project Candy Low Bid - MJC,US,7,USD,2026,19547,1.0334%,0.64861,202,131.02,2721.36,83
"=""amzn1.ads-account.g.6wubx539i9z2ina5h90v21w6e""",WWD - Workwear Depot,,"=""344804552113751""",SP - Black Friday - MC,US,9,USD,2026,489,2.4540%,0.42083,12,5.05,0.00,0
"=""amzn1.ads-account.g.5dfl8rvx53v3cuqmb1snnubcf""",Portwest NL,,"=""392977465332326""",Growers (From UK) - Auto Low Bid - MJC,NL,2,EUR,2025,23193,0.3536%,0.04220,82,3.46,147.15,7
"=""amzn1.ads-account.g.5dfl8rvx53v3cuqmb1snnubcf""",Portwest NL,,"=""299998930456663""",SP - PBDD - Project Candy Low Bid - MJC,NL,6,EUR,2026,32686,0.4008%,0.11855,131,15.53,260.38,12
"=""amzn1.ads-account.g.mxheehzl72t4l5it1hfsk6xz""",Portwest SE,,"=""376936864967411""",Auto All - EURO Expansion 4 V2 - Campaign B - MJC,SE,7,SEK,2025,112914,0.3720%,0.80564,420,338.37,6154.04,35
"=""amzn1.ads-account.g.95u2ty2xhpic90diqqwzt6a2s""",Portwest USA,,"=""552636415923349""",Auto Low Bid - Vendor Push March 2024 - MJC,US,3,USD,2025,142919,0.1910%,0.23542,273,64.27,426.83,20
"=""amzn1.ads-account.g.6wubx539i9z2ina5h90v21w6e""",WWD - Workwear Depot,,"=""403581243770082""",Focus Styles (Top Selling Seller) - Auto Low Bid June 2023 - MJC,US,4,USD,2026,10312,0.5431%,0.40375,56,22.61,38.98,1
"=""amzn1.ads-account.g.9zovk6zrqsgpaj8x2od1sbl53""",Portwest - BE BISS - (Pan-EU),,"=""385469476566499""",Bridging Promo 31 May - Project Candy Low Bid - MJC,BE,3,EUR,2026,6443,1.1330%,0.15247,73,11.13,97.96,3
"=""amzn1.ads-account.g.5dfl8rvx53v3cuqmb1snnubcf""",Portwest NL,,"=""444011378490748""",SP - Project Candy - Bridging Promo - 5 Sep 2025 - Auto Low Bid - MJC,NL,4,EUR,2026,70950,0.4778%,0.11366,339,38.53,432.85,39
"=""amzn1.ads-account.g.6wubx539i9z2ina5h90v21w6e""",WWD - Workwear Depot,,"=""367477579971086""",SP - Project Candy Low Bid - Converting Terms - Profit Expand - PHR - MJC,US,11,USD,2025,32953,0.5371%,0.21616,177,38.26,205.19,3
"=""amzn1.ads-account.g.6wubx539i9z2ina5h90v21w6e""",WWD - Workwear Depot,,"=""278469250312380""",A - Auto Low Bid - May 2023 - MJC,US,6,USD,2025,727,0.1376%,0.25000,1,0.25,0.00,0
"=""amzn1.ads-account.g.7qon60b3itwr4fzatg0h6r5fv""",Portwest IT,,"=""110783796402197""",Droppers - Auto Low Bid - MJC,IT,7,EUR,2026,11716,0.4182%,0.11000,49,5.39,104.39,5
"=""amzn1.ads-account.g.8os9jbxe8uolgs0z0ka9qua0q""",Portwest ES,,"=""466433429362650""",Keyword Research Low Bid (Top Sellers) - BRD PHR - SD,ES,7,EUR,2025,658766,0.1125%,0.17781,741,131.76,1595.71,117
"=""amzn1.ads-account.g.9zovk6zrqsgpaj8x2od1sbl53""",Portwest - BE BISS - (Pan-EU),,"=""385469476566499""",Bridging Promo 31 May - Project Candy Low Bid - MJC,BE,2,EUR,2026,5149,1.1847%,0.14607,61,8.91,54.16,1
"=""amzn1.ads-account.g.7qon60b3itwr4fzatg0h6r5fv""",Portwest IT,,"=""54506141508269""",SP - Amazon Business Project Candy - Missing Styles June 2026 - Low Bid - MJC (A),IT,8,EUR,2026,372532,0.1643%,0.28301,612,173.20,2169.27,61
"=""amzn1.ads-account.g.9mvvwnjt2tsmdz08926vlb17a""",Portwest DE,,"=""420256858234177""",SP - Bridging Promo 5th August 2025,DE,8,EUR,2025,1401068,0.3504%,0.17362,4909,852.32,9259.08,745
"=""amzn1.ads-account.g.1pajz8jo9dcmlcw2654w4ynhd""",Portwest Australia,,"=""413015514693012""",New Respirator Masks - PAT (From Aoife) - MJC,AU,12,AUD,2025,5,0.0000%,,0,0.00,0.00,0
"=""amzn1.ads-account.g.8os9jbxe8uolgs0z0ka9qua0q""",Portwest ES,,"=""475621571262674""",Growers - Auto Low Bid - MJC,ES,3,EUR,2025,506581,0.4299%,0.12606,2178,274.56,3587.90,157
"=""amzn1.ads-account.g.betoci5lb82z6jole1u6tt780""",Portwest FR,,"=""293679770059445""",SP - UK Gap Products - Project Candy - Auto Low Bid - MJC,FR,5,EUR,2026,360773,0.5278%,0.13581,1904,258.58,5214.50,262
"=""amzn1.ads-account.g.1pajz8jo9dcmlcw2654w4ynhd""",Portwest Australia,,"=""533603650852527""",Keyword Research Low Bid - BRD PHR - SD,AU,11,AUD,2025,184255,0.2513%,0.37298,463,172.69,2614.58,81
"=""amzn1.ads-account.g.bak81x0kttgh0i1ah3ezzzu2m""",Portwest PL,,"=""442163708910699""",Auto All - EURO Expansion 4 - Campaign A - MJC,PL,9,PLN,2025,232269,0.1180%,0.30325,274,83.09,753.56,20
"=""amzn1.ads-account.g.9mvvwnjt2tsmdz08926vlb17a""",Portwest DE,,"=""555695194898382""",SP - PBDD - Project Candy Low Bid - MJC,DE,4,EUR,2026,625993,0.3959%,0.16109,2478,399.17,5257.89,302
"=""amzn1.ads-account.g.5dfl8rvx53v3cuqmb1snnubcf""",Portwest NL,,"=""475402648433849""",Bridging Promo 31 May - Project Candy Low Bid - MJC,NL,1,EUR,2026,33108,0.4229%,0.10129,140,14.18,173.03,7
"=""amzn1.ads-account.g.5dfl8rvx53v3cuqmb1snnubcf""",Portwest NL,,"=""492525007470072""",Auto All - EURO Expansion 4 - Campaign A - MJC,NL,6,EUR,2025,83517,0.4310%,0.06403,360,23.05,922.97,50
"=""amzn1.ads-account.g.6wubx539i9z2ina5h90v21w6e""",WWD - Workwear Depot,,"=""157714611577244""",M - Auto Low Bid - May 2023 - MJC,US,9,USD,2026,192,0.0000%,,0,0.00,0.00,0
"=""amzn1.ads-account.g.95u2ty2xhpic90diqqwzt6a2s""",Portwest USA,,"=""360269261984589""",Vendor Purchased - Not Advertised (Sep 2023) - Auto Low Bid - MJC,US,7,USD,2025,57403,0.5940%,0.17921,341,61.11,91.82,3
"=""amzn1.ads-account.g.9mvvwnjt2tsmdz08926vlb17a""",Portwest DE,,"=""44819252859905""",Manual Targeting - S999 (CY),DE,4,EUR,2025,10177,0.3439%,0.47171,35,16.51,147.84,5
"=""amzn1.ads-account.g.9mvvwnjt2tsmdz08926vlb17a""",Portwest DE,,"=""448372766050370""",Bridging Promo 24 May - Project Candy Low Bid - MJC,DE,2,EUR,2026,211654,0.3515%,0.19251,744,143.23,1091.57,46
"=""amzn1.ads-account.g.8os9jbxe8uolgs0z0ka9qua0q""",Portwest ES,,"=""466433429362650""",Keyword Research Low Bid (Top Sellers) - BRD PHR - SD,ES,3,EUR,2026,151789,0.3986%,0.15848,605,95.88,1016.83,83
"=""amzn1.ads-account.g.9mvvwnjt2tsmdz08926vlb17a""",Portwest DE,,"=""309290485231754""",Display Ads Converting SP SD,DE,5,EUR,2025,3591,0.2228%,0.72750,8,5.82,15.45,1
"=""amzn1.ads-account.g.8os9jbxe8uolgs0z0ka9qua0q""",Portwest ES,,"=""429501537032320""",SP - Project Candy Auto Low Bid - Bridging Promo - 22 Sep - MJC,ES,12,EUR,2025,84970,0.2542%,0.10227,216,22.09,227.16,12
"=""amzn1.ads-account.g.8os9jbxe8uolgs0z0ka9qua0q""",Portwest ES,,"=""27558367407787""",SP - Amazon Business Project Candy - Missing Styles June 2026 - Low Bid - MJC (A),ES,8,EUR,2026,549302,0.1997%,0.27735,1097,304.25,5536.86,502
"=""amzn1.ads-account.g.1pajz8jo9dcmlcw2654w4ynhd""",Portwest Australia,,"=""463416327324191""",Growers - Auto Low Bid - MJC,AU,7,AUD,2026,7691,0.5721%,0.38295,44,16.85,151.91,5
"=""amzn1.ads-account.g.bak81x0kttgh0i1ah3ezzzu2m""",Portwest PL,,"=""538515140167827""",Bridging Promo 31 May - Project Candy Low Bid - MJC,PL,10,PLN,2025,28059,0.1319%,0.44730,37,16.55,240.85,3
"=""amzn1.ads-account.g.9mvvwnjt2tsmdz08926vlb17a""",Portwest DE,,"=""382463996411738""",SP - Project Candy - Bridging Promo - 5 Sep 2025 - Auto Low Bid - MJC,DE,12,EUR,2025,35120,0.2363%,0.17867,83,14.83,254.36,12
"=""amzn1.ads-account.g.95u2ty2xhpic90diqqwzt6a2s""",Portwest USA,,"=""449935138966310""",Project Candy V3 - Top 100 (May 2025) - Auto Low Bid with Multi - MJC,US,8,USD,2025,835436,0.7144%,0.37949,5968,2264.79,14985.25,667
"=""amzn1.ads-account.g.9mvvwnjt2tsmdz08926vlb17a""",Portwest DE,,"=""533829515195503""",SP - UK Gap Products - Project Candy - Auto Low Bid - MJC,DE,6,EUR,2026,130752,0.3824%,0.15466,500,77.33,1701.32,58
"=""amzn1.ads-account.g.1pajz8jo9dcmlcw2654w4ynhd""",Portwest Australia,,"=""56584912532417""",Converting from Other Channels - MJC,AU,1,AUD,2026,405,0.2469%,1.05000,1,1.05,0.00,0
"=""amzn1.ads-account.g.5dfl8rvx53v3cuqmb1snnubcf""",Portwest NL,,"=""389075736151395""",Auto All - EURO Expansion 4 - Campaign B - MJC,NL,9,EUR,2026,77339,0.4008%,0.08874,310,27.51,338.03,18
"=""amzn1.ads-account.g.7qon60b3itwr4fzatg0h6r5fv""",Portwest IT,,"=""370228643995043""",Project Candy - Converting EXT - 20240711,IT,9,EUR,2025,14970,0.2071%,0.13355,31,4.14,24.23,2
"=""amzn1.ads-account.g.5dfl8rvx53v3cuqmb1snnubcf""",Portwest NL,,"=""332773737266901""",Droppers (From UK) - Auto Low Bid - MJC,NL,3,EUR,2025,21452,0.3356%,0.04361,72,3.14,94.13,4
"=""amzn1.ads-account.g.1pajz8jo9dcmlcw2654w4ynhd""",Portwest Australia,,"=""413015514693012""",New Respirator Masks - PAT (From Aoife) - MJC,AU,7,AUD,2025,16,0.0000%,,0,0.00,0.00,0
"=""amzn1.ads-account.g.betoci5lb82z6jole1u6tt780""",Portwest FR,,"=""560822063068179""",Manual Profit EXT Low Bid - December 2023 - MJC,FR,10,EUR,2025,16810,0.4700%,0.14443,79,11.41,246.13,11
"=""amzn1.ads-account.g.9zovk6zrqsgpaj8x2od1sbl53""",Portwest - BE BISS - (Pan-EU),,"=""385469476566499""",Bridging Promo 31 May - Project Candy Low Bid - MJC,BE,1,EUR,2026,3714,1.4001%,0.16038,52,8.34,0.00,0
"=""amzn1.ads-account.g.95u2ty2xhpic90diqqwzt6a2s""",Portwest USA,,"=""303569566619173""",High ROAS Top Styles - Medium bid Oct 2024 - JC,US,7,USD,2025,2109,0.4742%,0.67600,10,6.76,59.85,2
"=""amzn1.ads-account.g.7qon60b3itwr4fzatg0h6r5fv""",Portwest IT,,"=""394086876968340""",PAT Profit Style - Low bid EXT and EXP Oct 2024 - JC,IT,4,EUR,2025,324762,0.6198%,0.17509,2013,352.46,2618.94,117
"=""amzn1.ads-account.g.9mvvwnjt2tsmdz08926vlb17a""",Portwest DE,,"=""368937778983831""",Manual Profit EXT Low Bid - December 2023 - MJC,DE,3,EUR,2026,52295,0.3213%,0.24399,168,40.99,340.26,20
"=""amzn1.ads-account.g.5dfl8rvx53v3cuqmb1snnubcf""",Portwest NL,,"=""392977465332326""",Growers (From UK) - Auto Low Bid - MJC,NL,5,EUR,2026,5529,0.5788%,0.07813,32,2.50,168.07,7
"=""amzn1.ads-account.g.9mvvwnjt2tsmdz08926vlb17a""",Portwest DE,,"=""165105723572633""",Auto Targeting - S999 (CY),DE,11,EUR,2025,87592,0.5948%,0.24232,521,126.25,678.67,30
"=""amzn1.ads-account.g.95u2ty2xhpic90diqqwzt6a2s""",Portwest USA,,"=""521897769563799""",PAT Profit Style group 2 - Low bid Sep 204 - JC,US,1,USD,2025,14525,1.4182%,0.26835,206,55.28,624.52,23
"=""amzn1.ads-account.g.1pajz8jo9dcmlcw2654w4ynhd""",Portwest Australia,,"=""108617369848228""",Display Ads Converting FW90,AU,6,AUD,2026,32,3.1250%,0.10000,1,0.10,0.00,0
"=""amzn1.ads-account.g.bak81x0kttgh0i1ah3ezzzu2m""",Portwest PL,,"=""457018929654451""",Auto All - EURO Expansion 4 - Campaign B - MJC,PL,2,PLN,2025,114815,0.1350%,0.29658,155,45.97,250.20,3
"=""amzn1.ads-account.g.betoci5lb82z6jole1u6tt780""",Portwest FR,,"=""560822063068179""",Manual Profit EXT Low Bid - December 2023 - MJC,FR,3,EUR,2025,54407,0.5477%,0.13956,298,41.59,1204.32,83
"=""amzn1.ads-account.g.6wubx539i9z2ina5h90v21w6e""",WWD - Workwear Depot,,"=""499053194388859""",SP - Project Candy Low Bid - PAT Profit - EXT - MJC,US,4,USD,2026,910,1.9780%,0.14056,18,2.53,0.00,0
"=""amzn1.ads-account.g.5dfl8rvx53v3cuqmb1snnubcf""",Portwest NL,,"=""392977465332326""",Growers (From UK) - Auto Low Bid - MJC,NL,6,EUR,2025,7308,0.6158%,0.04978,45,2.24,168.59,4
"=""amzn1.ads-account.g.6wubx539i9z2ina5h90v21w6e""",WWD - Workwear Depot,,"=""157714611577244""",M - Auto Low Bid - May 2023 - MJC,US,8,USD,2025,240,0.4167%,0.25000,1,0.25,0.00,0
"=""amzn1.ads-account.g.1pajz8jo9dcmlcw2654w4ynhd""",Portwest Australia,,"=""355925356602496""","Core Keywords, Close Match EXT - Suggested Bid - AH",AU,4,AUD,2025,14508,0.5997%,0.35908,87,31.24,230.16,9
"=""amzn1.ads-account.g.betoci5lb82z6jole1u6tt780""",Portwest FR,,"=""370127154989503""",Auto Low Bid - Q4 2023 - MJC,FR,7,EUR,2025,127460,0.3264%,0.15673,416,65.20,1245.57,57
"=""amzn1.ads-account.g.9mvvwnjt2tsmdz08926vlb17a""",Portwest DE,,"=""456161439841495""",Store Spotlight (DE) SB - Homepage - SD,DE,8,EUR,2026,514341,0.0785%,0.16926,404,68.38,746.24,22
"=""amzn1.ads-account.g.9mvvwnjt2tsmdz08926vlb17a""",Portwest DE,,"=""309290485231754""",Display Ads Converting SP SD,DE,12,EUR,2025,10439,0.1916%,0.42250,20,8.45,26.11,1
"=""amzn1.ads-account.g.1pajz8jo9dcmlcw2654w4ynhd""",Portwest Australia,,"=""74703476074231""",Profit PAT MJC,AU,3,AUD,2026,2677,1.4569%,0.17718,39,6.91,216.67,6
"=""amzn1.ads-account.g.betoci5lb82z6jole1u6tt780""",Portwest FR,,"=""424060741780397""",Auto Low Bid - Q1 2024 - Feb Deals - MJC,FR,7,EUR,2026,89072,0.3604%,0.13486,321,43.29,1349.15,36
"=""amzn1.ads-account.g.8os9jbxe8uolgs0z0ka9qua0q""",Portwest ES,,"=""475621571262674""",Growers - Auto Low Bid - MJC,ES,9,EUR,2025,150503,0.4525%,0.15358,681,104.59,1413.64,79
"=""amzn1.ads-account.g.9mvvwnjt2tsmdz08926vlb17a""",Portwest DE,,"=""561617050692541""",Auto Low Bid - Q4 2023 - MJC,DE,2,EUR,2025,680366,0.2970%,0.17244,2021,348.51,7222.96,321
"=""amzn1.ads-account.g.1pajz8jo9dcmlcw2654w4ynhd""",Portwest Australia,,"=""211972647042468""",Profit Expand BRD & PHR - Low Bid - MJC,AU,7,AUD,2025,96298,0.4195%,0.20448,404,82.61,1009.32,30
"=""amzn1.ads-account.g.5dfl8rvx53v3cuqmb1snnubcf""",Portwest NL,,"=""360807979703590""",Auto Low Bid - Q4 2023 - MJC,NL,9,EUR,2026,10350,0.4541%,0.10894,47,5.12,88.80,5
"=""amzn1.ads-account.g.9mvvwnjt2tsmdz08926vlb17a""",Portwest DE,,"=""368937778983831""",Manual Profit EXT Low Bid - December 2023 - MJC,DE,5,EUR,2026,70761,0.2727%,0.24114,193,46.54,480.36,23
"=""amzn1.ads-account.g.mxheehzl72t4l5it1hfsk6xz""",Portwest SE,,"=""523189388917025""",SP - Project Candy Auto Low Bid - Bridging Promo - 22 Sep - MJC,SE,11,SEK,2025,14869,0.1749%,1.07385,26,27.92,0.00,0
"=""amzn1.ads-account.g.1pajz8jo9dcmlcw2654w4ynhd""",Portwest Australia,,"=""74703476074231""",Profit PAT MJC,AU,3,AUD,2025,5966,0.7208%,0.24930,43,10.72,146.74,8
"=""amzn1.ads-account.g.8os9jbxe8uolgs0z0ka9qua0q""",Portwest ES,,"=""204794077297538""",Base - Top 10 Sellers - Auto Low Bid - MJC,ES,8,EUR,2026,2773,0.5049%,0.16214,14,2.27,0.00,0
"=""amzn1.ads-account.g.6wubx539i9z2ina5h90v21w6e""",WWD - Workwear Depot,,"=""262860660370351""",B - Auto Low Bid - May 2023 - MJC,US,3,USD,2026,929,0.0000%,,0,0.00,0.00,0
"=""amzn1.ads-account.g.bak81x0kttgh0i1ah3ezzzu2m""",Portwest PL,,"=""401254527269738""",Auto Low Bid - Q4 2023 - MJC,PL,7,PLN,2025,1187,0.3370%,0.14750,4,0.59,0.00,0
"=""amzn1.ads-account.g.1pajz8jo9dcmlcw2654w4ynhd""",Portwest Australia,,"=""211972647042468""",Profit Expand BRD & PHR - Low Bid - MJC,AU,10,AUD,2025,129635,0.4628%,0.24587,600,147.52,2592.63,60
"=""amzn1.ads-account.g.9mvvwnjt2tsmdz08926vlb17a""",Portwest DE,,"=""488971604344142""",Keyword Research Low Bid (New Selection) - BRD PHR - SD,DE,9,EUR,2026,35270,0.4111%,0.23345,145,33.85,589.76,35
"=""amzn1.ads-account.g.1pajz8jo9dcmlcw2654w4ynhd""",Portwest Australia,,"=""313517393614726""",Push Q1 2024 - Auto Low Bid - MJC,AU,8,AUD,2025,120358,0.4487%,0.34233,540,184.86,2527.42,153
"=""amzn1.ads-account.g.8os9jbxe8uolgs0z0ka9qua0q""",Portwest ES,,"=""440075957309509""",SP - Bridging Promo until 4th Aug - Project Candy Low Bid - MJC,ES,11,EUR,2025,227353,0.3272%,0.15679,744,116.65,619.91,93
"=""amzn1.ads-account.g.9mvvwnjt2tsmdz08926vlb17a""",Portwest DE,,"=""184430825120105""",PAT Competitor - C733 (CY),DE,5,EUR,2025,62652,0.8842%,0.41240,554,228.47,2789.58,163
"=""amzn1.ads-account.g.9mvvwnjt2tsmdz08926vlb17a""",Portwest DE,,"=""44819252859905""",Manual Targeting - S999 (CY),DE,8,EUR,2025,13564,0.4129%,0.43393,56,24.30,77.26,4
"=""amzn1.ads-account.g.bak81x0kttgh0i1ah3ezzzu2m""",Portwest PL,,"=""442594519627299""",Bridging Promo 24 May - Project Candy Low Bid - MJC,PL,8,PLN,2025,14014,0.0999%,0.47357,14,6.63,0.00,0
"=""amzn1.ads-account.g.1pajz8jo9dcmlcw2654w4ynhd""",Portwest Australia,,"=""68131641215038""",Display Ads Converting S440,AU,3,AUD,2026,0,,,0,0.00,0.00,0
"=""amzn1.ads-account.g.1pajz8jo9dcmlcw2654w4ynhd""",Portwest Australia,,"=""127908567131055""",Auto All Low Bid MJC,AU,6,AUD,2026,198033,0.2454%,0.21979,486,106.82,1017.95,36
"=""amzn1.ads-account.g.8os9jbxe8uolgs0z0ka9qua0q""",Portwest ES,,"=""412217386163037""",Auto Low Bid - Q4 2023 - MJC,ES,12,EUR,2025,133265,0.2491%,0.13343,332,44.30,557.17,25
"=""amzn1.ads-account.g.8os9jbxe8uolgs0z0ka9qua0q""",Portwest ES,,"=""480938456434366""",SP - UK Gap Products - Project Candy - Auto Low Bid - MJC,ES,5,EUR,2025,725676,0.3066%,0.13903,2225,309.35,3102.66,187
"=""amzn1.ads-account.g.6wubx539i9z2ina5h90v21w6e""",WWD - Workwear Depot,,"=""316861580179555""",Auto Low Bid April MJC 24,US,12,USD,2025,8100,0.2963%,0.22292,24,5.35,77.98,2
"=""amzn1.ads-account.g.9mvvwnjt2tsmdz08926vlb17a""",Portwest DE,,"=""145924525357081""",Droppers - Auto Low Bid - MJC,DE,3,EUR,2026,68809,0.4462%,0.16521,307,50.72,652.77,45
"=""amzn1.ads-account.g.6wubx539i9z2ina5h90v21w6e""",WWD - Workwear Depot,,"=""455322468550172""",SP - Catch All B2B - All Live Product - with Multi - MJC,US,11,USD,2025,9310,0.6122%,0.54421,57,31.02,1414.72,15
"=""amzn1.ads-account.g.9zovk6zrqsgpaj8x2od1sbl53""",Portwest - BE BISS - (Pan-EU),,"=""289395542376704""",Bridging Promo 24 May - Project Candy Low Bid - MJC,BE,8,EUR,2025,623,0.3210%,0.17000,2,0.34,128.89,2
"=""amzn1.ads-account.g.1pajz8jo9dcmlcw2654w4ynhd""",Portwest Australia,,"=""371634636717287""",Manual Profit Expand BRD PHR Low Bid - Q2 2024 - MJC,AU,12,AUD,2025,20603,0.3931%,0.25469,81,20.63,147.37,8
"=""amzn1.ads-account.g.betoci5lb82z6jole1u6tt780""",Portwest FR,,"=""560822063068179""",Manual Profit EXT Low Bid - December 2023 - MJC,FR,6,EUR,2025,28264,0.4458%,0.14484,126,18.25,536.25,30
"=""amzn1.ads-account.g.6wubx539i9z2ina5h90v21w6e""",WWD - Workwear Depot,,"=""123049042264341""",Portwest + Style Code - Manual EXACT - MJC,US,2,USD,2025,390,6.1538%,0.30792,24,7.39,378.18,11
"=""amzn1.ads-account.g.1pajz8jo9dcmlcw2654w4ynhd""",Portwest Australia,,"=""355925356602496""","Core Keywords, Close Match EXT - Suggested Bid - AH",AU,8,AUD,2025,11966,0.9360%,0.35027,112,39.23,396.23,19
"=""amzn1.ads-account.g.6wubx539i9z2ina5h90v21w6e""",WWD - Workwear Depot,,"=""353455736089883""",SP - Project Candy Low Bid - Winning Terms - Profit - EXT - MJC,US,4,USD,2026,15507,0.4643%,0.23958,72,17.25,53.98,2
"=""amzn1.ads-account.g.betoci5lb82z6jole1u6tt780""",Portwest FR,,"=""408313467426953""",Store Spotlight SB FR (Homepage) - SD,FR,8,EUR,2025,1558040,0.0612%,0.15350,953,146.29,252.06,15
"=""amzn1.ads-account.g.1pajz8jo9dcmlcw2654w4ynhd""",Portwest Australia,,"=""108617369848228""",Display Ads Converting FW90,AU,7,AUD,2025,457,2.1882%,0.02000,10,0.20,0.00,0
"=""amzn1.ads-account.g.6wubx539i9z2ina5h90v21w6e""",WWD - Workwear Depot,,"=""316861580179555""",Auto Low Bid April MJC 24,US,8,USD,2025,9107,0.3404%,0.24065,31,7.46,0.00,0
"=""amzn1.ads-account.g.5dfl8rvx53v3cuqmb1snnubcf""",Portwest NL,,"=""485435109277305""",Home and Garden 2025 - Project Candy - Auto Low Bid - MJC,NL,7,EUR,2025,20679,0.2998%,0.10484,62,6.50,49.47,2
"=""amzn1.ads-account.g.6wubx539i9z2ina5h90v21w6e""",WWD - Workwear Depot,,"=""389985294556058""",SP - Project Candy Low Bid - Active Seller List (From SD) - Sep 2025 - MJC,UK,7,GBP,2026,38346,0.6806%,0.14433,261,37.67,460.03,13
"=""amzn1.ads-account.g.1pajz8jo9dcmlcw2654w4ynhd""",Portwest Australia,,"=""29521114214144""",Display Ads Convering TK50,AU,6,AUD,2026,2,0.0000%,,0,0.00,0.00,0
"=""amzn1.ads-account.g.1pajz8jo9dcmlcw2654w4ynhd""",Portwest Australia,,"=""519485767745737""",Keyword Research Low Bid - BRD PHR - AH,AU,3,AUD,2025,118902,0.6913%,0.44955,822,369.53,2280.34,99
"=""amzn1.ads-account.g.1pajz8jo9dcmlcw2654w4ynhd""",Portwest Australia,,"=""327823251042498""",Display Ads Converting SP AH,AU,4,AUD,2026,28744,0.1496%,0.61256,43,26.34,334.88,8
"=""amzn1.ads-account.g.9zovk6zrqsgpaj8x2od1sbl53""",Portwest - BE BISS - (Pan-EU),,"=""344800929956085""",Auto All - EURO Expansion 4 - Campaign A - MJC,BE,5,EUR,2025,58002,0.8034%,0.10376,466,48.35,1312.70,80
"=""amzn1.ads-account.g.8os9jbxe8uolgs0z0ka9qua0q""",Portwest ES,,"=""195522116641065""",Droppers - Auto Low Bid - MJC,ES,4,EUR,2026,31739,0.4033%,0.09727,128,12.45,401.75,36
"=""amzn1.ads-account.g.1pajz8jo9dcmlcw2654w4ynhd""",Portwest Australia,,"=""533603650852527""",Keyword Research Low Bid - BRD PHR - SD,AU,9,AUD,2026,42667,0.4266%,0.46319,182,84.30,869.01,23
"=""amzn1.ads-account.g.7qon60b3itwr4fzatg0h6r5fv""",Portwest IT,,"=""110783796402197""",Droppers - Auto Low Bid - MJC,IT,3,EUR,2026,42704,0.4800%,0.13029,205,26.71,235.01,9
"=""amzn1.ads-account.g.1pajz8jo9dcmlcw2654w4ynhd""",Portwest Australia,,"=""56584912532417""",Converting from Other Channels - MJC,AU,2,AUD,2026,603,0.0000%,,0,0.00,0.00,0
"=""amzn1.ads-account.g.95u2ty2xhpic90diqqwzt6a2s""",Portwest USA,,"=""309711536950673""",Auto Low Bid - Vendor Push April 2024 - MJC,US,9,USD,2026,8109,1.2702%,0.26592,103,27.39,361.86,14
"=""amzn1.ads-account.g.95u2ty2xhpic90diqqwzt6a2s""",Portwest USA,,"=""435667212887349""",Profit Expand Group 2 - Low Bid BRD & PHR - JC,US,4,USD,2025,59865,0.6214%,0.30164,372,112.21,1271.62,60
"=""amzn1.ads-account.g.9zovk6zrqsgpaj8x2od1sbl53""",Portwest - BE BISS - (Pan-EU),,"=""289395542376704""",Bridging Promo 24 May - Project Candy Low Bid - MJC,BE,6,EUR,2025,619,0.6462%,0.10750,4,0.43,0.00,0
"=""amzn1.ads-account.g.betoci5lb82z6jole1u6tt780""",Portwest FR,,"=""560822063068179""",Manual Profit EXT Low Bid - December 2023 - MJC,FR,12,EUR,2025,44795,0.4688%,0.14076,210,29.56,475.85,31
"=""amzn1.ads-account.g.6wubx539i9z2ina5h90v21w6e""",WWD - Workwear Depot,,"=""344804552113751""",SP - Black Friday - MC,US,6,USD,2026,7472,1.9138%,0.25364,143,36.27,130.00,1
"=""amzn1.ads-account.g.1pajz8jo9dcmlcw2654w4ynhd""",Portwest Australia,,"=""371634636717287""",Manual Profit Expand BRD PHR Low Bid - Q2 2024 - MJC,AU,7,AUD,2025,25622,0.6089%,0.21295,156,33.22,179.19,14
"=""amzn1.ads-account.g.6wubx539i9z2ina5h90v21w6e""",WWD - Workwear Depot,,"=""129758628454478""",UH440 - Auto - May 2023,US,5,USD,2025,13518,0.6214%,0.62083,84,52.15,328.44,8
"=""amzn1.ads-account.g.betoci5lb82z6jole1u6tt780""",Portwest FR,,"=""560822063068179""",Manual Profit EXT Low Bid - December 2023 - MJC,FR,3,EUR,2026,38816,0.3143%,0.13885,122,16.94,198.02,12
"=""amzn1.ads-account.g.8os9jbxe8uolgs0z0ka9qua0q""",Portwest ES,,"=""466433429362650""",Keyword Research Low Bid (Top Sellers) - BRD PHR - SD,ES,9,EUR,2026,65432,0.2782%,0.15280,182,27.81,356.21,30
"=""amzn1.ads-account.g.1pajz8jo9dcmlcw2654w4ynhd""",Portwest Australia,,"=""74703476074231""",Profit PAT MJC,AU,8,AUD,2025,6474,1.2512%,0.23370,81,18.93,275.72,9
"=""amzn1.ads-account.g.8os9jbxe8uolgs0z0ka9qua0q""",Portwest ES,,"=""547962426196207""",Auto Low Bid - Q1 2024 - Feb Deals - MJC,ES,1,EUR,2025,1210666,0.2344%,0.14162,2838,401.93,4598.68,155
"=""amzn1.ads-account.g.bak81x0kttgh0i1ah3ezzzu2m""",Portwest PL,,"=""457018929654451""",Auto All - EURO Expansion 4 - Campaign B - MJC,PL,3,PLN,2026,340351,0.1869%,0.43671,636,277.75,636.48,18
"=""amzn1.ads-account.g.9mvvwnjt2tsmdz08926vlb17a""",Portwest DE,,"=""505347070762714""",SP - Project Candy - Bridging Promo - 22 Sep 2025 - Auto Low Bid - MJC,DE,12,EUR,2025,113108,0.2343%,0.17366,265,46.02,235.55,9
"=""amzn1.ads-account.g.8os9jbxe8uolgs0z0ka9qua0q""",Portwest ES,,"=""468167772243698""",Home and Garden 2025 - Project Candy - Auto Low Bid - MJC,ES,11,EUR,2025,1520665,0.2381%,0.14126,3621,511.49,2382.31,148
"=""amzn1.ads-account.g.5dfl8rvx53v3cuqmb1snnubcf""",Portwest NL,,"=""360807979703590""",Auto Low Bid - Q4 2023 - MJC,NL,1,EUR,2026,20591,0.3788%,0.08897,78,6.94,100.30,5
"=""amzn1.ads-account.g.1pajz8jo9dcmlcw2654w4ynhd""",Portwest Australia,,"=""413015514693012""",New Respirator Masks - PAT (From Aoife) - MJC,AU,9,AUD,2025,59,0.0000%,,0,0.00,0.00,0
"=""amzn1.ads-account.g.1pajz8jo9dcmlcw2654w4ynhd""",Portwest Australia,,"=""257891712755572""",Profit MJC,AU,5,AUD,2026,10483,0.8776%,0.81446,92,74.93,699.50,22
"=""amzn1.ads-account.g.betoci5lb82z6jole1u6tt780""",Portwest FR,,"=""456555263277852""",Keyword Research Low Bid (New Selection) - BRD PHR - SD,FR,7,EUR,2026,222907,0.3235%,0.17682,721,127.49,2340.88,167
"=""amzn1.ads-account.g.95u2ty2xhpic90diqqwzt6a2s""",Portwest USA,,"=""303569566619173""",High ROAS Top Styles - Medium bid Oct 2024 - JC,US,9,USD,2026,2097,0.1907%,0.75000,4,3.00,0.00,0
"=""amzn1.ads-account.g.bak81x0kttgh0i1ah3ezzzu2m""",Portwest PL,,"=""442163708910699""",Auto All - EURO Expansion 4 - Campaign A - MJC,PL,4,PLN,2025,165113,0.1369%,0.30757,226,69.51,386.17,7
"=""amzn1.ads-account.g.8os9jbxe8uolgs0z0ka9qua0q""",Portwest ES,,"=""470198564047574""",SP - PRIME DAY - Project Candy Low Bid with Multi,ES,9,EUR,2026,56769,0.2995%,0.15835,170,26.92,456.50,17
"=""amzn1.ads-account.g.1pajz8jo9dcmlcw2654w4ynhd""",Portwest Australia,,"=""480370204072590""",PAT Profit Low Bid - Q2 2024 - MJC,AU,7,AUD,2025,5560,1.3849%,0.25260,77,19.45,235.08,9
"=""amzn1.ads-account.g.1pajz8jo9dcmlcw2654w4ynhd""",Portwest Australia,,"=""110488081452028""",SP - Prime Day Selection Low Bid - SD,AU,8,AUD,2026,124453,0.7320%,0.20926,911,190.64,2603.03,126
"=""amzn1.ads-account.g.9zovk6zrqsgpaj8x2od1sbl53""",Portwest - BE BISS - (Pan-EU),,"=""501480875972186""",SP - Project Candy Auto Low Bid - Bridging Promo - 22 Sep - MJC,BE,10,EUR,2025,134,0.7463%,0.12000,1,0.12,0.00,0
"=""amzn1.ads-account.g.7qon60b3itwr4fzatg0h6r5fv""",Portwest IT,,"=""110783796402197""",Droppers - Auto Low Bid - MJC,IT,8,EUR,2026,28288,0.3182%,0.12622,90,11.36,115.39,5
"=""amzn1.ads-account.g.5dfl8rvx53v3cuqmb1snnubcf""",Portwest NL,,"=""299998930456663""",SP - PBDD - Project Candy Low Bid - MJC,NL,3,EUR,2026,1419,0.6342%,0.14111,9,1.27,9.46,1
"=""amzn1.ads-account.g.9zovk6zrqsgpaj8x2od1sbl53""",Portwest - BE BISS - (Pan-EU),,"=""505560042434740""",Growers (From UK) - Auto Low Bid - MJC,BE,1,EUR,2025,2430,1.1523%,0.11607,28,3.25,216.64,11
"=""amzn1.ads-account.g.9mvvwnjt2tsmdz08926vlb17a""",Portwest DE,,"=""234439264649803""",PAT Competitor - S999 (CY),DE,9,EUR,2025,3640,0.5220%,0.55684,19,10.58,20.58,1
"=""amzn1.ads-account.g.95u2ty2xhpic90diqqwzt6a2s""",Portwest USA,,"=""449935138966310""",Project Candy V3 - Top 100 (May 2025) - Auto Low Bid with Multi - MJC,US,9,USD,2025,842445,0.7097%,0.37023,5979,2213.62,11893.44,484
"=""amzn1.ads-account.g.1pajz8jo9dcmlcw2654w4ynhd""",Portwest Australia,,"=""411010298200586""",Store Spotlight SB - SD,AU,10,AUD,2025,513940,0.0913%,0.18652,469,87.48,1681.99,54
"=""amzn1.ads-account.g.9mvvwnjt2tsmdz08926vlb17a""",Portwest DE,,"=""44819252859905""",Manual Targeting - S999 (CY),DE,9,EUR,2025,9176,0.6212%,0.47175,57,26.89,109.50,3
"=""amzn1.ads-account.g.6wubx539i9z2ina5h90v21w6e""",WWD - Workwear Depot,,"=""349831502064744""",SP - Project Candy Low Bid - Seller Focus Styles - MJC,US,2,USD,2026,325160,0.6987%,0.21947,2272,498.64,3466.42,55
"=""amzn1.ads-account.g.bak81x0kttgh0i1ah3ezzzu2m""",Portwest PL,,"=""399671753980737""",Growers (From UK) - Auto Low Bid - MJC,PL,11,PLN,2025,11549,0.2251%,0.25269,26,6.57,0.00,0
"=""amzn1.ads-account.g.9zovk6zrqsgpaj8x2od1sbl53""",Portwest - BE BISS - (Pan-EU),,"=""377546417761236""",Auto All - EURO Expansion 4 - Campaign B - MJC,BE,11,EUR,2025,168972,0.9191%,0.10063,1553,156.28,2959.82,203
"=""amzn1.ads-account.g.9mvvwnjt2tsmdz08926vlb17a""",Portwest DE,,"=""309290485231754""",Display Ads Converting SP SD,DE,1,EUR,2025,82037,0.0768%,0.49333,63,31.08,323.88,14
"=""amzn1.ads-account.g.betoci5lb82z6jole1u6tt780""",Portwest FR,,"=""252762940742890""",SP - Amazon Business Project Candy - Missing Styles June 2026 - Low Bid - MJC (B),FR,9,EUR,2026,30664,0.1631%,0.27860,50,13.93,58.77,11
"=""amzn1.ads-account.g.1pajz8jo9dcmlcw2654w4ynhd""",Portwest Australia,,"=""296844823415113""",C734_Auto_Low_Bid_AH Copy 1,AU,9,AUD,2026,3,0.0000%,,0,0.00,0.00,0
"=""amzn1.ads-account.g.6wubx539i9z2ina5h90v21w6e""",WWD - Workwear Depot,,"=""316861580179555""",Auto Low Bid April MJC 24,US,5,USD,2025,6164,0.4218%,0.24154,26,6.28,0.00,0
"=""amzn1.ads-account.g.95u2ty2xhpic90diqqwzt6a2s""",Portwest USA,,"=""390173334565299""",High ROAS US440 - Medium bid Oct 2024 - JC,US,4,USD,2025,2215,1.9865%,0.69341,44,30.51,12.45,1
"=""amzn1.ads-account.g.1pajz8jo9dcmlcw2654w4ynhd""",Portwest Australia,,"=""534285577334243""",Project Candy V3 - Top 100 (May 2025) - Auto Low Bid with Multi - MJC,AU,5,AUD,2026,251002,0.7522%,0.41084,1888,775.67,9357.26,449
"=""amzn1.ads-account.g.1pajz8jo9dcmlcw2654w4ynhd""",Portwest Australia,,"=""519485767745737""",Keyword Research Low Bid - BRD PHR - AH,AU,9,AUD,2025,70869,0.6068%,0.41619,430,178.96,1622.05,47
"=""amzn1.ads-account.g.1pajz8jo9dcmlcw2654w4ynhd""",Portwest Australia,,"=""533603650852527""",Keyword Research Low Bid - BRD PHR - SD,AU,7,AUD,2025,201386,0.3982%,0.39637,802,317.89,3304.46,141
"=""amzn1.ads-account.g.1pajz8jo9dcmlcw2654w4ynhd""",Portwest Australia,,"=""108617369848228""",Display Ads Converting FW90,AU,9,AUD,2025,78,0.0000%,,0,0.00,0.00,0
"=""amzn1.ads-account.g.8os9jbxe8uolgs0z0ka9qua0q""",Portwest ES,,"=""466433429362650""",Keyword Research Low Bid (Top Sellers) - BRD PHR - SD,ES,9,EUR,2025,1336403,0.1065%,0.17689,1423,251.71,2344.01,138
"=""amzn1.ads-account.g.bak81x0kttgh0i1ah3ezzzu2m""",Portwest PL,,"=""457018929654451""",Auto All - EURO Expansion 4 - Campaign B - MJC,PL,7,PLN,2026,6829,0.1611%,0.33182,11,3.65,0.00,0
"=""amzn1.ads-account.g.6wubx539i9z2ina5h90v21w6e""",WWD - Workwear Depot,,"=""278469250312380""",A - Auto Low Bid - May 2023 - MJC,US,5,USD,2025,1813,0.1655%,0.18000,3,0.54,6.79,1
"=""amzn1.ads-account.g.8os9jbxe8uolgs0z0ka9qua0q""",Portwest ES,,"=""204794077297538""",Base - Top 10 Sellers - Auto Low Bid - MJC,ES,4,EUR,2026,12291,0.5207%,0.17953,64,11.49,165.12,2
"=""amzn1.ads-account.g.1pajz8jo9dcmlcw2654w4ynhd""",Portwest Australia,,"=""328813373672013""",Aoife Keyword Res - Manual EXT - MJC 24,AU,9,AUD,2025,11100,0.2162%,0.46750,24,11.22,0.00,0
"=""amzn1.ads-account.g.1pajz8jo9dcmlcw2654w4ynhd""",Portwest Australia,,"=""476491807026648""",2852 - Top Seller - Auto Low Bid - MJC,AU,2,AUD,2026,1727,0.4632%,0.40375,8,3.23,95.31,3
"=""amzn1.ads-account.g.1pajz8jo9dcmlcw2654w4ynhd""",Portwest Australia,,"=""463416327324191""",Growers - Auto Low Bid - MJC,AU,8,AUD,2026,4273,0.4915%,0.47238,21,9.92,130.79,4
"=""amzn1.ads-account.g.9mvvwnjt2tsmdz08926vlb17a""",Portwest DE,,"=""358197710343541""",Project Candy - Converting EXT - 20240711,DE,3,EUR,2026,43727,0.4094%,0.23944,179,42.86,557.64,34
"=""amzn1.ads-account.g.6wubx539i9z2ina5h90v21w6e""",WWD - Workwear Depot,,"=""344804552113751""",SP - Black Friday - MC,US,7,USD,2026,2568,2.2586%,0.31052,58,18.01,34.00,1
"=""amzn1.ads-account.g.95u2ty2xhpic90diqqwzt6a2s""",Portwest USA,,"=""409985325957400""",PAT Profit Style group 3 - Low bid Sep 204 - JC,US,3,USD,2025,17938,0.6411%,0.28191,115,32.42,112.40,6
"=""amzn1.ads-account.g.95u2ty2xhpic90diqqwzt6a2s""",Portwest USA,,"=""541135041482838""",Vendor Auto Low Bid - Focus Ranges - Nov 2023 - MJC,US,6,USD,2025,12657,0.8059%,0.23775,102,24.25,707.82,16
"=""amzn1.ads-account.g.betoci5lb82z6jole1u6tt780""",Portwest FR,,"=""560822063068179""",Manual Profit EXT Low Bid - December 2023 - MJC,FR,8,EUR,2025,10754,0.6323%,0.14221,68,9.67,240.25,15
"=""amzn1.ads-account.g.95u2ty2xhpic90diqqwzt6a2s""",Portwest USA,,"=""371243070537578""","Style Specific - UH447 - Core Keywords, Close Match EXT - Suggested Bid - MJC",US,2,USD,2025,168,0.5952%,1.06000,1,1.06,0.00,0
"=""amzn1.ads-account.g.9mvvwnjt2tsmdz08926vlb17a""",Portwest DE,,"=""561617050692541""",Auto Low Bid - Q4 2023 - MJC,DE,5,EUR,2025,386053,0.3598%,0.20880,1389,290.02,3680.17,159
"=""amzn1.ads-account.g.95u2ty2xhpic90diqqwzt6a2s""",Portwest USA,,"=""290980976603020""",Auto Low Bid - BTR Push August 2024 - JC,US,3,USD,2025,402,0.0000%,,0,0.00,0.00,0
"=""amzn1.ads-account.g.9zovk6zrqsgpaj8x2od1sbl53""",Portwest - BE BISS - (Pan-EU),,"=""501480875972186""",SP - Project Candy Auto Low Bid - Bridging Promo - 22 Sep - MJC,BE,12,EUR,2025,298,0.3356%,0.09000,1,0.09,0.00,0
"=""amzn1.ads-account.g.1pajz8jo9dcmlcw2654w4ynhd""",Portwest Australia,,"=""328813373672013""",Aoife Keyword Res - Manual EXT - MJC 24,AU,2,AUD,2025,9282,0.3340%,0.36581,31,11.34,63.55,5
"=""amzn1.ads-account.g.6wubx539i9z2ina5h90v21w6e""",WWD - Workwear Depot,,"=""129758628454478""",UH440 - Auto - May 2023,US,8,USD,2025,24143,0.3106%,0.60413,75,45.31,148.93,6
"=""amzn1.ads-account.g.bak81x0kttgh0i1ah3ezzzu2m""",Portwest PL,,"=""498483964951140""",Auto Low Bid - Q1 2024 - Feb Deals - MJC,PL,6,PLN,2025,1026,0.3899%,0.11750,4,0.47,0.00,0
"=""amzn1.ads-account.g.8os9jbxe8uolgs0z0ka9qua0q""",Portwest ES,,"=""480938456434366""",SP - UK Gap Products - Project Candy - Auto Low Bid - MJC,ES,9,EUR,2026,80847,0.4638%,0.14941,375,56.03,630.72,36
"=""amzn1.ads-account.g.bak81x0kttgh0i1ah3ezzzu2m""",Portwest PL,,"=""399671753980737""",Growers (From UK) - Auto Low Bid - MJC,PL,1,PLN,2026,15692,0.2485%,0.30667,39,11.96,0.00,0
"=""amzn1.ads-account.g.8os9jbxe8uolgs0z0ka9qua0q""",Portwest ES,,"=""468167772243698""",Home and Garden 2025 - Project Candy - Auto Low Bid - MJC,ES,7,EUR,2026,119799,0.3656%,0.13874,438,60.77,670.17,27
"=""amzn1.ads-account.g.8os9jbxe8uolgs0z0ka9qua0q""",Portwest ES,,"=""311119177054404""",SP - PBDD - Project Candy Low Bid - MJC,ES,9,EUR,2026,108441,0.5090%,0.14832,552,81.87,975.33,77
"=""amzn1.ads-account.g.95u2ty2xhpic90diqqwzt6a2s""",Portwest USA,,"=""309711536950673""",Auto Low Bid - Vendor Push April 2024 - MJC,US,3,USD,2025,340336,0.2245%,0.25151,764,192.15,1929.46,92
"=""amzn1.ads-account.g.9mvvwnjt2tsmdz08926vlb17a""",Portwest DE,,"=""484663444651191""",Keyword Research Low Bid - BRD PHR - SD,DE,7,EUR,2025,918874,0.3021%,0.23891,2776,663.22,7404.23,472
"=""amzn1.ads-account.g.8os9jbxe8uolgs0z0ka9qua0q""",Portwest ES,,"=""195522116641065""",Droppers - Auto Low Bid - MJC,ES,4,EUR,2025,228831,0.3452%,0.16187,790,127.88,1403.12,93
"=""amzn1.ads-account.g.95u2ty2xhpic90diqqwzt6a2s""",Portwest USA,,"=""309711536950673""",Auto Low Bid - Vendor Push April 2024 - MJC,US,8,USD,2025,37790,1.1379%,0.26098,430,112.22,1186.12,57
"=""amzn1.ads-account.g.bak81x0kttgh0i1ah3ezzzu2m""",Portwest PL,,"=""470065526594997""",SP - Project Candy - Bridging Promo - 5 Sep 2025 - Auto Low Bid - MJC,PL,11,PLN,2025,4679,0.3206%,0.46933,15,7.04,0.00,0
"=""amzn1.ads-account.g.1pajz8jo9dcmlcw2654w4ynhd""",Portwest Australia,,"=""519485767745737""",Keyword Research Low Bid - BRD PHR - AH,AU,4,AUD,2026,34333,0.7107%,0.52254,244,127.50,1420.30,34
"=""amzn1.ads-account.g.6wubx539i9z2ina5h90v21w6e""",WWD - Workwear Depot,,"=""317606326104162""",Auto Low Bid - Seller Push May 2024 - MJC,US,11,USD,2025,2314,0.5186%,0.23750,12,2.85,16.00,1
"=""amzn1.ads-account.g.8os9jbxe8uolgs0z0ka9qua0q""",Portwest ES,,"=""391149768868824""",Bridging Promo 17 May - Project Candy Low Bid - MJC,ES,9,EUR,2025,175747,0.1633%,0.17585,287,50.47,531.74,13
"=""amzn1.ads-account.g.5dfl8rvx53v3cuqmb1snnubcf""",Portwest NL,,"=""443819118758041""",Bridging Promo 24 May - Project Candy Low Bid - MJC,NL,10,EUR,2025,18792,0.2661%,0.10300,50,5.15,66.58,2
"=""amzn1.ads-account.g.1pajz8jo9dcmlcw2654w4ynhd""",Portwest Australia,,"=""519274833218421""",Facemasks - Keyword Res - All Match Types - MJC,AU,10,AUD,2025,21525,0.6365%,0.72380,137,99.16,664.11,45
"=""amzn1.ads-account.g.9mvvwnjt2tsmdz08926vlb17a""",Portwest DE,,"=""151460587266063""",PAT Competitor - H440 (CY),DE,7,EUR,2025,509,0.3929%,0.32500,2,0.65,0.00,0
"=""amzn1.ads-account.g.6wubx539i9z2ina5h90v21w6e""",WWD - Workwear Depot,,"=""403581243770082""",Focus Styles (Top Selling Seller) - Auto Low Bid June 2023 - MJC,US,7,USD,2026,198,1.0101%,0.25000,2,0.50,0.00,0
"=""amzn1.ads-account.g.betoci5lb82z6jole1u6tt780""",Portwest FR,,"=""481907341387279""",Home and Garden 2025 - Project Candy - Auto Low Bid - MJC,FR,9,EUR,2026,355320,0.4010%,0.14352,1425,204.52,4503.39,199
"=""amzn1.ads-account.g.95u2ty2xhpic90diqqwzt6a2s""",Portwest USA,,"=""520372994666385""",SP - VIP Keywords (July 2025) - EXT - Our Bid - MJC,US,8,USD,2025,455231,0.4448%,0.75709,2025,1533.10,6597.40,280
"=""amzn1.ads-account.g.8os9jbxe8uolgs0z0ka9qua0q""",Portwest ES,,"=""536026367346324""",Project Candy - Converting EXT - 20240711,ES,8,EUR,2026,18795,0.5108%,0.14490,96,13.91,27.31,4
"=""amzn1.ads-account.g.betoci5lb82z6jole1u6tt780""",Portwest FR,,"=""370127154989503""",Auto Low Bid - Q4 2023 - MJC,FR,6,EUR,2025,249284,0.3093%,0.15598,771,120.26,1742.99,78
"=""amzn1.ads-account.g.1pajz8jo9dcmlcw2654w4ynhd""",Portwest Australia,,"=""533603650852527""",Keyword Research Low Bid - BRD PHR - SD,AU,2,AUD,2026,103278,0.2217%,0.47659,229,109.14,963.95,27
"=""amzn1.ads-account.g.7qon60b3itwr4fzatg0h6r5fv""",Portwest IT,,"=""110783796402197""",Droppers - Auto Low Bid - MJC,IT,4,EUR,2026,26232,0.3965%,0.12577,104,13.08,265.81,11
"=""amzn1.ads-account.g.9mvvwnjt2tsmdz08926vlb17a""",Portwest DE,,"=""64675969377502""",SP - Amazon Business Project Candy - Missing Styles June 2026 - Low Bid - MJC (A),DE,7,EUR,2026,85253,0.1865%,0.30082,159,47.83,626.76,24
"=""amzn1.ads-account.g.5dfl8rvx53v3cuqmb1snnubcf""",Portwest NL,,"=""485435109277305""",Home and Garden 2025 - Project Candy - Auto Low Bid - MJC,NL,4,EUR,2026,10107,0.3265%,0.09970,33,3.29,33.02,1
"=""amzn1.ads-account.g.8os9jbxe8uolgs0z0ka9qua0q""",Portwest ES,,"=""547962426196207""",Auto Low Bid - Q1 2024 - Feb Deals - MJC,ES,2,EUR,2026,863214,0.2264%,0.13098,1954,255.94,1445.84,43
"=""amzn1.ads-account.g.95u2ty2xhpic90diqqwzt6a2s""",Portwest USA,,"=""545163286909922""",SP - Bridging Promo until 4th Aug - Project Candy Low Bid - MJC,US,7,USD,2025,4762,0.0210%,0.19000,1,0.19,0.00,0
"=""amzn1.ads-account.g.95u2ty2xhpic90diqqwzt6a2s""",Portwest USA,,"=""208932509891715""",SP - Relaunch June 2026 - Project Candy w Multi - MJC,US,9,USD,2026,29188,1.1237%,0.23936,328,78.51,553.71,15
"=""amzn1.ads-account.g.9mvvwnjt2tsmdz08926vlb17a""",Portwest DE,,"=""484663444651191""",Keyword Research Low Bid - BRD PHR - SD,DE,9,EUR,2025,1104291,0.4416%,0.23462,4877,1144.22,12434.45,766
"=""amzn1.ads-account.g.9zovk6zrqsgpaj8x2od1sbl53""",Portwest - BE BISS - (Pan-EU),,"=""457392713613897""",Droppers (From UK) - Auto Low Bid - MJC,BE,12,EUR,2025,7171,1.2272%,0.09557,88,8.41,284.78,21
"=""amzn1.ads-account.g.bak81x0kttgh0i1ah3ezzzu2m""",Portwest PL,,"=""442594519627299""",Bridging Promo 24 May - Project Candy Low Bid - MJC,PL,11,PLN,2025,22680,0.1764%,0.49200,40,19.68,0.00,0
"=""amzn1.ads-account.g.1pajz8jo9dcmlcw2654w4ynhd""",Portwest Australia,,"=""480370204072590""",PAT Profit Low Bid - Q2 2024 - MJC,AU,4,AUD,2025,3969,0.7307%,0.25000,29,7.25,119.93,5
"=""amzn1.ads-account.g.1pajz8jo9dcmlcw2654w4ynhd""",Portwest Australia,,"=""257891712755572""",Profit MJC,AU,6,AUD,2026,12804,0.8435%,0.89602,108,96.77,573.48,18
"=""amzn1.ads-account.g.95u2ty2xhpic90diqqwzt6a2s""",Portwest USA,,"=""378183114449311""",Store Spotlight SB - Oct 2024 - JC,US,2,USD,2025,101714,0.1760%,0.19201,179,34.37,331.56,13
"=""amzn1.ads-account.g.9mvvwnjt2tsmdz08926vlb17a""",Portwest DE,,"=""488971604344142""",Keyword Research Low Bid (New Selection) - BRD PHR - SD,DE,10,EUR,2025,602358,0.2381%,0.23652,1434,339.17,3702.88,141
"=""amzn1.ads-account.g.1pajz8jo9dcmlcw2654w4ynhd""",Portwest Australia,,"=""529658289585474""",May Promo - Project Candy - Auto Low Bid - MJC,AU,8,AUD,2026,41062,0.5796%,0.29828,238,70.99,1017.84,66
"=""amzn1.ads-account.g.1pajz8jo9dcmlcw2654w4ynhd""",Portwest Australia,,"=""188584067285470""",Display Ads Converting PW40,AU,5,AUD,2025,15,0.0000%,,0,0.00,0.00,0
"=""amzn1.ads-account.g.1pajz8jo9dcmlcw2654w4ynhd""",Portwest Australia,,"=""328813373672013""",Aoife Keyword Res - Manual EXT - MJC 24,AU,10,AUD,2025,18391,0.1794%,0.45606,33,15.05,49.23,2
"=""amzn1.ads-account.g.9zovk6zrqsgpaj8x2od1sbl53""",Portwest - BE BISS - (Pan-EU),,"=""457392713613897""",Droppers (From UK) - Auto Low Bid - MJC,BE,4,EUR,2026,5055,1.1276%,0.11596,57,6.61,181.01,11
"=""amzn1.ads-account.g.mxheehzl72t4l5it1hfsk6xz""",Portwest SE,,"=""523189388917025""",SP - Project Candy Auto Low Bid - Bridging Promo - 22 Sep - MJC,SE,8,SEK,2026,17876,0.2182%,1.12590,39,43.91,0.00,0
"=""amzn1.ads-account.g.6wubx539i9z2ina5h90v21w6e""",WWD - Workwear Depot,,"=""345431107373344""",SP - B2B Auto Low Bid - MC,US,1,USD,2026,7448,0.3625%,0.32519,27,8.78,48.98,1
"=""amzn1.ads-account.g.7qon60b3itwr4fzatg0h6r5fv""",Portwest IT,,"=""556865623922826""",Auto Low Bid - Q4 2023 - MJC,IT,5,EUR,2025,135254,0.2972%,0.14032,402,56.41,355.57,12
"=""amzn1.ads-account.g.6wubx539i9z2ina5h90v21w6e""",WWD - Workwear Depot,,"=""262860660370351""",B - Auto Low Bid - May 2023 - MJC,US,9,USD,2025,7485,0.0401%,0.21667,3,0.65,0.00,0
"=""amzn1.ads-account.g.95u2ty2xhpic90diqqwzt6a2s""",Portwest USA,,"=""435667212887349""",Profit Expand Group 2 - Low Bid BRD & PHR - JC,US,9,USD,2025,26639,0.6532%,0.29351,174,51.07,262.61,16
"=""amzn1.ads-account.g.bak81x0kttgh0i1ah3ezzzu2m""",Portwest PL,,"=""442594519627299""",Bridging Promo 24 May - Project Candy Low Bid - MJC,PL,10,PLN,2025,29351,0.0954%,0.31714,28,8.88,0.00,0
"=""amzn1.ads-account.g.1pajz8jo9dcmlcw2654w4ynhd""",Portwest Australia,,"=""96146253128422""",Display Ads Converting H441,AU,3,AUD,2025,6,0.0000%,,0,0.00,0.00,0
"=""amzn1.ads-account.g.9mvvwnjt2tsmdz08926vlb17a""",Portwest DE,,"=""448372766050370""",Bridging Promo 24 May - Project Candy Low Bid - MJC,DE,4,EUR,2026,179928,0.2457%,0.19482,442,86.11,591.45,20
"=""amzn1.ads-account.g.betoci5lb82z6jole1u6tt780""",Portwest FR,,"=""148284969926993""",Droppers - Auto Low Bid - MJC,FR,6,EUR,2025,400661,0.5401%,0.15301,2164,331.12,6562.43,360
"=""amzn1.ads-account.g.9mvvwnjt2tsmdz08926vlb17a""",Portwest DE,,"=""547494018872329""",Keyword Research Low Bid (Seasonal) - BRD PHR - SD,DE,5,EUR,2025,689448,0.2228%,0.24214,1536,371.92,3536.44,205
"=""amzn1.ads-account.g.6wubx539i9z2ina5h90v21w6e""",WWD - Workwear Depot,,"=""317606326104162""",Auto Low Bid - Seller Push May 2024 - MJC,US,5,USD,2025,2006,0.2991%,0.24333,6,1.46,0.00,0
"=""amzn1.ads-account.g.7qon60b3itwr4fzatg0h6r5fv""",Portwest IT,,"=""378274572618736""",SP - PBDD - Project Candy Low Bid - MJC,IT,4,EUR,2026,1092301,0.4300%,0.15373,4697,722.05,9244.07,563
"=""amzn1.ads-account.g.5dfl8rvx53v3cuqmb1snnubcf""",Portwest NL,,"=""492525007470072""",Auto All - EURO Expansion 4 - Campaign A - MJC,NL,12,EUR,2025,55846,0.5085%,0.05658,284,16.07,497.33,56
"=""amzn1.ads-account.g.betoci5lb82z6jole1u6tt780""",Portwest FR,,"=""293679770059445""",SP - UK Gap Products - Project Candy - Auto Low Bid - MJC,FR,9,EUR,2025,230082,0.3725%,0.13838,857,118.59,1796.41,92
"=""amzn1.ads-account.g.1pajz8jo9dcmlcw2654w4ynhd""",Portwest Australia,,"=""476491807026648""",2852 - Top Seller - Auto Low Bid - MJC,AU,1,AUD,2026,683,0.2928%,0.62500,2,1.25,36.77,2
"=""amzn1.ads-account.g.6wubx539i9z2ina5h90v21w6e""",WWD - Workwear Depot,,"=""322086947917851""",SP - Elbow Pads - PAT - Close Competitors - Sugg Bid - MJC,UK,3,GBP,2025,11850,2.0759%,0.82919,246,203.98,148.10,18
"=""amzn1.ads-account.g.1pajz8jo9dcmlcw2654w4ynhd""",Portwest Australia,,"=""74703476074231""",Profit PAT MJC,AU,9,AUD,2025,6081,1.0853%,0.33545,66,22.14,414.34,18
"=""amzn1.ads-account.g.6wubx539i9z2ina5h90v21w6e""",WWD - Workwear Depot,,"=""317606326104162""",Auto Low Bid - Seller Push May 2024 - MJC,US,9,USD,2025,713,0.4208%,0.18667,3,0.56,0.00,0
"=""amzn1.ads-account.g.7qon60b3itwr4fzatg0h6r5fv""",Portwest IT,,"=""394086876968340""",PAT Profit Style - Low bid EXT and EXP Oct 2024 - JC,IT,7,EUR,2025,187672,0.3725%,0.17858,699,124.83,894.23,49
"=""amzn1.ads-account.g.9mvvwnjt2tsmdz08926vlb17a""",Portwest DE,,"=""145924525357081""",Droppers - Auto Low Bid - MJC,DE,5,EUR,2026,115080,0.3120%,0.16894,359,60.65,581.05,39
"=""amzn1.ads-account.g.8os9jbxe8uolgs0z0ka9qua0q""",Portwest ES,,"=""552946921964248""",Bridging Promo 31 May - Project Candy Low Bid - MJC,ES,12,EUR,2025,36885,0.1871%,0.17623,69,12.16,113.10,6
"=""amzn1.ads-account.g.95u2ty2xhpic90diqqwzt6a2s""",Portwest USA,,"=""547236964747932""",Manual Profit EXT Low Bid - December 2023 - MJC,US,5,USD,2025,1412,0.4249%,0.25000,6,1.50,0.00,0
"=""amzn1.ads-account.g.1pajz8jo9dcmlcw2654w4ynhd""",Portwest Australia,,"=""211972647042468""",Profit Expand BRD & PHR - Low Bid - MJC,AU,5,AUD,2025,142652,0.4031%,0.23313,575,134.05,1391.74,67
"=""amzn1.ads-account.g.8os9jbxe8uolgs0z0ka9qua0q""",Portwest ES,,"=""311119177054404""",SP - PBDD - Project Candy Low Bid - MJC,ES,3,EUR,2026,1044087,0.3275%,0.14104,3419,482.21,5952.16,372
"=""amzn1.ads-account.g.9mvvwnjt2tsmdz08926vlb17a""",Portwest DE,,"=""191386157012832""",Growers - Auto Low Bid - MJC,DE,9,EUR,2025,213546,0.6022%,0.23340,1286,300.15,3393.65,178
"=""amzn1.ads-account.g.6wubx539i9z2ina5h90v21w6e""",WWD - Workwear Depot,,"=""367477579971086""",SP - Project Candy Low Bid - Converting Terms - Profit Expand - PHR - MJC,US,5,USD,2026,17383,0.5695%,0.20677,99,20.47,187.94,6
"=""amzn1.ads-account.g.95u2ty2xhpic90diqqwzt6a2s""",Portwest USA,,"=""345133918085337""",Keyword Research Low Bid - BRD PHR - JC,US,8,USD,2025,157862,0.2464%,0.22892,389,89.05,757.72,33
"=""amzn1.ads-account.g.6wubx539i9z2ina5h90v21w6e""",WWD - Workwear Depot,,"=""317606326104162""",Auto Low Bid - Seller Push May 2024 - MJC,US,6,USD,2025,1894,0.4752%,0.25000,9,2.25,0.00,0
"=""amzn1.ads-account.g.5dfl8rvx53v3cuqmb1snnubcf""",Portwest NL,,"=""392977465332326""",Growers (From UK) - Auto Low Bid - MJC,NL,8,EUR,2025,6608,0.5902%,0.06231,39,2.43,132.65,5
"=""amzn1.ads-account.g.mxheehzl72t4l5it1hfsk6xz""",Portwest SE,,"=""376936864967411""",Auto All - EURO Expansion 4 V2 - Campaign B - MJC,SE,8,SEK,2026,221106,0.3623%,1.10501,801,885.11,8038.66,53
"=""amzn1.ads-account.g.7qon60b3itwr4fzatg0h6r5fv""",Portwest IT,,"=""487996402016430""",SP - B2B Auto Low Bid - MC,IT,4,EUR,2026,829834,0.3171%,0.27618,2631,726.62,27359.41,1699
"=""amzn1.ads-account.g.6wubx539i9z2ina5h90v21w6e""",WWD - Workwear Depot,,"=""278469250312380""",A - Auto Low Bid - May 2023 - MJC,US,8,USD,2026,425,0.4706%,0.23500,2,0.47,0.00,0
"=""amzn1.ads-account.g.9mvvwnjt2tsmdz08926vlb17a""",Portwest DE,,"=""151460587266063""",PAT Competitor - H440 (CY),DE,11,EUR,2025,396,0.2525%,0.09000,1,0.09,0.00,0
"=""amzn1.ads-account.g.betoci5lb82z6jole1u6tt780""",Portwest FR,,"=""294745696953229""",Keyword Research Low Bid (Seasonal) - BRD PHR - SD,FR,4,EUR,2025,540556,0.3393%,0.21239,1834,389.52,5438.68,294
"=""amzn1.ads-account.g.95u2ty2xhpic90diqqwzt6a2s""",Portwest USA,,"=""309711536950673""",Auto Low Bid - Vendor Push April 2024 - MJC,US,6,USD,2025,29112,0.9481%,0.25315,276,69.87,1175.72,46
"=""amzn1.ads-account.g.9mvvwnjt2tsmdz08926vlb17a""",Portwest DE,,"=""365846807361792""",Home and Garden 2025 - Project Candy - Auto Low Bid - MJC,DE,2,EUR,2026,1191808,0.4211%,0.14780,5019,741.83,13332.79,551
"=""amzn1.ads-account.g.9zovk6zrqsgpaj8x2od1sbl53""",Portwest - BE BISS - (Pan-EU),,"=""505560042434740""",Growers (From UK) - Auto Low Bid - MJC,BE,7,EUR,2026,9163,0.9822%,0.10367,90,9.33,240.16,9
"=""amzn1.ads-account.g.95u2ty2xhpic90diqqwzt6a2s""",Portwest USA,,"=""309149749478686""",Portwest Brand Terms Only - JC,US,10,USD,2025,54268,0.0682%,0.85622,37,31.68,56.00,1
"=""amzn1.ads-account.g.95u2ty2xhpic90diqqwzt6a2s""",Portwest USA,,"=""310313949746032""",Growers - Auto Low Bid - MJC,US,12,USD,2025,0,,,0,0.00,0.00,0
"=""amzn1.ads-account.g.9zovk6zrqsgpaj8x2od1sbl53""",Portwest - BE BISS - (Pan-EU),,"=""505560042434740""",Growers (From UK) - Auto Low Bid - MJC,BE,4,EUR,2025,2792,1.3610%,0.09579,38,3.64,185.70,8
"=""amzn1.ads-account.g.1pajz8jo9dcmlcw2654w4ynhd""",Portwest Australia,,"=""274645847327056""",Display Ads Converting  FW95,AU,6,AUD,2026,5,0.0000%,,0,0.00,0.00,0
"=""amzn1.ads-account.g.9mvvwnjt2tsmdz08926vlb17a""",Portwest DE,,"=""165105723572633""",Auto Targeting - S999 (CY),DE,4,EUR,2025,15978,0.6133%,0.24306,98,23.82,215.70,8
"=""amzn1.ads-account.g.9mvvwnjt2tsmdz08926vlb17a""",Portwest DE,,"=""365846807361792""",Home and Garden 2025 - Project Candy - Auto Low Bid - MJC,DE,5,EUR,2025,1026171,0.2772%,0.14629,2845,416.19,5115.61,219
"=""amzn1.ads-account.g.8os9jbxe8uolgs0z0ka9qua0q""",Portwest ES,,"=""480938456434366""",SP - UK Gap Products - Project Candy - Auto Low Bid - MJC,ES,5,EUR,2026,747816,0.2644%,0.13409,1977,265.09,3055.59,168
"=""amzn1.ads-account.g.95u2ty2xhpic90diqqwzt6a2s""",Portwest USA,,"=""552636415923349""",Auto Low Bid - Vendor Push March 2024 - MJC,US,5,USD,2025,122035,0.1983%,0.23012,242,55.69,1983.52,33
"=""amzn1.ads-account.g.1pajz8jo9dcmlcw2654w4ynhd""",Portwest Australia,,"=""74703476074231""",Profit PAT MJC,AU,5,AUD,2026,4420,0.9050%,0.27750,40,11.10,438.59,10
"=""amzn1.ads-account.g.95u2ty2xhpic90diqqwzt6a2s""",Portwest USA,,"=""523654763196797""",Profit Expand Group 3 - Low Bid BRD & PHR - JC,US,3,USD,2025,205908,0.1729%,0.31916,356,113.62,1950.80,48
"=""amzn1.ads-account.g.9mvvwnjt2tsmdz08926vlb17a""",Portwest DE,,"=""447304808837659""",SP - PRIME DAY - Project Candy Low Bid with Multi,DE,9,EUR,2025,5690267,0.2769%,0.23694,15757,3733.44,38234.22,1833
"=""amzn1.ads-account.g.8os9jbxe8uolgs0z0ka9qua0q""",Portwest ES,,"=""204794077297538""",Base - Top 10 Sellers - Auto Low Bid - MJC,ES,12,EUR,2025,31090,0.3828%,0.17378,119,20.68,283.71,4
"=""amzn1.ads-account.g.mxheehzl72t4l5it1hfsk6xz""",Portwest SE,,"=""299122560843700""",SP - PBDD - Project Candy Low Bid - MJC,SE,1,SEK,2026,3262,0.3679%,1.26917,12,15.23,1113.74,4
"=""amzn1.ads-account.g.8os9jbxe8uolgs0z0ka9qua0q""",Portwest ES,,"=""429501537032320""",SP - Project Candy Auto Low Bid - Bridging Promo - 22 Sep - MJC,ES,10,EUR,2025,1387009,0.3859%,0.10450,5353,559.38,2160.59,154
"=""amzn1.ads-account.g.7qon60b3itwr4fzatg0h6r5fv""",Portwest IT,,"=""110783796402197""",Droppers - Auto Low Bid - MJC,IT,5,EUR,2026,41291,0.3487%,0.10931,144,15.74,298.46,13
"=""amzn1.ads-account.g.9mvvwnjt2tsmdz08926vlb17a""",Portwest DE,,"=""561617050692541""",Auto Low Bid - Q4 2023 - MJC,DE,3,EUR,2026,118989,0.3446%,0.16098,410,66.00,856.96,31
"=""amzn1.ads-account.g.betoci5lb82z6jole1u6tt780""",Portwest FR,,"=""512965080942787""",B2B SP Auto Low Bid - SD,FR,9,EUR,2026,303771,0.2897%,0.49941,880,439.48,11696.88,715
"=""amzn1.ads-account.g.5dfl8rvx53v3cuqmb1snnubcf""",Portwest NL,,"=""332773737266901""",Droppers (From UK) - Auto Low Bid - MJC,NL,7,EUR,2025,5471,0.5483%,0.05667,30,1.70,77.75,5
"=""amzn1.ads-account.g.9mvvwnjt2tsmdz08926vlb17a""",Portwest DE,,"=""52065936047090""",Droppers - Profit - MJC`,DE,9,EUR,2026,4148,0.6027%,0.20720,25,5.18,0.00,0
"=""amzn1.ads-account.g.1pajz8jo9dcmlcw2654w4ynhd""",Portwest Australia,,"=""534285577334243""",Project Candy V3 - Top 100 (May 2025) - Auto Low Bid with Multi - MJC,AU,6,AUD,2026,200495,0.8773%,0.41147,1759,723.77,8586.61,404
"=""amzn1.ads-account.g.95u2ty2xhpic90diqqwzt6a2s""",Portwest USA,,"=""457626057170726""",PAT Profit Top Styles - Exact - Oct 2024 - JC,US,6,USD,2025,2605,1.1516%,0.45400,30,13.62,162.24,4
"=""amzn1.ads-account.g.5dfl8rvx53v3cuqmb1snnubcf""",Portwest NL,,"=""299998930456663""",SP - PBDD - Project Candy Low Bid - MJC,NL,8,EUR,2026,42960,0.5261%,0.12248,226,27.68,362.76,21
"=""amzn1.ads-account.g.6wubx539i9z2ina5h90v21w6e""",WWD - Workwear Depot,,"=""157714611577244""",M - Auto Low Bid - May 2023 - MJC,US,7,USD,2026,51,3.9216%,0.25000,2,0.50,0.00,0
"=""amzn1.ads-account.g.betoci5lb82z6jole1u6tt780""",Portwest FR,,"=""201893153506278""",Droppers - Profit - MJC,FR,7,EUR,2025,1984,0.4536%,0.16556,9,1.49,11.36,1
"=""amzn1.ads-account.g.betoci5lb82z6jole1u6tt780""",Portwest FR,,"=""148284969926993""",Droppers - Auto Low Bid - MJC,FR,10,EUR,2025,203318,0.7997%,0.17883,1626,290.77,4847.39,355
"=""amzn1.ads-account.g.6wubx539i9z2ina5h90v21w6e""",WWD - Workwear Depot,,"=""316861580179555""",Auto Low Bid April MJC 24,US,9,USD,2026,71,0.0000%,,0,0.00,0.00,0
"=""amzn1.ads-account.g.7qon60b3itwr4fzatg0h6r5fv""",Portwest IT,,"=""465724007904797""",Home and Garden 2025 - Project Candy - Auto Low Bid - MJC,IT,8,EUR,2026,18110,0.3976%,0.13611,72,9.80,43.67,1
"=""amzn1.ads-account.g.9mvvwnjt2tsmdz08926vlb17a""",Portwest DE,,"=""561617050692541""",Auto Low Bid - Q4 2023 - MJC,DE,3,EUR,2025,646407,0.2560%,0.16903,1655,279.74,3459.32,152
"=""amzn1.ads-account.g.6wubx539i9z2ina5h90v21w6e""",WWD - Workwear Depot,,"=""344804552113751""",SP - Black Friday - MC,US,8,USD,2026,1581,2.4668%,0.36051,39,14.06,119.97,3
"=""amzn1.ads-account.g.bak81x0kttgh0i1ah3ezzzu2m""",Portwest PL,,"=""556011119851583""",SP - Project Candy - Bridging Promo - 22 Sep 2025 - Auto Low Bid - MJC,PL,12,PLN,2025,93,1.0753%,0.02000,1,0.02,0.00,0
"=""amzn1.ads-account.g.9zovk6zrqsgpaj8x2od1sbl53""",Portwest - BE BISS - (Pan-EU),,"=""501480875972186""",SP - Project Candy Auto Low Bid - Bridging Promo - 22 Sep - MJC,BE,2,EUR,2026,1467,0.8180%,0.08000,12,0.96,10.53,1
"=""amzn1.ads-account.g.6wubx539i9z2ina5h90v21w6e""",WWD - Workwear Depot,,"=""403581243770082""",Focus Styles (Top Selling Seller) - Auto Low Bid June 2023 - MJC,US,9,USD,2025,1052,0.0951%,0.43000,1,0.43,0.00,0
"=""amzn1.ads-account.g.9mvvwnjt2tsmdz08926vlb17a""",Portwest DE,,"=""488971604344142""",Keyword Research Low Bid (New Selection) - BRD PHR - SD,DE,4,EUR,2026,48157,0.5004%,0.22855,241,55.08,571.69,31
"=""amzn1.ads-account.g.5dfl8rvx53v3cuqmb1snnubcf""",Portwest NL,,"=""360807979703590""",Auto Low Bid - Q4 2023 - MJC,NL,7,EUR,2026,17514,0.1599%,0.10214,28,2.86,29.13,2
"=""amzn1.ads-account.g.bak81x0kttgh0i1ah3ezzzu2m""",Portwest PL,,"=""411231244404388""",Project Candy - Target Styles Q4 2024 - Auto Low Bid - MJC,PL,3,PLN,2025,17971,0.2003%,0.61583,36,22.17,30.06,1
"=""amzn1.ads-account.g.9mvvwnjt2tsmdz08926vlb17a""",Portwest DE,,"=""456161439841495""",Store Spotlight (DE) SB - Homepage - SD,DE,8,EUR,2025,186407,0.1030%,0.18359,192,35.25,589.55,16
"=""amzn1.ads-account.g.1pajz8jo9dcmlcw2654w4ynhd""",Portwest Australia,,"=""68131641215038""",Display Ads Converting S440,AU,2,AUD,2025,3,0.0000%,,0,0.00,0.00,0
"=""amzn1.ads-account.g.1pajz8jo9dcmlcw2654w4ynhd""",Portwest Australia,,"=""68131641215038""",Display Ads Converting S440,AU,3,AUD,2025,3,0.0000%,,0,0.00,0.00,0
"=""amzn1.ads-account.g.betoci5lb82z6jole1u6tt780""",Portwest FR,,"=""481907341387279""",Home and Garden 2025 - Project Candy - Auto Low Bid - MJC,FR,10,EUR,2025,394095,0.2276%,0.13014,897,116.74,1423.48,58
"=""amzn1.ads-account.g.95u2ty2xhpic90diqqwzt6a2s""",Portwest USA,,"=""541135041482838""",Vendor Auto Low Bid - Focus Ranges - Nov 2023 - MJC,US,8,USD,2026,49478,0.5639%,0.23358,279,65.17,694.82,37
"=""amzn1.ads-account.g.9mvvwnjt2tsmdz08926vlb17a""",Portwest DE,,"=""484663444651191""",Keyword Research Low Bid - BRD PHR - SD,DE,1,EUR,2025,991050,0.4630%,0.18894,4589,867.05,13898.24,560
"=""amzn1.ads-account.g.9mvvwnjt2tsmdz08926vlb17a""",Portwest DE,,"=""561617050692541""",Auto Low Bid - Q4 2023 - MJC,DE,8,EUR,2026,39160,0.4597%,0.18672,180,33.61,654.07,42
"=""amzn1.ads-account.g.9mvvwnjt2tsmdz08926vlb17a""",Portwest DE,,"=""312221393101516""",B2B SP Auto Low Bid - SD,DE,6,EUR,2026,766549,0.2953%,0.31205,2264,706.49,29341.11,2581
"=""amzn1.ads-account.g.betoci5lb82z6jole1u6tt780""",Portwest FR,,"=""481907341387279""",Home and Garden 2025 - Project Candy - Auto Low Bid - MJC,FR,7,EUR,2025,411644,0.3287%,0.13456,1353,182.06,2302.13,91
"=""amzn1.ads-account.g.5dfl8rvx53v3cuqmb1snnubcf""",Portwest NL,,"=""420604139575816""",SP - Project Candy - Bridging Promo - 22 Sep 2025 - Auto Low Bid - MJC,NL,6,EUR,2026,159769,0.3561%,0.11970,569,68.11,701.66,29
"=""amzn1.ads-account.g.7qon60b3itwr4fzatg0h6r5fv""",Portwest IT,,"=""370228643995043""",Project Candy - Converting EXT - 20240711,IT,4,EUR,2026,29453,0.2852%,0.11810,84,9.92,45.67,4
"=""amzn1.ads-account.g.95u2ty2xhpic90diqqwzt6a2s""",Portwest USA,,"=""303569566619173""",High ROAS Top Styles - Medium bid Oct 2024 - JC,US,7,USD,2026,27641,0.5101%,0.71085,141,100.23,387.54,21
"=""amzn1.ads-account.g.7qon60b3itwr4fzatg0h6r5fv""",Portwest IT,,"=""325147263942313""",Keyword Research Low Bid Group 2 - BRD PHR Oct 2024 - JC,IT,4,EUR,2025,323050,0.3216%,0.17533,1039,182.17,1117.79,73
"=""amzn1.ads-account.g.9zovk6zrqsgpaj8x2od1sbl53""",Portwest - BE BISS - (Pan-EU),,"=""344800929956085""",Auto All - EURO Expansion 4 - Campaign A - MJC,BE,1,EUR,2026,95255,0.9711%,0.10922,925,101.03,1771.56,160
"=""amzn1.ads-account.g.betoci5lb82z6jole1u6tt780""",Portwest FR,,"=""456555263277852""",Keyword Research Low Bid (New Selection) - BRD PHR - SD,FR,4,EUR,2026,198998,0.3578%,0.17083,712,121.63,1555.28,115
"=""amzn1.ads-account.g.9mvvwnjt2tsmdz08926vlb17a""",Portwest DE,,"=""524187804468115""",Store Spotlight SB DE (2) - SD,DE,9,EUR,2025,979579,0.0288%,0.16309,282,45.99,219.88,6
"=""amzn1.ads-account.g.9mvvwnjt2tsmdz08926vlb17a""",Portwest DE,,"=""55994507565416""",Auto Campaign - C733 (CY),DE,2,EUR,2025,11617,0.0861%,0.54000,10,5.40,19.57,1
"=""amzn1.ads-account.g.1pajz8jo9dcmlcw2654w4ynhd""",Portwest Australia,,"=""413015514693012""",New Respirator Masks - PAT (From Aoife) - MJC,AU,8,AUD,2025,48,0.0000%,,0,0.00,0.00,0
"=""amzn1.ads-account.g.betoci5lb82z6jole1u6tt780""",Portwest FR,,"=""201893153506278""",Droppers - Profit - MJC,FR,7,EUR,2026,2319,0.6468%,0.15267,15,2.29,87.37,9
"=""amzn1.ads-account.g.8os9jbxe8uolgs0z0ka9qua0q""",Portwest ES,,"=""311119177054404""",SP - PBDD - Project Candy Low Bid - MJC,ES,4,EUR,2026,743434,0.3079%,0.13821,2289,316.37,2991.72,224
"=""amzn1.ads-account.g.1pajz8jo9dcmlcw2654w4ynhd""",Portwest Australia,,"=""56584912532417""",Converting from Other Channels - MJC,AU,6,AUD,2025,2610,0.1533%,0.65500,4,2.62,18.20,1
"=""amzn1.ads-account.g.betoci5lb82z6jole1u6tt780""",Portwest FR,,"=""560822063068179""",Manual Profit EXT Low Bid - December 2023 - MJC,FR,2,EUR,2026,42448,0.6172%,0.13668,262,35.81,1064.19,57
"=""amzn1.ads-account.g.8os9jbxe8uolgs0z0ka9qua0q""",Portwest ES,,"=""547962426196207""",Auto Low Bid - Q1 2024 - Feb Deals - MJC,ES,4,EUR,2026,471036,0.2335%,0.13245,1100,145.70,1443.23,38
"=""amzn1.ads-account.g.9mvvwnjt2tsmdz08926vlb17a""",Portwest DE,,"=""368937778983831""",Manual Profit EXT Low Bid - December 2023 - MJC,DE,3,EUR,2025,25255,0.4078%,0.15951,103,16.43,562.21,31
"=""amzn1.ads-account.g.mxheehzl72t4l5it1hfsk6xz""",Portwest SE,,"=""299122560843700""",SP - PBDD - Project Candy Low Bid - MJC,SE,5,SEK,2026,5437,1.2691%,1.13275,69,78.16,4243.30,15
"=""amzn1.ads-account.g.betoci5lb82z6jole1u6tt780""",Portwest FR,,"=""370127154989503""",Auto Low Bid - Q4 2023 - MJC,FR,2,EUR,2025,605322,0.3216%,0.15034,1947,292.71,3286.27,122
"=""amzn1.ads-account.g.1pajz8jo9dcmlcw2654w4ynhd""",Portwest Australia,,"=""274645847327056""",Display Ads Converting  FW95,AU,8,AUD,2025,2,0.0000%,,0,0.00,0.00,0
"=""amzn1.ads-account.g.9mvvwnjt2tsmdz08926vlb17a""",Portwest DE,,"=""339739082571714""",Auto Low Bid - Q1 2024 - Feb Deals - MJC,DE,4,EUR,2026,167414,0.2359%,0.15499,395,61.22,682.88,28
"=""amzn1.ads-account.g.1pajz8jo9dcmlcw2654w4ynhd""",Portwest Australia,,"=""480370204072590""",PAT Profit Low Bid - Q2 2024 - MJC,AU,7,AUD,2026,2930,1.1263%,0.27121,33,8.95,62.58,3
"=""amzn1.ads-account.g.bak81x0kttgh0i1ah3ezzzu2m""",Portwest PL,,"=""498483964951140""",Auto Low Bid - Q1 2024 - Feb Deals - MJC,PL,4,PLN,2025,2375,0.2105%,0.11400,5,0.57,0.00,0
"=""amzn1.ads-account.g.5dfl8rvx53v3cuqmb1snnubcf""",Portwest NL,,"=""444011378490748""",SP - Project Candy - Bridging Promo - 5 Sep 2025 - Auto Low Bid - MJC,NL,9,EUR,2025,63008,0.4174%,0.12772,263,33.59,443.97,34
"=""amzn1.ads-account.g.7qon60b3itwr4fzatg0h6r5fv""",Portwest IT,,"=""487996402016430""",SP - B2B Auto Low Bid - MC,IT,9,EUR,2026,344874,0.3030%,0.31636,1045,330.60,10450.27,535
"=""amzn1.ads-account.g.1pajz8jo9dcmlcw2654w4ynhd""",Portwest Australia,,"=""185974181413231""",SP - Keyword Gaps vs UK - PHR EXT - Fixed Bid (0.6) - MJC,AU,8,AUD,2026,6924,0.7366%,0.45216,51,23.06,97.33,4
"=""amzn1.ads-account.g.6wubx539i9z2ina5h90v21w6e""",WWD - Workwear Depot,,"=""316861580179555""",Auto Low Bid April MJC 24,US,10,USD,2025,7609,0.2366%,0.24333,18,4.38,179.99,2
"=""amzn1.ads-account.g.1pajz8jo9dcmlcw2654w4ynhd""",Portwest Australia,,"=""413015514693012""",New Respirator Masks - PAT (From Aoife) - MJC,AU,6,AUD,2026,96,2.0833%,0.02000,2,0.04,17.37,1
"=""amzn1.ads-account.g.95u2ty2xhpic90diqqwzt6a2s""",Portwest USA,,"=""409405592960837""",Profit Expand Group 4 - Low Bid BRD & PHR - JC,US,12,USD,2025,0,,,0,0.00,0.00,0
"=""amzn1.ads-account.g.5dfl8rvx53v3cuqmb1snnubcf""",Portwest NL,,"=""420604139575816""",SP - Project Candy - Bridging Promo - 22 Sep 2025 - Auto Low Bid - MJC,NL,5,EUR,2026,148430,0.4285%,0.12179,636,77.46,700.55,38
"=""amzn1.ads-account.g.9mvvwnjt2tsmdz08926vlb17a""",Portwest DE,,"=""479578890600664""",SP - Bridging Promo until 4th Aug - Project Candy Low Bid - MJC,DE,12,EUR,2025,23059,0.2992%,0.17594,69,12.14,116.62,7
"=""amzn1.ads-account.g.9mvvwnjt2tsmdz08926vlb17a""",Portwest DE,,"=""561617050692541""",Auto Low Bid - Q4 2023 - MJC,DE,10,EUR,2025,81364,0.3134%,0.21067,255,53.72,1136.75,58
"=""amzn1.ads-account.g.1pajz8jo9dcmlcw2654w4ynhd""",Portwest Australia,,"=""274645847327056""",Display Ads Converting  FW95,AU,4,AUD,2026,1,0.0000%,,0,0.00,0.00,0
"=""amzn1.ads-account.g.8os9jbxe8uolgs0z0ka9qua0q""",Portwest ES,,"=""475621571262674""",Growers - Auto Low Bid - MJC,ES,6,EUR,2025,156947,0.4517%,0.13536,709,95.97,1536.58,66
"=""amzn1.ads-account.g.betoci5lb82z6jole1u6tt780""",Portwest FR,,"=""456555263277852""",Keyword Research Low Bid (New Selection) - BRD PHR - SD,FR,12,EUR,2025,521478,0.2629%,0.17378,1371,238.25,2778.40,179
"=""amzn1.ads-account.g.6wubx539i9z2ina5h90v21w6e""",WWD - Workwear Depot,,"=""157714611577244""",M - Auto Low Bid - May 2023 - MJC,US,4,USD,2026,122,0.0000%,,0,0.00,0.00,0
"=""amzn1.ads-account.g.95u2ty2xhpic90diqqwzt6a2s""",Portwest USA,,"=""409985325957400""",PAT Profit Style group 3 - Low bid Sep 204 - JC,US,2,USD,2025,17864,0.4590%,0.26683,82,21.88,524.52,27
"=""amzn1.ads-account.g.95u2ty2xhpic90diqqwzt6a2s""",Portwest USA,,"=""537725771300092""",Profit Focus Top Styles group 2 - Exact - Oct 2024 - JC,US,5,USD,2025,2423,0.9080%,0.81636,22,17.96,347.09,32
"=""amzn1.ads-account.g.1pajz8jo9dcmlcw2654w4ynhd""",Portwest Australia,,"=""127908567131055""",Auto All Low Bid MJC,AU,3,AUD,2025,199486,0.2005%,0.18788,400,75.15,884.45,50
"=""amzn1.ads-account.g.5dfl8rvx53v3cuqmb1snnubcf""",Portwest NL,,"=""444011378490748""",SP - Project Candy - Bridging Promo - 5 Sep 2025 - Auto Low Bid - MJC,NL,7,EUR,2026,122976,0.4163%,0.12863,512,65.86,536.30,59
"=""amzn1.ads-account.g.7qon60b3itwr4fzatg0h6r5fv""",Portwest IT,,"=""421546352398518""",SP - PRIME DAY - Project Candy Low Bid with Multi,IT,3,EUR,2026,966613,0.2385%,0.19413,2305,447.48,3836.71,167
"=""amzn1.ads-account.g.1pajz8jo9dcmlcw2654w4ynhd""",Portwest Australia,,"=""127908567131055""",Auto All Low Bid MJC,AU,2,AUD,2026,68249,0.2916%,0.22940,199,45.65,590.08,37
"=""amzn1.ads-account.g.1pajz8jo9dcmlcw2654w4ynhd""",Portwest Australia,,"=""538175312863476""",SP - PBDD - Project Candy Low Bid - with Multi - MJC,AU,10,AUD,2025,51426,0.5639%,0.06959,290,20.18,968.74,46
"=""amzn1.ads-account.g.1pajz8jo9dcmlcw2654w4ynhd""",Portwest Australia,,"=""302643831867198""",Droppers - Auto Low Bid - MJC,AU,7,AUD,2026,32974,0.6611%,0.43583,218,95.01,678.44,28
"=""amzn1.ads-account.g.betoci5lb82z6jole1u6tt780""",Portwest FR,,"=""293679770059445""",SP - UK Gap Products - Project Candy - Auto Low Bid - MJC,FR,3,EUR,2025,949332,0.3571%,0.13910,3390,471.55,4814.58,236
"=""amzn1.ads-account.g.1pajz8jo9dcmlcw2654w4ynhd""",Portwest Australia,,"=""228877476300003""",Auto Low Bid - April 2023 - All Styles - MJC,AU,6,AUD,2025,543127,0.4402%,0.21385,2391,511.32,10938.27,357
"=""amzn1.ads-account.g.1pajz8jo9dcmlcw2654w4ynhd""",Portwest Australia,,"=""82479822838699""",Auto Low Bid - Unhealthy Inventory V2 - MJC,AU,8,AUD,2026,18306,0.5790%,0.27189,106,28.82,385.03,14
"=""amzn1.ads-account.g.6wubx539i9z2ina5h90v21w6e""",WWD - Workwear Depot,,"=""278469250312380""",A - Auto Low Bid - May 2023 - MJC,US,1,USD,2026,1270,0.2362%,0.25000,3,0.75,0.00,0
"=""amzn1.ads-account.g.9mvvwnjt2tsmdz08926vlb17a""",Portwest DE,,"=""533829515195503""",SP - UK Gap Products - Project Candy - Auto Low Bid - MJC,DE,8,EUR,2025,692927,0.3373%,0.14691,2337,343.34,4761.60,278
"=""amzn1.ads-account.g.95u2ty2xhpic90diqqwzt6a2s""",Portwest USA,,"=""538640203987393""",Profit Focus US440 - Exact - Oct 2024 - JC,US,10,USD,2025,2499,1.4406%,0.98889,36,35.60,21.48,1
"=""amzn1.ads-account.g.1pajz8jo9dcmlcw2654w4ynhd""",Portwest Australia,,"=""327823251042498""",Display Ads Converting SP AH,AU,11,AUD,2025,18578,0.2153%,1.00100,40,40.04,388.71,10
"=""amzn1.ads-account.g.1pajz8jo9dcmlcw2654w4ynhd""",Portwest Australia,,"=""328813373672013""",Aoife Keyword Res - Manual EXT - MJC 24,AU,1,AUD,2025,8307,0.2528%,0.43952,21,9.23,49.43,4
"=""amzn1.ads-account.g.9zovk6zrqsgpaj8x2od1sbl53""",Portwest - BE BISS - (Pan-EU),,"=""377546417761236""",Auto All - EURO Expansion 4 - Campaign B - MJC,BE,8,EUR,2026,191917,0.6659%,0.11113,1278,142.03,3019.52,178
"=""amzn1.ads-account.g.9mvvwnjt2tsmdz08926vlb17a""",Portwest DE,,"=""524187804468115""",Store Spotlight SB DE (2) - SD,DE,6,EUR,2025,235269,0.0570%,0.16776,134,22.48,171.13,8
"=""amzn1.ads-account.g.95u2ty2xhpic90diqqwzt6a2s""",Portwest USA,,"=""363307255195676""",PAT Profit Style group 1 - Low bid Sep 2024 - JC,US,10,USD,2025,7205,0.2915%,0.27810,21,5.84,167.06,2
"=""amzn1.ads-account.g.95u2ty2xhpic90diqqwzt6a2s""",Portwest USA,,"=""312353717160459""",SP - PRIME DAY - Project Candy Low Bid with Multi,US,11,USD,2025,750222,0.5112%,0.37601,3835,1441.98,14939.17,242
"=""amzn1.ads-account.g.7qon60b3itwr4fzatg0h6r5fv""",Portwest IT,,"=""432140609662787""",SP - UK Gap Products - Project Candy - Auto Low Bid - MJC,IT,11,EUR,2025,774625,0.2165%,0.13767,1677,230.87,1196.54,37
"=""amzn1.ads-account.g.5dfl8rvx53v3cuqmb1snnubcf""",Portwest NL,,"=""389075736151395""",Auto All - EURO Expansion 4 - Campaign B - MJC,NL,4,EUR,2026,46276,0.4344%,0.07274,201,14.62,194.87,15
"=""amzn1.ads-account.g.95u2ty2xhpic90diqqwzt6a2s""",Portwest USA,,"=""487432728655131""",Project Candy - Push Styles Q4 2024 - Auto Low Bid - MJC,US,1,USD,2025,440272,0.4804%,0.18605,2115,393.49,2664.86,74
"=""amzn1.ads-account.g.1pajz8jo9dcmlcw2654w4ynhd""",Portwest Australia,,"=""371634636717287""",Manual Profit Expand BRD PHR Low Bid - Q2 2024 - MJC,AU,9,AUD,2025,30035,0.7025%,0.27569,211,58.17,585.19,33
"=""amzn1.ads-account.g.8os9jbxe8uolgs0z0ka9qua0q""",Portwest ES,,"=""449211671742243""",Keyword Research Low Bid - BRD PHR - SD,ES,12,EUR,2025,631177,0.1185%,0.15588,748,116.60,1000.44,35
"=""amzn1.ads-account.g.7qon60b3itwr4fzatg0h6r5fv""",Portwest IT,,"=""370228643995043""",Project Candy - Converting EXT - 20240711,IT,12,EUR,2025,38269,0.2639%,0.13624,101,13.76,176.38,15
"=""amzn1.ads-account.g.95u2ty2xhpic90diqqwzt6a2s""",Portwest USA,,"=""449935138966310""",Project Candy V3 - Top 100 (May 2025) - Auto Low Bid with Multi - MJC,US,6,USD,2025,180088,0.9334%,0.37899,1681,637.08,6033.42,317
"=""amzn1.ads-account.g.6wubx539i9z2ina5h90v21w6e""",WWD - Workwear Depot,,"=""129758628454478""",UH440 - Auto - May 2023,US,11,USD,2025,15339,0.3455%,0.48358,53,25.63,186.79,5
"=""amzn1.ads-account.g.1pajz8jo9dcmlcw2654w4ynhd""",Portwest Australia,,"=""519485767745737""",Keyword Research Low Bid - BRD PHR - AH,AU,4,AUD,2025,121629,0.6931%,0.41647,843,351.08,3362.57,134
"=""amzn1.ads-account.g.1pajz8jo9dcmlcw2654w4ynhd""",Portwest Australia,,"=""480370204072590""",PAT Profit Low Bid - Q2 2024 - MJC,AU,8,AUD,2025,6184,0.7600%,0.21915,47,10.30,39.34,2
"=""amzn1.ads-account.g.6wubx539i9z2ina5h90v21w6e""",WWD - Workwear Depot,,"=""455322468550172""",SP - Catch All B2B - All Live Product - with Multi - MJC,US,4,USD,2026,22202,0.4369%,0.51691,97,50.14,5205.46,60
"=""amzn1.ads-account.g.1pajz8jo9dcmlcw2654w4ynhd""",Portwest Australia,,"=""371634636717287""",Manual Profit Expand BRD PHR Low Bid - Q2 2024 - MJC,AU,3,AUD,2026,35019,0.4540%,0.22296,159,35.45,656.77,32
"=""amzn1.ads-account.g.95u2ty2xhpic90diqqwzt6a2s""",Portwest USA,,"=""365236114070531""",SP - PBDD - Project Candy Low Bid - with Multi - MJC,US,11,USD,2025,181824,0.3619%,0.10930,658,71.92,1204.90,35
"=""amzn1.ads-account.g.8os9jbxe8uolgs0z0ka9qua0q""",Portwest ES,,"=""468167772243698""",Home and Garden 2025 - Project Candy - Auto Low Bid - MJC,ES,3,EUR,2026,1499798,0.2084%,0.14092,3125,440.37,2258.72,103
"=""amzn1.ads-account.g.8os9jbxe8uolgs0z0ka9qua0q""",Portwest ES,,"=""536026367346324""",Project Candy - Converting EXT - 20240711,ES,3,EUR,2026,9462,0.3699%,0.12257,35,4.29,4.20,1
"=""amzn1.ads-account.g.8os9jbxe8uolgs0z0ka9qua0q""",Portwest ES,,"=""466433429362650""",Keyword Research Low Bid (Top Sellers) - BRD PHR - SD,ES,10,EUR,2025,1780067,0.0871%,0.17015,1550,263.74,2965.82,187
"=""amzn1.ads-account.g.9zovk6zrqsgpaj8x2od1sbl53""",Portwest - BE BISS - (Pan-EU),,"=""505560042434740""",Growers (From UK) - Auto Low Bid - MJC,BE,3,EUR,2026,9659,1.1078%,0.11084,107,11.86,297.13,18
"=""amzn1.ads-account.g.8os9jbxe8uolgs0z0ka9qua0q""",Portwest ES,,"=""195522116641065""",Droppers - Auto Low Bid - MJC,ES,9,EUR,2026,147173,0.3098%,0.16776,456,76.50,970.62,37
"=""amzn1.ads-account.g.1pajz8jo9dcmlcw2654w4ynhd""",Portwest Australia,,"=""66419074293351""",Display Ads Converting S899,AU,7,AUD,2026,3,0.0000%,,0,0.00,0.00,0
"=""amzn1.ads-account.g.6wubx539i9z2ina5h90v21w6e""",WWD - Workwear Depot,,"=""505622175738793""",DX4 Product Launch Auto - Low Bid Oct 2024 - JC,US,6,USD,2026,4578,0.9393%,0.23465,43,10.09,0.00,0
"=""amzn1.ads-account.g.7qon60b3itwr4fzatg0h6r5fv""",Portwest IT,,"=""465724007904797""",Home and Garden 2025 - Project Candy - Auto Low Bid - MJC,IT,10,EUR,2025,1052418,0.2490%,0.13165,2621,345.05,2362.63,93
"=""amzn1.ads-account.g.7qon60b3itwr4fzatg0h6r5fv""",Portwest IT,,"=""465724007904797""",Home and Garden 2025 - Project Candy - Auto Low Bid - MJC,IT,9,EUR,2026,12775,0.2270%,0.12862,29,3.73,84.99,2
"=""amzn1.ads-account.g.9mvvwnjt2tsmdz08926vlb17a""",Portwest DE,,"=""55994507565416""",Auto Campaign - C733 (CY),DE,9,EUR,2025,7145,0.4619%,0.41636,33,13.74,47.35,3
"=""amzn1.ads-account.g.betoci5lb82z6jole1u6tt780""",Portwest FR,,"=""370127154989503""",Auto Low Bid - Q4 2023 - MJC,FR,5,EUR,2025,375382,0.2755%,0.15794,1034,163.31,2881.38,115
"=""amzn1.ads-account.g.8os9jbxe8uolgs0z0ka9qua0q""",Portwest ES,,"=""480938456434366""",SP - UK Gap Products - Project Candy - Auto Low Bid - MJC,ES,4,EUR,2025,789151,0.2742%,0.13883,2164,300.43,3372.83,193
"=""amzn1.ads-account.g.betoci5lb82z6jole1u6tt780""",Portwest FR,,"=""370127154989503""",Auto Low Bid - Q4 2023 - MJC,FR,10,EUR,2025,277548,0.2392%,0.17825,664,118.36,1274.78,55
"=""amzn1.ads-account.g.7qon60b3itwr4fzatg0h6r5fv""",Portwest IT,,"=""344146066785323""",SP - Project Candy Auto Low Bid - Bridging Promo - 22 Sep - MJC,IT,2,EUR,2026,1657516,0.2848%,0.10702,4720,505.13,5098.73,206
"=""amzn1.ads-account.g.95u2ty2xhpic90diqqwzt6a2s""",Portwest USA,,"=""466909516541266""",Keyword Research 2 Low Bid - BRD PHR - JC,US,9,USD,2025,55460,0.2705%,0.21947,150,32.92,381.03,12
"=""amzn1.ads-account.g.7qon60b3itwr4fzatg0h6r5fv""",Portwest IT,,"=""365836086305490""",Keyword Research Low Bid Group 1 - BRD PHR Oct 2024 - JC,IT,4,EUR,2025,76143,0.3743%,0.15691,285,44.72,359.46,13
"=""amzn1.ads-account.g.95u2ty2xhpic90diqqwzt6a2s""",Portwest USA,,"=""547236964747932""",Manual Profit EXT Low Bid - December 2023 - MJC,US,4,USD,2025,803,2.3661%,0.24474,19,4.65,25.48,1
"=""amzn1.ads-account.g.betoci5lb82z6jole1u6tt780""",Portwest FR,,"=""424060741780397""",Auto Low Bid - Q1 2024 - Feb Deals - MJC,FR,2,EUR,2026,302504,0.3861%,0.13915,1168,162.53,1523.12,48
"=""amzn1.ads-account.g.9mvvwnjt2tsmdz08926vlb17a""",Portwest DE,,"=""456161439841495""",Store Spotlight (DE) SB - Homepage - SD,DE,2,EUR,2025,416462,0.1117%,0.17269,465,80.30,1279.99,34
"=""amzn1.ads-account.g.95u2ty2xhpic90diqqwzt6a2s""",Portwest USA,,"=""290980976603020""",Auto Low Bid - BTR Push August 2024 - JC,US,2,USD,2025,204,0.4902%,0.25000,1,0.25,0.00,0
"=""amzn1.ads-account.g.9mvvwnjt2tsmdz08926vlb17a""",Portwest DE,,"=""234439264649803""",PAT Competitor - S999 (CY),DE,1,EUR,2025,4088,1.5411%,0.36825,63,23.20,151.92,6
"=""amzn1.ads-account.g.9mvvwnjt2tsmdz08926vlb17a""",Portwest DE,,"=""324958907979592""",Project Candy - Focus Styles from SD - Auto Low Bid - Q4 2024 - MJC,DE,12,EUR,2025,135840,0.2032%,0.23583,276,65.09,821.83,49
"=""amzn1.ads-account.g.8os9jbxe8uolgs0z0ka9qua0q""",Portwest ES,,"=""416857271027890""",SP - Bridging Promo 5th August 2025,ES,10,EUR,2025,2405421,0.3997%,0.15891,9615,1527.92,5892.69,603
"=""amzn1.ads-account.g.betoci5lb82z6jole1u6tt780""",Portwest FR,,"=""533713501725385""",SP - Project Candy - Bridging Promo - 5 Sep 2025 - Auto Low Bid - MJC,FR,11,EUR,2025,630576,0.2720%,0.16531,1715,283.51,2627.23,120
"=""amzn1.ads-account.g.6wubx539i9z2ina5h90v21w6e""",WWD - Workwear Depot,,"=""20901691149359""",T - Auto Low Bid - May 2023 - MJC,US,6,USD,2025,46,0.0000%,,0,0.00,0.00,0
"=""amzn1.ads-account.g.1pajz8jo9dcmlcw2654w4ynhd""",Portwest Australia,,"=""257891712755572""",Profit MJC,AU,1,AUD,2025,7708,0.6487%,0.69740,50,34.87,585.05,18
"=""amzn1.ads-account.g.6wubx539i9z2ina5h90v21w6e""",WWD - Workwear Depot,,"=""389985294556058""",SP - Project Candy Low Bid - Active Seller List (From SD) - Sep 2025 - MJC,UK,1,GBP,2026,383788,0.5636%,0.14292,2163,309.14,1402.68,45
"=""amzn1.ads-account.g.8os9jbxe8uolgs0z0ka9qua0q""",Portwest ES,,"=""449211671742243""",Keyword Research Low Bid - BRD PHR - SD,ES,8,EUR,2026,46660,0.1307%,0.17803,61,10.86,0.00,0
"=""amzn1.ads-account.g.6wubx539i9z2ina5h90v21w6e""",WWD - Workwear Depot,,"=""79612097815056""",SP - Project Sunshine Auto Low Bid - MC,US,8,USD,2026,24815,0.7495%,0.25559,186,47.54,122.99,3
"=""amzn1.ads-account.g.9mvvwnjt2tsmdz08926vlb17a""",Portwest DE,,"=""151460587266063""",PAT Competitor - H440 (CY),DE,2,EUR,2025,1064,0.0940%,0.25000,1,0.25,22.39,1
"=""amzn1.ads-account.g.8os9jbxe8uolgs0z0ka9qua0q""",Portwest ES,,"=""412217386163037""",Auto Low Bid - Q4 2023 - MJC,ES,9,EUR,2026,29093,0.3506%,0.18304,102,18.67,164.14,6
"=""amzn1.ads-account.g.9mvvwnjt2tsmdz08926vlb17a""",Portwest DE,,"=""191386157012832""",Growers - Auto Low Bid - MJC,DE,1,EUR,2026,314101,0.4034%,0.19111,1267,242.14,2936.99,118
"=""amzn1.ads-account.g.1pajz8jo9dcmlcw2654w4ynhd""",Portwest Australia,,"=""110488081452028""",SP - Prime Day Selection Low Bid - SD,AU,7,AUD,2026,207945,0.7665%,0.20851,1594,332.37,2867.15,147
"=""amzn1.ads-account.g.95u2ty2xhpic90diqqwzt6a2s""",Portwest USA,,"=""435667212887349""",Profit Expand Group 2 - Low Bid BRD & PHR - JC,US,6,USD,2025,46617,0.6779%,0.29579,316,93.47,602.76,29
"=""amzn1.ads-account.g.7qon60b3itwr4fzatg0h6r5fv""",Portwest IT,,"=""421546352398518""",SP - PRIME DAY - Project Candy Low Bid with Multi,IT,11,EUR,2025,28770237,0.2329%,0.20557,67002,13773.56,64690.85,2056
"=""amzn1.ads-account.g.8os9jbxe8uolgs0z0ka9qua0q""",Portwest ES,,"=""311119177054404""",SP - PBDD - Project Candy Low Bid - MJC,ES,2,EUR,2026,1774459,0.4449%,0.12076,7894,953.28,12786.64,786
"=""amzn1.ads-account.g.95u2ty2xhpic90diqqwzt6a2s""",Portwest USA,,"=""319162604580847""",(Dayparting Test) PAT Profit EXT and EXP - Low bid Oct 2024 - JC,US,1,USD,2025,181555,0.9231%,0.29021,1676,486.40,5198.79,178
"=""amzn1.ads-account.g.6wubx539i9z2ina5h90v21w6e""",WWD - Workwear Depot,,"=""123049042264341""",Portwest + Style Code - Manual EXACT - MJC,US,9,USD,2025,134,5.9701%,0.26375,8,2.11,110.00,1
"=""amzn1.ads-account.g.8os9jbxe8uolgs0z0ka9qua0q""",Portwest ES,,"=""204794077297538""",Base - Top 10 Sellers - Auto Low Bid - MJC,ES,7,EUR,2025,21814,0.2751%,0.18250,60,10.95,142.72,2
"=""amzn1.ads-account.g.5dfl8rvx53v3cuqmb1snnubcf""",Portwest NL,,"=""492525007470072""",Auto All - EURO Expansion 4 - Campaign A - MJC,NL,7,EUR,2026,73811,0.3997%,0.08539,295,25.19,536.20,43
"=""amzn1.ads-account.g.betoci5lb82z6jole1u6tt780""",Portwest FR,,"=""410848499689009""",Store Spotlight SB FR (2) - SD,FR,5,EUR,2025,728552,0.0673%,0.16645,490,81.56,1640.74,81
"=""amzn1.ads-account.g.9mvvwnjt2tsmdz08926vlb17a""",Portwest DE,,"=""533829515195503""",SP - UK Gap Products - Project Candy - Auto Low Bid - MJC,DE,2,EUR,2026,1018638,0.3660%,0.15179,3728,565.88,3747.22,119
"=""amzn1.ads-account.g.1pajz8jo9dcmlcw2654w4ynhd""",Portwest Australia,,"=""483038863547527""",New Respirator Masks - Auto - MJC,AU,3,AUD,2025,43531,0.4870%,0.29797,212,63.17,728.64,41
"=""amzn1.ads-account.g.95u2ty2xhpic90diqqwzt6a2s""",Portwest USA,,"=""435667212887349""",Profit Expand Group 2 - Low Bid BRD & PHR - JC,US,7,USD,2026,15297,0.6603%,0.33307,101,33.64,131.93,7
"=""amzn1.ads-account.g.7qon60b3itwr4fzatg0h6r5fv""",Portwest IT,,"=""394086876968340""",PAT Profit Style - Low bid EXT and EXP Oct 2024 - JC,IT,6,EUR,2025,140013,0.3478%,0.17721,487,86.30,815.95,37
"=""amzn1.ads-account.g.6wubx539i9z2ina5h90v21w6e""",WWD - Workwear Depot,,"=""262860660370351""",B - Auto Low Bid - May 2023 - MJC,US,4,USD,2025,637,0.4710%,0.25000,3,0.75,0.00,0
"=""amzn1.ads-account.g.7qon60b3itwr4fzatg0h6r5fv""",Portwest IT,,"=""465724007904797""",Home and Garden 2025 - Project Candy - Auto Low Bid - MJC,IT,5,EUR,2025,2430361,0.2400%,0.14125,5834,824.05,5461.66,202
"=""amzn1.ads-account.g.7qon60b3itwr4fzatg0h6r5fv""",Portwest IT,,"=""465724007904797""",Home and Garden 2025 - Project Candy - Auto Low Bid - MJC,IT,7,EUR,2025,1174530,0.2570%,0.14002,3018,422.58,3445.55,114
"=""amzn1.ads-account.g.95u2ty2xhpic90diqqwzt6a2s""",Portwest USA,,"=""319162604580847""",(Dayparting Test) PAT Profit EXT and EXP - Low bid Oct 2024 - JC,US,9,USD,2026,14468,0.8432%,0.32238,122,39.33,663.05,29
"=""amzn1.ads-account.g.mxheehzl72t4l5it1hfsk6xz""",Portwest SE,,"=""376936864967411""",Auto All - EURO Expansion 4 V2 - Campaign B - MJC,SE,5,SEK,2025,152629,0.2319%,0.76432,354,270.57,5159.51,24
"=""amzn1.ads-account.g.betoci5lb82z6jole1u6tt780""",Portwest FR,,"=""431361080682482""",SP - PRIME DAY - Project Candy Low Bid with Multi,FR,7,EUR,2025,3968314,0.3084%,0.22584,12239,2764.01,26924.63,1248
"=""amzn1.ads-account.g.9mvvwnjt2tsmdz08926vlb17a""",Portwest DE,,"=""145924525357081""",Droppers - Auto Low Bid - MJC,DE,10,EUR,2025,412205,0.7613%,0.24966,3138,783.43,6496.22,476
"=""amzn1.ads-account.g.1pajz8jo9dcmlcw2654w4ynhd""",Portwest Australia,,"=""413015514693012""",New Respirator Masks - PAT (From Aoife) - MJC,AU,2,AUD,2026,13,7.6923%,0.06000,1,0.06,0.00,0
"=""amzn1.ads-account.g.mxheehzl72t4l5it1hfsk6xz""",Portwest SE,,"=""299122560843700""",SP - PBDD - Project Candy Low Bid - MJC,SE,2,SEK,2026,2380,0.4202%,1.00800,10,10.08,535.64,2
"=""amzn1.ads-account.g.7qon60b3itwr4fzatg0h6r5fv""",Portwest IT,,"=""432140609662787""",SP - UK Gap Products - Project Candy - Auto Low Bid - MJC,IT,4,EUR,2026,334220,0.3154%,0.12384,1054,130.53,1875.88,76
"=""amzn1.ads-account.g.9zovk6zrqsgpaj8x2od1sbl53""",Portwest - BE BISS - (Pan-EU),,"=""480650557145400""",SP - PBDD - Project Candy Low Bid - MJC,BE,4,EUR,2026,6875,0.9309%,0.12891,64,8.25,122.41,5
"=""amzn1.ads-account.g.7qon60b3itwr4fzatg0h6r5fv""",Portwest IT,,"=""499173945259706""",Project Candy - Target Styles Q4 2024 - Auto Low Bid - MJC,IT,5,EUR,2026,369294,0.4065%,0.18298,1501,274.66,2748.95,132
"=""amzn1.ads-account.g.95u2ty2xhpic90diqqwzt6a2s""",Portwest USA,,"=""365236114070531""",SP - PBDD - Project Candy Low Bid - with Multi - MJC,US,7,USD,2026,4451,1.9097%,0.13459,85,11.44,172.42,3
"=""amzn1.ads-account.g.8os9jbxe8uolgs0z0ka9qua0q""",Portwest ES,,"=""391149768868824""",Bridging Promo 17 May - Project Candy Low Bid - MJC,ES,12,EUR,2025,21156,0.2080%,0.17682,44,7.78,0.00,0
"=""amzn1.ads-account.g.95u2ty2xhpic90diqqwzt6a2s""",Portwest USA,,"=""319162604580847""",(Dayparting Test) PAT Profit EXT and EXP - Low bid Oct 2024 - JC,US,8,USD,2025,197481,0.6497%,0.30541,1283,391.84,3255.02,162
"=""amzn1.ads-account.g.5dfl8rvx53v3cuqmb1snnubcf""",Portwest NL,,"=""492525007470072""",Auto All - EURO Expansion 4 - Campaign A - MJC,NL,8,EUR,2026,78410,0.4247%,0.09393,333,31.28,579.50,46
"=""amzn1.ads-account.g.9mvvwnjt2tsmdz08926vlb17a""",Portwest DE,,"=""312221393101516""",B2B SP Auto Low Bid - SD,DE,8,EUR,2026,537660,0.3804%,0.31412,2045,642.38,26857.06,1860
"=""amzn1.ads-account.g.1pajz8jo9dcmlcw2654w4ynhd""",Portwest Australia,,"=""413015514693012""",New Respirator Masks - PAT (From Aoife) - MJC,AU,3,AUD,2025,16,0.0000%,,0,0.00,0.00,0
"=""amzn1.ads-account.g.6wubx539i9z2ina5h90v21w6e""",WWD - Workwear Depot,,"=""92810336598365""",E - Auto Low Bid - May 2023 - MJC,US,4,USD,2026,49,0.0000%,,0,0.00,0.00,0
"=""amzn1.ads-account.g.6wubx539i9z2ina5h90v21w6e""",WWD - Workwear Depot,,"=""505622175738793""",DX4 Product Launch Auto - Low Bid Oct 2024 - JC,US,7,USD,2025,331,0.0000%,,0,0.00,0.00,0
"=""amzn1.ads-account.g.95u2ty2xhpic90diqqwzt6a2s""",Portwest USA,,"=""363307255195676""",PAT Profit Style group 1 - Low bid Sep 2024 - JC,US,2,USD,2025,7518,0.5986%,0.27689,45,12.46,594.69,9
"=""amzn1.ads-account.g.betoci5lb82z6jole1u6tt780""",Portwest FR,,"=""293679770059445""",SP - UK Gap Products - Project Candy - Auto Low Bid - MJC,FR,2,EUR,2026,490612,0.5946%,0.13807,2917,402.74,5550.98,253
"=""amzn1.ads-account.g.7qon60b3itwr4fzatg0h6r5fv""",Portwest IT,,"=""379427410422618""",SP - Bridging Promo 5th August 2025,IT,11,EUR,2025,2599871,0.3891%,0.16393,10115,1658.20,8747.63,614
"=""amzn1.ads-account.g.5dfl8rvx53v3cuqmb1snnubcf""",Portwest NL,,"=""481032442344858""",Auto Low Bid - Q1 2024 - Feb Deals - MJC,NL,1,EUR,2026,14119,0.5595%,0.09734,79,7.69,95.21,5
"=""amzn1.ads-account.g.95u2ty2xhpic90diqqwzt6a2s""",Portwest USA,,"=""319162604580847""",(Dayparting Test) PAT Profit EXT and EXP - Low bid Oct 2024 - JC,US,12,USD,2025,0,,,0,0.00,0.00,0
"=""amzn1.ads-account.g.5dfl8rvx53v3cuqmb1snnubcf""",Portwest NL,,"=""469105961672637""",SP - Project Candy Auto Low Bid - Bridging Promo - 22 Sep - MJC,NL,3,EUR,2026,21,0.0000%,,0,0.00,0.00,0
"=""amzn1.ads-account.g.9mvvwnjt2tsmdz08926vlb17a""",Portwest DE,,"=""145924525357081""",Droppers - Auto Low Bid - MJC,DE,4,EUR,2025,430565,0.4139%,0.21543,1782,383.90,5470.65,277
"=""amzn1.ads-account.g.7qon60b3itwr4fzatg0h6r5fv""",Portwest IT,,"=""501655278304804""",Growers - Auto Low Bid - MJC,IT,9,EUR,2025,314571,0.5706%,0.16603,1795,298.02,3321.59,173
"=""amzn1.ads-account.g.9mvvwnjt2tsmdz08926vlb17a""",Portwest DE,,"=""456161439841495""",Store Spotlight (DE) SB - Homepage - SD,DE,7,EUR,2025,152846,0.0877%,0.16612,134,22.26,104.89,4
"=""amzn1.ads-account.g.6wubx539i9z2ina5h90v21w6e""",WWD - Workwear Depot,,"=""367477579971086""",SP - Project Candy Low Bid - Converting Terms - Profit Expand - PHR - MJC,US,2,USD,2026,30506,0.6884%,0.21481,210,45.11,207.95,5
"=""amzn1.ads-account.g.8os9jbxe8uolgs0z0ka9qua0q""",Portwest ES,,"=""475621571262674""",Growers - Auto Low Bid - MJC,ES,7,EUR,2026,51475,0.4041%,0.08601,208,17.89,596.13,23
"=""amzn1.ads-account.g.6wubx539i9z2ina5h90v21w6e""",WWD - Workwear Depot,,"=""549574665294693""",SP - Catch All Low Bid - All Live Product - with Multi - MJC,US,8,USD,2026,70347,0.9425%,0.21710,663,143.94,1202.57,21
"=""amzn1.ads-account.g.1pajz8jo9dcmlcw2654w4ynhd""",Portwest Australia,,"=""396025250237617""",Manual Profit EXT Low Bid - Q2 2024 - MJC,AU,7,AUD,2025,12655,0.5452%,0.26174,69,18.06,326.28,18
"=""amzn1.ads-account.g.9zovk6zrqsgpaj8x2od1sbl53""",Portwest - BE BISS - (Pan-EU),,"=""467986707928067""",SP - Project Candy - Bridging Promo - 22 Sep 2025 - Auto Low Bid - MJC,BE,5,EUR,2026,29525,0.8332%,0.13358,246,32.86,362.61,16
"=""amzn1.ads-account.g.9zovk6zrqsgpaj8x2od1sbl53""",Portwest - BE BISS - (Pan-EU),,"=""501480875972186""",SP - Project Candy Auto Low Bid - Bridging Promo - 22 Sep - MJC,BE,3,EUR,2026,750,0.6667%,0.08000,5,0.40,56.04,1
"=""amzn1.ads-account.g.5dfl8rvx53v3cuqmb1snnubcf""",Portwest NL,,"=""481032442344858""",Auto Low Bid - Q1 2024 - Feb Deals - MJC,NL,1,EUR,2025,45806,0.3362%,0.08506,154,13.10,382.88,8
"=""amzn1.ads-account.g.6wubx539i9z2ina5h90v21w6e""",WWD - Workwear Depot,,"=""157714611577244""",M - Auto Low Bid - May 2023 - MJC,US,7,USD,2025,289,0.0000%,,0,0.00,0.00,0
"=""amzn1.ads-account.g.95u2ty2xhpic90diqqwzt6a2s""",Portwest USA,,"=""533532889300124""",Auto Low Bid - Vendor Push May 2024 - MJC,US,4,USD,2025,244929,0.6488%,0.21811,1589,346.57,2605.61,129
"=""amzn1.ads-account.g.7qon60b3itwr4fzatg0h6r5fv""",Portwest IT,,"=""320546710532715""",Bridging Promo 31 May - Project Candy Low Bid - MJC,IT,12,EUR,2025,158707,0.3844%,0.15938,610,97.22,1100.93,41
"=""amzn1.ads-account.g.betoci5lb82z6jole1u6tt780""",Portwest FR,,"=""424060741780397""",Auto Low Bid - Q1 2024 - Feb Deals - MJC,FR,9,EUR,2026,48125,0.3262%,0.13834,157,21.72,171.12,9
"=""amzn1.ads-account.g.95u2ty2xhpic90diqqwzt6a2s""",Portwest USA,,"=""360269261984589""",Vendor Purchased - Not Advertised (Sep 2023) - Auto Low Bid - MJC,US,3,USD,2025,381716,0.2332%,0.18506,890,164.70,1227.45,27
"=""amzn1.ads-account.g.95u2ty2xhpic90diqqwzt6a2s""",Portwest USA,,"=""408324720320680""",(B2B Multiplier Test) - Profit Expand Group 1 - Low Bid BRD & PHR - JC,US,2,USD,2025,315452,0.3161%,0.30010,997,299.20,4001.79,65
"=""amzn1.ads-account.g.7qon60b3itwr4fzatg0h6r5fv""",Portwest IT,,"=""501655278304804""",Growers - Auto Low Bid - MJC,IT,9,EUR,2026,16729,0.6456%,0.08111,108,8.76,163.12,8
"=""amzn1.ads-account.g.95u2ty2xhpic90diqqwzt6a2s""",Portwest USA,,"=""446556638681330""",Keyword Research 3 Low Bid - BRD PHR - JC,US,7,USD,2025,156040,0.2237%,0.27771,349,96.92,344.10,18
"=""amzn1.ads-account.g.6wubx539i9z2ina5h90v21w6e""",WWD - Workwear Depot,,"=""455322468550172""",SP - Catch All B2B - All Live Product - with Multi - MJC,US,7,USD,2026,13755,0.4507%,0.56726,62,35.17,5509.93,58
"=""amzn1.ads-account.g.7qon60b3itwr4fzatg0h6r5fv""",Portwest IT,,"=""370228643995043""",Project Candy - Converting EXT - 20240711,IT,2,EUR,2026,42978,0.4281%,0.13723,184,25.25,359.46,20
"=""amzn1.ads-account.g.mxheehzl72t4l5it1hfsk6xz""",Portwest SE,,"=""299122560843700""",SP - PBDD - Project Candy Low Bid - MJC,SE,6,SEK,2026,4052,0.7897%,1.33406,32,42.69,2311.27,8
"=""amzn1.ads-account.g.6wubx539i9z2ina5h90v21w6e""",WWD - Workwear Depot,,"=""403581243770082""",Focus Styles (Top Selling Seller) - Auto Low Bid June 2023 - MJC,US,6,USD,2025,8746,0.4917%,0.43140,43,18.55,0.00,0
"=""amzn1.ads-account.g.1pajz8jo9dcmlcw2654w4ynhd""",Portwest Australia,,"=""82479822838699""",Auto Low Bid - Unhealthy Inventory V2 - MJC,AU,2,AUD,2025,191960,0.2501%,0.22010,480,105.65,1253.39,49
"=""amzn1.ads-account.g.1pajz8jo9dcmlcw2654w4ynhd""",Portwest Australia,,"=""533603650852527""",Keyword Research Low Bid - BRD PHR - SD,AU,8,AUD,2026,88228,0.3638%,0.54586,321,175.22,1930.25,59
"=""amzn1.ads-account.g.1pajz8jo9dcmlcw2654w4ynhd""",Portwest Australia,,"=""480370204072590""",PAT Profit Low Bid - Q2 2024 - MJC,AU,1,AUD,2025,3063,1.0774%,0.26636,33,8.79,137.83,4
"=""amzn1.ads-account.g.1pajz8jo9dcmlcw2654w4ynhd""",Portwest Australia,,"=""519485767745737""",Keyword Research Low Bid - BRD PHR - AH,AU,10,AUD,2025,105076,0.7851%,0.46207,825,381.21,4868.68,122
"=""amzn1.ads-account.g.9zovk6zrqsgpaj8x2od1sbl53""",Portwest - BE BISS - (Pan-EU),,"=""505560042434740""",Growers (From UK) - Auto Low Bid - MJC,BE,9,EUR,2025,4488,1.3815%,0.10935,62,6.78,74.34,4
"=""amzn1.ads-account.g.95u2ty2xhpic90diqqwzt6a2s""",Portwest USA,,"=""457626057170726""",PAT Profit Top Styles - Exact - Oct 2024 - JC,US,3,USD,2025,5564,1.4198%,0.39759,79,31.41,405.11,18
"=""amzn1.ads-account.g.95u2ty2xhpic90diqqwzt6a2s""",Portwest USA,,"=""245908494633100""",SP - B2B Auto Low Bid - MC,US,6,USD,2026,553,0.9042%,0.19800,5,0.99,0.00,0
"=""amzn1.ads-account.g.9zovk6zrqsgpaj8x2od1sbl53""",Portwest - BE BISS - (Pan-EU),,"=""505560042434740""",Growers (From UK) - Auto Low Bid - MJC,BE,12,EUR,2025,6472,1.0816%,0.11414,70,7.99,169.15,7
"=""amzn1.ads-account.g.1pajz8jo9dcmlcw2654w4ynhd""",Portwest Australia,,"=""56584912532417""",Converting from Other Channels - MJC,AU,10,AUD,2025,1329,0.0752%,0.89000,1,0.89,0.00,0
"=""amzn1.ads-account.g.8os9jbxe8uolgs0z0ka9qua0q""",Portwest ES,,"=""547962426196207""",Auto Low Bid - Q1 2024 - Feb Deals - MJC,ES,9,EUR,2026,62122,0.1787%,0.15829,111,17.57,244.02,11
"=""amzn1.ads-account.g.95u2ty2xhpic90diqqwzt6a2s""",Portwest USA,,"=""523654763196797""",Profit Expand Group 3 - Low Bid BRD & PHR - JC,US,2,USD,2025,225651,0.1932%,0.31372,436,136.78,2988.93,62
"=""amzn1.ads-account.g.1pajz8jo9dcmlcw2654w4ynhd""",Portwest Australia,,"=""413015514693012""",New Respirator Masks - PAT (From Aoife) - MJC,AU,1,AUD,2026,43,0.0000%,,0,0.00,0.00,0
"=""amzn1.ads-account.g.6wubx539i9z2ina5h90v21w6e""",WWD - Workwear Depot,,"=""556415255169728""",PW365 Auto Relaunch - Low Bid Nov 2024 - JC,US,3,USD,2025,320,1.2500%,0.22000,4,0.88,0.00,0
"=""amzn1.ads-account.g.7qon60b3itwr4fzatg0h6r5fv""",Portwest IT,,"=""432140609662787""",SP - UK Gap Products - Project Candy - Auto Low Bid - MJC,IT,9,EUR,2026,36251,0.4441%,0.13503,161,21.74,502.81,16
"=""amzn1.ads-account.g.95u2ty2xhpic90diqqwzt6a2s""",Portwest USA,,"=""447677372993835""",PAT Profit US440 - Exact - Oct 2024 - JC,US,3,USD,2025,5309,1.4127%,0.29253,75,21.94,131.12,10
"=""amzn1.ads-account.g.6wubx539i9z2ina5h90v21w6e""",WWD - Workwear Depot,,"=""344804552113751""",SP - Black Friday - MC,US,5,USD,2026,6551,2.6256%,0.26512,172,45.60,58.99,1
"=""amzn1.ads-account.g.9mvvwnjt2tsmdz08926vlb17a""",Portwest DE,,"=""145924525357081""",Droppers - Auto Low Bid - MJC,DE,12,EUR,2025,93900,0.3983%,0.20663,374,77.28,1205.05,88
"=""amzn1.ads-account.g.9zovk6zrqsgpaj8x2od1sbl53""",Portwest - BE BISS - (Pan-EU),,"=""467986707928067""",SP - Project Candy - Bridging Promo - 22 Sep 2025 - Auto Low Bid - MJC,BE,3,EUR,2026,32571,0.8013%,0.13628,261,35.57,106.58,9
"=""amzn1.ads-account.g.betoci5lb82z6jole1u6tt780""",Portwest FR,,"=""343852336066323""",SP - Bridging Promo 5th August 2025,FR,11,EUR,2025,1123802,0.5180%,0.16468,5821,958.60,7500.79,648
"=""amzn1.ads-account.g.9zovk6zrqsgpaj8x2od1sbl53""",Portwest - BE BISS - (Pan-EU),,"=""289395542376704""",Bridging Promo 24 May - Project Candy Low Bid - MJC,BE,6,EUR,2026,1658,0.2413%,0.16250,4,0.65,0.00,0
"=""amzn1.ads-account.g.95u2ty2xhpic90diqqwzt6a2s""",Portwest USA,,"=""487432728655131""",Project Candy - Push Styles Q4 2024 - Auto Low Bid - MJC,US,10,USD,2025,194303,0.5064%,0.22818,984,224.53,1529.03,64
"=""amzn1.ads-account.g.1pajz8jo9dcmlcw2654w4ynhd""",Portwest Australia,,"=""533603650852527""",Keyword Research Low Bid - BRD PHR - SD,AU,5,AUD,2025,304301,0.3276%,0.44976,997,448.41,4292.99,162
"=""amzn1.ads-account.g.95u2ty2xhpic90diqqwzt6a2s""",Portwest USA,,"=""378183114449311""",Store Spotlight SB - Oct 2024 - JC,US,12,USD,2025,0,,,0,0.00,0.00,0
"=""amzn1.ads-account.g.1pajz8jo9dcmlcw2654w4ynhd""",Portwest Australia,,"=""459317093535210""",SP - Black Friday Week - Project Candy Low Bid - with Multi - MJC,AU,8,AUD,2026,78012,0.7678%,0.24980,599,149.63,3319.18,129
"=""amzn1.ads-account.g.95u2ty2xhpic90diqqwzt6a2s""",Portwest USA,,"=""538337297480785""",Auto Low Bid - Vendor Push December 2023 - MJC,US,7,USD,2025,382018,0.2181%,0.25050,833,208.67,2051.17,81
"=""amzn1.ads-account.g.95u2ty2xhpic90diqqwzt6a2s""",Portwest USA,,"=""496148515305885""",Auto Low Bid - Vendor Gloves Push January 2024 - MJC,US,2,USD,2025,135,1.4815%,0.24500,2,0.49,0.00,0
"=""amzn1.ads-account.g.bak81x0kttgh0i1ah3ezzzu2m""",Portwest PL,,"=""490065738750316""",Droppers (From UK) - Auto Low Bid - MJC,PL,7,PLN,2025,5362,0.3543%,0.39368,19,7.48,95.66,1
"=""amzn1.ads-account.g.1pajz8jo9dcmlcw2654w4ynhd""",Portwest Australia,,"=""66419074293351""",Display Ads Converting S899,AU,4,AUD,2026,3,0.0000%,,0,0.00,0.00,0
"=""amzn1.ads-account.g.95u2ty2xhpic90diqqwzt6a2s""",Portwest USA,,"=""538337297480785""",Auto Low Bid - Vendor Push December 2023 - MJC,US,7,USD,2026,15569,0.7708%,0.23350,120,28.02,251.22,7
"=""amzn1.ads-account.g.8os9jbxe8uolgs0z0ka9qua0q""",Portwest ES,,"=""496172824240757""",Bridging Promo 21 May - Project Candy Low Bid - MJC,ES,5,EUR,2025,398237,0.2996%,0.18424,1193,219.80,1146.34,36
"=""amzn1.ads-account.g.5dfl8rvx53v3cuqmb1snnubcf""",Portwest NL,,"=""420604139575816""",SP - Project Candy - Bridging Promo - 22 Sep 2025 - Auto Low Bid - MJC,NL,4,EUR,2026,74095,0.4481%,0.11663,332,38.72,465.31,28
"=""amzn1.ads-account.g.9mvvwnjt2tsmdz08926vlb17a""",Portwest DE,,"=""561617050692541""",Auto Low Bid - Q4 2023 - MJC,DE,6,EUR,2025,275594,0.4082%,0.20116,1125,226.31,2963.15,129
"=""amzn1.ads-account.g.95u2ty2xhpic90diqqwzt6a2s""",Portwest USA,,"=""371243070537578""","Style Specific - UH447 - Core Keywords, Close Match EXT - Suggested Bid - MJC",US,10,USD,2025,390,1.0256%,0.97250,4,3.89,0.00,0
"=""amzn1.ads-account.g.9mvvwnjt2tsmdz08926vlb17a""",Portwest DE,,"=""309290485231754""",Display Ads Converting SP SD,DE,7,EUR,2026,8866,0.2256%,0.53650,20,10.73,153.98,9
"=""amzn1.ads-account.g.95u2ty2xhpic90diqqwzt6a2s""",Portwest USA,,"=""404384002405554""",Style Specific - UH447 - Keyword Research Low Bid (0.25) - BRD PHR - Dayparting 25 Increase Weekdays - MJC,US,9,USD,2025,4618,0.6280%,0.33034,29,9.58,0.00,0
"=""amzn1.ads-account.g.9mvvwnjt2tsmdz08926vlb17a""",Portwest DE,,"=""339739082571714""",Auto Low Bid - Q1 2024 - Feb Deals - MJC,DE,1,EUR,2025,862884,0.3035%,0.15347,2619,401.95,5938.52,185
"=""amzn1.ads-account.g.betoci5lb82z6jole1u6tt780""",Portwest FR,,"=""375571445949915""",Keyword Research Low Bid - BRD PHR - SD,FR,12,EUR,2025,970132,0.2269%,0.17513,2201,385.46,3897.04,173
"=""amzn1.ads-account.g.betoci5lb82z6jole1u6tt780""",Portwest FR,,"=""410848499689009""",Store Spotlight SB FR (2) - SD,FR,6,EUR,2026,645586,0.0511%,0.16203,330,53.47,435.62,25
"=""amzn1.ads-account.g.7qon60b3itwr4fzatg0h6r5fv""",Portwest IT,,"=""487996402016430""",SP - B2B Auto Low Bid - MC,IT,7,EUR,2026,576811,0.3583%,0.27577,2067,570.02,19516.04,1104
"=""amzn1.ads-account.g.95u2ty2xhpic90diqqwzt6a2s""",Portwest USA,,"=""309149749478686""",Portwest Brand Terms Only - JC,US,2,USD,2025,10049,0.4478%,0.61311,45,27.59,274.91,7
"=""amzn1.ads-account.g.6wubx539i9z2ina5h90v21w6e""",WWD - Workwear Depot,,"=""26886441161653""",C - Auto Low Bid - May 2023 - MJC,US,2,USD,2026,593,0.3373%,0.25000,2,0.50,0.00,0
"=""amzn1.ads-account.g.9mvvwnjt2tsmdz08926vlb17a""",Portwest DE,,"=""447304808837659""",SP - PRIME DAY - Project Candy Low Bid with Multi,DE,8,EUR,2026,1476254,0.4249%,0.22623,6273,1419.17,21100.22,1463
"=""amzn1.ads-account.g.bak81x0kttgh0i1ah3ezzzu2m""",Portwest PL,,"=""498483964951140""",Auto Low Bid - Q1 2024 - Feb Deals - MJC,PL,8,PLN,2025,1407,0.3554%,0.11000,5,0.55,0.00,0
"=""amzn1.ads-account.g.6wubx539i9z2ina5h90v21w6e""",WWD - Workwear Depot,,"=""92810336598365""",E - Auto Low Bid - May 2023 - MJC,US,11,USD,2025,1,0.0000%,,0,0.00,0.00,0
"=""amzn1.ads-account.g.7qon60b3itwr4fzatg0h6r5fv""",Portwest IT,,"=""325147263942313""",Keyword Research Low Bid Group 2 - BRD PHR Oct 2024 - JC,IT,2,EUR,2026,173542,0.7036%,0.16044,1221,195.90,2177.36,165
"=""amzn1.ads-account.g.95u2ty2xhpic90diqqwzt6a2s""",Portwest USA,,"=""521897769563799""",PAT Profit Style group 2 - Low bid Sep 204 - JC,US,8,USD,2025,3455,0.9262%,0.25281,32,8.09,44.99,1
"=""amzn1.ads-account.g.9zovk6zrqsgpaj8x2od1sbl53""",Portwest - BE BISS - (Pan-EU),,"=""457392713613897""",Droppers (From UK) - Auto Low Bid - MJC,BE,11,EUR,2025,8094,1.0749%,0.10310,87,8.97,193.84,12
"=""amzn1.ads-account.g.9mvvwnjt2tsmdz08926vlb17a""",Portwest DE,,"=""288384587728489""",Bridging Promo 17 May - Project Candy Low Bid - MJC,DE,3,EUR,2026,87286,0.4079%,0.14657,356,52.18,893.16,28
"=""amzn1.ads-account.g.6wubx539i9z2ina5h90v21w6e""",WWD - Workwear Depot,,"=""316861580179555""",Auto Low Bid April MJC 24,US,4,USD,2025,5508,0.5991%,0.23667,33,7.81,156.64,6
"=""amzn1.ads-account.g.9zovk6zrqsgpaj8x2od1sbl53""",Portwest - BE BISS - (Pan-EU),,"=""505560042434740""",Growers (From UK) - Auto Low Bid - MJC,BE,7,EUR,2025,3059,1.1769%,0.10306,36,3.71,169.64,11
"=""amzn1.ads-account.g.1pajz8jo9dcmlcw2654w4ynhd""",Portwest Australia,,"=""302643831867198""",Droppers - Auto Low Bid - MJC,AU,8,AUD,2025,18518,0.6912%,0.39289,128,50.29,443.96,31
"=""amzn1.ads-account.g.1pajz8jo9dcmlcw2654w4ynhd""",Portwest Australia,,"=""483038863547527""",New Respirator Masks - Auto - MJC,AU,1,AUD,2025,49404,0.4413%,0.31615,218,68.92,667.53,35
"=""amzn1.ads-account.g.95u2ty2xhpic90diqqwzt6a2s""",Portwest USA,,"=""290980976603020""",Auto Low Bid - BTR Push August 2024 - JC,US,8,USD,2025,897,0.6689%,0.21333,6,1.28,0.00,0
"=""amzn1.ads-account.g.mxheehzl72t4l5it1hfsk6xz""",Portwest SE,,"=""329244351830333""",Droppers (From UK) - Auto Low Bid - MJC,SE,2,SEK,2025,7455,0.3756%,0.79036,28,22.13,1468.17,4
"=""amzn1.ads-account.g.9mvvwnjt2tsmdz08926vlb17a""",Portwest DE,,"=""547494018872329""",Keyword Research Low Bid (Seasonal) - BRD PHR - SD,DE,7,EUR,2025,225398,0.3336%,0.24105,752,181.27,1316.93,91
"=""amzn1.ads-account.g.1pajz8jo9dcmlcw2654w4ynhd""",Portwest Australia,,"=""459317093535210""",SP - Black Friday Week - Project Candy Low Bid - with Multi - MJC,AU,9,AUD,2026,44945,0.7899%,0.26349,355,93.54,1840.41,70
"=""amzn1.ads-account.g.6wubx539i9z2ina5h90v21w6e""",WWD - Workwear Depot,,"=""123049042264341""",Portwest + Style Code - Manual EXACT - MJC,US,6,USD,2026,78,23.0769%,0.34278,18,6.17,57.98,2
"=""amzn1.ads-account.g.95u2ty2xhpic90diqqwzt6a2s""",Portwest USA,,"=""462325957755715""",B2B Only 500% Multi Test - Project Candy Low Bid - MJC,US,12,USD,2025,0,,,0,0.00,0.00,0
"=""amzn1.ads-account.g.8os9jbxe8uolgs0z0ka9qua0q""",Portwest ES,,"=""480938456434366""",SP - UK Gap Products - Project Candy - Auto Low Bid - MJC,ES,11,EUR,2025,1061444,0.2172%,0.13570,2305,312.79,1495.24,58
"=""amzn1.ads-account.g.6wubx539i9z2ina5h90v21w6e""",WWD - Workwear Depot,,"=""505622175738793""",DX4 Product Launch Auto - Low Bid Oct 2024 - JC,US,9,USD,2025,921,0.2172%,0.25000,2,0.50,0.00,0
"=""amzn1.ads-account.g.8os9jbxe8uolgs0z0ka9qua0q""",Portwest ES,,"=""496172824240757""",Bridging Promo 21 May - Project Candy Low Bid - MJC,ES,7,EUR,2025,215278,0.2211%,0.18523,476,88.17,634.83,29
"=""amzn1.ads-account.g.6wubx539i9z2ina5h90v21w6e""",WWD - Workwear Depot,,"=""552489117768110""",SP - Project Candy Low Bid - Catch All - Active Only - MJC,UK,4,GBP,2026,452182,0.6276%,0.25952,2838,736.53,3167.94,80
"=""amzn1.ads-account.g.6wubx539i9z2ina5h90v21w6e""",WWD - Workwear Depot,,"=""34836128487965""",B2B SP Auto Low Bid - SD,UK,7,GBP,2026,10815,0.3514%,0.24921,38,9.47,215.58,6
"=""amzn1.ads-account.g.9mvvwnjt2tsmdz08926vlb17a""",Portwest DE,,"=""52065936047090""",Droppers - Profit - MJC`,DE,1,EUR,2026,12839,0.1947%,0.23080,25,5.77,52.80,3
"=""amzn1.ads-account.g.6wubx539i9z2ina5h90v21w6e""",WWD - Workwear Depot,,"=""499053194388859""",SP - Project Candy Low Bid - PAT Profit - EXT - MJC,US,9,USD,2026,0,,,0,0.00,0.00,0
"=""amzn1.ads-account.g.1pajz8jo9dcmlcw2654w4ynhd""",Portwest Australia,,"=""96146253128422""",Display Ads Converting H441,AU,6,AUD,2026,7,0.0000%,,0,0.00,0.00,0
"=""amzn1.ads-account.g.betoci5lb82z6jole1u6tt780""",Portwest FR,,"=""408313467426953""",Store Spotlight SB FR (Homepage) - SD,FR,3,EUR,2025,783685,0.0464%,0.15173,364,55.23,785.96,34
"=""amzn1.ads-account.g.1pajz8jo9dcmlcw2654w4ynhd""",Portwest Australia,,"=""185974181413231""",SP - Keyword Gaps vs UK - PHR EXT - Fixed Bid (0.6) - MJC,AU,9,AUD,2026,3262,0.7971%,0.43154,26,11.22,120.67,8
"=""amzn1.ads-account.g.5dfl8rvx53v3cuqmb1snnubcf""",Portwest NL,,"=""492525007470072""",Auto All - EURO Expansion 4 - Campaign A - MJC,NL,2,EUR,2025,171150,0.3108%,0.05588,532,29.73,1432.51,78
"=""amzn1.ads-account.g.5dfl8rvx53v3cuqmb1snnubcf""",Portwest NL,,"=""443819118758041""",Bridging Promo 24 May - Project Candy Low Bid - MJC,NL,6,EUR,2025,9664,0.3518%,0.12382,34,4.21,31.51,1
"=""amzn1.ads-account.g.9mvvwnjt2tsmdz08926vlb17a""",Portwest DE,,"=""52065936047090""",Droppers - Profit - MJC`,DE,3,EUR,2025,26768,0.2167%,0.19086,58,11.07,476.88,24
"=""amzn1.ads-account.g.9mvvwnjt2tsmdz08926vlb17a""",Portwest DE,,"=""365846807361792""",Home and Garden 2025 - Project Candy - Auto Low Bid - MJC,DE,10,EUR,2025,873020,0.3498%,0.15157,3054,462.90,5177.39,260
"=""amzn1.ads-account.g.1pajz8jo9dcmlcw2654w4ynhd""",Portwest Australia,,"=""534285577334243""",Project Candy V3 - Top 100 (May 2025) - Auto Low Bid with Multi - MJC,AU,9,AUD,2025,121790,0.6273%,0.33685,764,257.35,2956.80,189
"=""amzn1.ads-account.g.1pajz8jo9dcmlcw2654w4ynhd""",Portwest Australia,,"=""476491807026648""",2852 - Top Seller - Auto Low Bid - MJC,AU,3,AUD,2025,753,1.0624%,0.63000,8,5.04,0.00,0
"=""amzn1.ads-account.g.7qon60b3itwr4fzatg0h6r5fv""",Portwest IT,,"=""320546710532715""",Bridging Promo 31 May - Project Candy Low Bid - MJC,IT,4,EUR,2026,120484,0.5835%,0.13701,703,96.32,1056.77,45
"=""amzn1.ads-account.g.6wubx539i9z2ina5h90v21w6e""",WWD - Workwear Depot,,"=""353455736089883""",SP - Project Candy Low Bid - Winning Terms - Profit - EXT - MJC,US,1,USD,2026,40712,0.4151%,0.24095,169,40.72,214.95,5
"=""amzn1.ads-account.g.6wubx539i9z2ina5h90v21w6e""",WWD - Workwear Depot,,"=""278469250312380""",A - Auto Low Bid - May 2023 - MJC,US,11,USD,2025,437,0.0000%,,0,0.00,0.00,0
"=""amzn1.ads-account.g.9zovk6zrqsgpaj8x2od1sbl53""",Portwest - BE BISS - (Pan-EU),,"=""457392713613897""",Droppers (From UK) - Auto Low Bid - MJC,BE,10,EUR,2025,5383,2.4150%,0.09969,130,12.96,458.25,24
"=""amzn1.ads-account.g.5dfl8rvx53v3cuqmb1snnubcf""",Portwest NL,,"=""332773737266901""",Droppers (From UK) - Auto Low Bid - MJC,NL,9,EUR,2026,3325,0.5113%,0.05235,17,0.89,9.80,2
"=""amzn1.ads-account.g.7qon60b3itwr4fzatg0h6r5fv""",Portwest IT,,"=""325147263942313""",Keyword Research Low Bid Group 2 - BRD PHR Oct 2024 - JC,IT,3,EUR,2026,120883,0.7114%,0.16647,860,143.16,1518.44,112
"=""amzn1.ads-account.g.1pajz8jo9dcmlcw2654w4ynhd""",Portwest Australia,,"=""327823251042498""",Display Ads Converting SP AH,AU,10,AUD,2025,29096,0.1065%,1.02484,31,31.77,213.39,9
"=""amzn1.ads-account.g.9zovk6zrqsgpaj8x2od1sbl53""",Portwest - BE BISS - (Pan-EU),,"=""505560042434740""",Growers (From UK) - Auto Low Bid - MJC,BE,6,EUR,2025,2436,1.7652%,0.10419,43,4.48,90.83,5
"=""amzn1.ads-account.g.95u2ty2xhpic90diqqwzt6a2s""",Portwest USA,,"=""466909516541266""",Keyword Research 2 Low Bid - BRD PHR - JC,US,8,USD,2025,67003,0.1582%,0.23264,106,24.66,301.51,8
"=""amzn1.ads-account.g.95u2ty2xhpic90diqqwzt6a2s""",Portwest USA,,"=""538337297480785""",Auto Low Bid - Vendor Push December 2023 - MJC,US,6,USD,2026,6450,0.4806%,0.24355,31,7.55,79.67,3
"=""amzn1.ads-account.g.7qon60b3itwr4fzatg0h6r5fv""",Portwest IT,,"=""491583009841605""",SP - Bridging Promo until 4th Aug - Project Candy Low Bid - MJC,IT,8,EUR,2025,1127424,0.4209%,0.16042,4745,761.18,6180.06,532
"=""amzn1.ads-account.g.1pajz8jo9dcmlcw2654w4ynhd""",Portwest Australia,,"=""371634636717287""",Manual Profit Expand BRD PHR Low Bid - Q2 2024 - MJC,AU,5,AUD,2025,28147,0.7496%,0.23611,211,49.82,472.78,48
"=""amzn1.ads-account.g.9mvvwnjt2tsmdz08926vlb17a""",Portwest DE,,"=""368937778983831""",Manual Profit EXT Low Bid - December 2023 - MJC,DE,11,EUR,2025,77983,0.4745%,0.24754,370,91.59,1032.08,60
"=""amzn1.ads-account.g.9mvvwnjt2tsmdz08926vlb17a""",Portwest DE,,"=""145924525357081""",Droppers - Auto Low Bid - MJC,DE,5,EUR,2025,480402,0.4823%,0.21920,2317,507.88,6682.44,410
"=""amzn1.ads-account.g.1pajz8jo9dcmlcw2654w4ynhd""",Portwest Australia,,"=""29521114214144""",Display Ads Convering TK50,AU,2,AUD,2025,0,,,0,0.00,0.00,0
"=""amzn1.ads-account.g.1pajz8jo9dcmlcw2654w4ynhd""",Portwest Australia,,"=""396025250237617""",Manual Profit EXT Low Bid - Q2 2024 - MJC,AU,9,AUD,2026,4614,0.6068%,0.28036,28,7.85,18.01,1
"=""amzn1.ads-account.g.betoci5lb82z6jole1u6tt780""",Portwest FR,,"=""370127154989503""",Auto Low Bid - Q4 2023 - MJC,FR,9,EUR,2025,191377,0.3088%,0.17162,591,101.43,1585.50,74
"=""amzn1.ads-account.g.8os9jbxe8uolgs0z0ka9qua0q""",Portwest ES,,"=""449211671742243""",Keyword Research Low Bid - BRD PHR - SD,ES,7,EUR,2026,8133,0.3689%,0.19033,30,5.71,0.00,0
"=""amzn1.ads-account.g.7qon60b3itwr4fzatg0h6r5fv""",Portwest IT,,"=""465192037897295""",SP - Project Candy - Bridging Promo - 5 Sep 2025 - Auto Low Bid - MJC,IT,11,EUR,2025,2151342,0.2467%,0.16373,5307,868.92,5104.28,202
"=""amzn1.ads-account.g.6wubx539i9z2ina5h90v21w6e""",WWD - Workwear Depot,,"=""278469250312380""",A - Auto Low Bid - May 2023 - MJC,US,2,USD,2026,1287,0.3885%,0.25000,5,1.25,18.00,1
"=""amzn1.ads-account.g.bak81x0kttgh0i1ah3ezzzu2m""",Portwest PL,,"=""399671753980737""",Growers (From UK) - Auto Low Bid - MJC,PL,1,PLN,2025,9340,0.0857%,0.19875,8,1.59,0.00,0
"=""amzn1.ads-account.g.95u2ty2xhpic90diqqwzt6a2s""",Portwest USA,,"=""446556638681330""",Keyword Research 3 Low Bid - BRD PHR - JC,US,4,USD,2025,59040,0.5115%,0.26828,302,81.02,840.30,29
"=""amzn1.ads-account.g.9zovk6zrqsgpaj8x2od1sbl53""",Portwest - BE BISS - (Pan-EU),,"=""480650557145400""",SP - PBDD - Project Candy Low Bid - MJC,BE,10,EUR,2025,11159,1.1022%,0.13488,123,16.59,643.26,21
"=""amzn1.ads-account.g.betoci5lb82z6jole1u6tt780""",Portwest FR,,"=""294745696953229""",Keyword Research Low Bid (Seasonal) - BRD PHR - SD,FR,7,EUR,2026,59559,0.3274%,0.17790,195,34.69,475.67,31
"=""amzn1.ads-account.g.9mvvwnjt2tsmdz08926vlb17a""",Portwest DE,,"=""184430825120105""",PAT Competitor - C733 (CY),DE,4,EUR,2026,2652,1.2821%,0.49235,34,16.74,70.43,4
"=""amzn1.ads-account.g.7qon60b3itwr4fzatg0h6r5fv""",Portwest IT,,"=""365836086305490""",Keyword Research Low Bid Group 1 - BRD PHR Oct 2024 - JC,IT,5,EUR,2026,106834,0.3632%,0.12956,388,50.27,601.95,31
"=""amzn1.ads-account.g.6wubx539i9z2ina5h90v21w6e""",WWD - Workwear Depot,,"=""317606326104162""",Auto Low Bid - Seller Push May 2024 - MJC,US,8,USD,2025,3121,0.3525%,0.24273,11,2.67,0.00,0
"=""amzn1.ads-account.g.betoci5lb82z6jole1u6tt780""",Portwest FR,,"=""370127154989503""",Auto Low Bid - Q4 2023 - MJC,FR,5,EUR,2026,291513,0.1427%,0.14260,416,59.32,817.63,36
"=""amzn1.ads-account.g.mxheehzl72t4l5it1hfsk6xz""",Portwest SE,,"=""376936864967411""",Auto All - EURO Expansion 4 V2 - Campaign B - MJC,SE,12,SEK,2025,113040,0.3937%,0.65885,445,293.19,4420.32,21
"=""amzn1.ads-account.g.6wubx539i9z2ina5h90v21w6e""",WWD - Workwear Depot,,"=""316861580179555""",Auto Low Bid April MJC 24,US,3,USD,2026,8425,0.7715%,0.23477,65,15.26,37.99,1
"=""amzn1.ads-account.g.bak81x0kttgh0i1ah3ezzzu2m""",Portwest PL,,"=""411231244404388""",Project Candy - Target Styles Q4 2024 - Auto Low Bid - MJC,PL,7,PLN,2025,10213,0.4014%,0.70927,41,29.08,33.90,3
"=""amzn1.ads-account.g.1pajz8jo9dcmlcw2654w4ynhd""",Portwest Australia,,"=""74703476074231""",Profit PAT MJC,AU,7,AUD,2025,6214,0.9495%,0.32288,59,19.05,379.70,16
"=""amzn1.ads-account.g.mxheehzl72t4l5it1hfsk6xz""",Portwest SE,,"=""329244351830333""",Droppers (From UK) - Auto Low Bid - MJC,SE,8,SEK,2026,13756,0.4216%,1.21638,58,70.55,683.73,4
"=""amzn1.ads-account.g.mxheehzl72t4l5it1hfsk6xz""",Portwest SE,,"=""293264327574712""",Auto All - EURO Expansion 4 V2 - Campaign A - MJC,SE,4,SEK,2026,147464,0.4794%,0.95188,707,672.98,22133.56,75
"=""amzn1.ads-account.g.95u2ty2xhpic90diqqwzt6a2s""",Portwest USA,,"=""245908494633100""",SP - B2B Auto Low Bid - MC,US,9,USD,2026,13017,0.8220%,0.39243,107,41.99,2943.21,102
"=""amzn1.ads-account.g.7qon60b3itwr4fzatg0h6r5fv""",Portwest IT,,"=""325147263942313""",Keyword Research Low Bid Group 2 - BRD PHR Oct 2024 - JC,IT,1,EUR,2026,215133,0.5327%,0.16611,1146,190.36,2824.29,174
"=""amzn1.ads-account.g.8os9jbxe8uolgs0z0ka9qua0q""",Portwest ES,,"=""414379648842481""",SP - B2B Auto Low Bid - MC,ES,5,EUR,2026,52639,0.4008%,0.26858,211,56.67,2573.54,187
"=""amzn1.ads-account.g.betoci5lb82z6jole1u6tt780""",Portwest FR,,"=""19826924345521""",Growers - Auto Low Bid - MJC,FR,1,EUR,2025,591476,0.5840%,0.16078,3454,555.33,14381.66,760
"=""amzn1.ads-account.g.1pajz8jo9dcmlcw2654w4ynhd""",Portwest Australia,,"=""108617369848228""",Display Ads Converting FW90,AU,10,AUD,2025,74,4.0541%,0.08000,3,0.24,0.00,0
"=""amzn1.ads-account.g.95u2ty2xhpic90diqqwzt6a2s""",Portwest USA,,"=""303569566619173""",High ROAS Top Styles - Medium bid Oct 2024 - JC,US,10,USD,2025,1963,0.5094%,0.55000,10,5.50,0.00,0
"=""amzn1.ads-account.g.betoci5lb82z6jole1u6tt780""",Portwest FR,,"=""330209804597144""",SP - Bridging Promo until 4th Aug - Project Candy Low Bid - MJC,FR,7,EUR,2025,4814,0.2077%,0.18000,10,1.80,7.92,1
"=""amzn1.ads-account.g.bak81x0kttgh0i1ah3ezzzu2m""",Portwest PL,,"=""490065738750316""",Droppers (From UK) - Auto Low Bid - MJC,PL,3,PLN,2025,14332,0.2442%,0.23771,35,8.32,23.49,1
"=""amzn1.ads-account.g.bak81x0kttgh0i1ah3ezzzu2m""",Portwest PL,,"=""490065738750316""",Droppers (From UK) - Auto Low Bid - MJC,PL,5,PLN,2025,6694,0.3585%,0.27750,24,6.66,133.90,1
"=""amzn1.ads-account.g.8os9jbxe8uolgs0z0ka9qua0q""",Portwest ES,,"=""470198564047574""",SP - PRIME DAY - Project Candy Low Bid with Multi,ES,6,EUR,2026,242016,0.1157%,0.18025,280,50.47,908.87,30
"=""amzn1.ads-account.g.5dfl8rvx53v3cuqmb1snnubcf""",Portwest NL,,"=""481032442344858""",Auto Low Bid - Q1 2024 - Feb Deals - MJC,NL,8,EUR,2025,16891,0.3907%,0.09803,66,6.47,0.00,0
"=""amzn1.ads-account.g.5dfl8rvx53v3cuqmb1snnubcf""",Portwest NL,,"=""481032442344858""",Auto Low Bid - Q1 2024 - Feb Deals - MJC,NL,6,EUR,2025,30443,0.3088%,0.09798,94,9.21,136.87,10
"=""amzn1.ads-account.g.mxheehzl72t4l5it1hfsk6xz""",Portwest SE,,"=""508987492133915""",Growers (From UK) - Auto Low Bid - MJC,SE,7,SEK,2025,21854,0.3295%,0.87903,72,63.29,307.09,1
"=""amzn1.ads-account.g.9mvvwnjt2tsmdz08926vlb17a""",Portwest DE,,"=""456161439841495""",Store Spotlight (DE) SB - Homepage - SD,DE,2,EUR,2026,510907,0.1869%,0.16730,955,159.77,3573.41,80
"=""amzn1.ads-account.g.6wubx539i9z2ina5h90v21w6e""",WWD - Workwear Depot,,"=""403581243770082""",Focus Styles (Top Selling Seller) - Auto Low Bid June 2023 - MJC,US,8,USD,2025,20655,0.3050%,0.35143,63,22.14,191.88,12
"=""amzn1.ads-account.g.9mvvwnjt2tsmdz08926vlb17a""",Portwest DE,,"=""484663444651191""",Keyword Research Low Bid - BRD PHR - SD,DE,7,EUR,2026,155982,0.3475%,0.23727,542,128.60,2809.01,151
"=""amzn1.ads-account.g.7qon60b3itwr4fzatg0h6r5fv""",Portwest IT,,"=""487996402016430""",SP - B2B Auto Low Bid - MC,IT,11,EUR,2025,59149,0.5748%,0.25400,340,86.36,4397.86,194
"=""amzn1.ads-account.g.7qon60b3itwr4fzatg0h6r5fv""",Portwest IT,,"=""394086876968340""",PAT Profit Style - Low bid EXT and EXP Oct 2024 - JC,IT,1,EUR,2025,189862,0.7290%,0.17399,1384,240.80,2657.43,83
"=""amzn1.ads-account.g.9mvvwnjt2tsmdz08926vlb17a""",Portwest DE,,"=""533829515195503""",SP - UK Gap Products - Project Candy - Auto Low Bid - MJC,DE,8,EUR,2026,99762,0.4431%,0.15525,442,68.62,1442.76,49
"=""amzn1.ads-account.g.8os9jbxe8uolgs0z0ka9qua0q""",Portwest ES,,"=""547962426196207""",Auto Low Bid - Q1 2024 - Feb Deals - MJC,ES,12,EUR,2025,726358,0.2579%,0.13502,1873,252.89,1729.38,67
"=""amzn1.ads-account.g.7qon60b3itwr4fzatg0h6r5fv""",Portwest IT,,"=""370228643995043""",Project Candy - Converting EXT - 20240711,IT,5,EUR,2026,50061,0.2797%,0.13793,140,19.31,150.44,12
"=""amzn1.ads-account.g.7qon60b3itwr4fzatg0h6r5fv""",Portwest IT,,"=""110783796402197""",Droppers - Auto Low Bid - MJC,IT,8,EUR,2025,62824,0.6972%,0.17840,438,78.14,721.23,27
"=""amzn1.ads-account.g.6wubx539i9z2ina5h90v21w6e""",WWD - Workwear Depot,,"=""552489117768110""",SP - Project Candy Low Bid - Catch All - Active Only - MJC,UK,11,GBP,2025,128365,1.2153%,0.30937,1560,482.62,2087.29,81
"=""amzn1.ads-account.g.95u2ty2xhpic90diqqwzt6a2s""",Portwest USA,,"=""309711536950673""",Auto Low Bid - Vendor Push April 2024 - MJC,US,4,USD,2025,88658,0.7410%,0.24974,657,164.08,1554.03,56
"=""amzn1.ads-account.g.9mvvwnjt2tsmdz08926vlb17a""",Portwest DE,,"=""288384587728489""",Bridging Promo 17 May - Project Candy Low Bid - MJC,DE,1,EUR,2026,424479,0.3640%,0.14297,1545,220.89,4978.38,111
"=""amzn1.ads-account.g.95u2ty2xhpic90diqqwzt6a2s""",Portwest USA,,"=""487432728655131""",Project Candy - Push Styles Q4 2024 - Auto Low Bid - MJC,US,7,USD,2025,95070,0.4534%,0.22638,431,97.57,881.11,38
"=""amzn1.ads-account.g.9zovk6zrqsgpaj8x2od1sbl53""",Portwest - BE BISS - (Pan-EU),,"=""480650557145400""",SP - PBDD - Project Candy Low Bid - MJC,BE,5,EUR,2026,8787,1.0925%,0.13281,96,12.75,292.18,12
"=""amzn1.ads-account.g.7qon60b3itwr4fzatg0h6r5fv""",Portwest IT,,"=""110783796402197""",Droppers - Auto Low Bid - MJC,IT,11,EUR,2025,58394,0.4898%,0.19077,286,54.56,598.82,24
"=""amzn1.ads-account.g.95u2ty2xhpic90diqqwzt6a2s""",Portwest USA,,"=""363307255195676""",PAT Profit Style group 1 - Low bid Sep 2024 - JC,US,7,USD,2025,2629,0.6847%,0.27611,18,4.97,122.47,2
"=""amzn1.ads-account.g.8os9jbxe8uolgs0z0ka9qua0q""",Portwest ES,,"=""311119177054404""",SP - PBDD - Project Candy Low Bid - MJC,ES,8,EUR,2026,143246,0.4810%,0.13633,689,93.93,888.38,82
"=""amzn1.ads-account.g.9mvvwnjt2tsmdz08926vlb17a""",Portwest DE,,"=""479578890600664""",SP - Bridging Promo until 4th Aug - Project Candy Low Bid - MJC,DE,9,EUR,2025,636125,0.3462%,0.17823,2202,392.47,3853.54,256
"=""amzn1.ads-account.g.5dfl8rvx53v3cuqmb1snnubcf""",Portwest NL,,"=""492525007470072""",Auto All - EURO Expansion 4 - Campaign A - MJC,NL,5,EUR,2026,89966,0.4046%,0.07813,364,28.44,1297.13,53
"=""amzn1.ads-account.g.1pajz8jo9dcmlcw2654w4ynhd""",Portwest Australia,,"=""529658289585474""",May Promo - Project Candy - Auto Low Bid - MJC,AU,6,AUD,2025,580604,0.3703%,0.24832,2150,533.88,5358.05,236
"=""amzn1.ads-account.g.1pajz8jo9dcmlcw2654w4ynhd""",Portwest Australia,,"=""355925356602496""","Core Keywords, Close Match EXT - Suggested Bid - AH",AU,10,AUD,2025,27857,0.3195%,0.23281,89,20.72,334.03,20
"=""amzn1.ads-account.g.8os9jbxe8uolgs0z0ka9qua0q""",Portwest ES,,"=""480938456434366""",SP - UK Gap Products - Project Candy - Auto Low Bid - MJC,ES,4,EUR,2026,716274,0.2863%,0.13201,2051,270.75,3102.37,150
"=""amzn1.ads-account.g.1pajz8jo9dcmlcw2654w4ynhd""",Portwest Australia,,"=""514462827169654""",SP - PRIME DAY - Project Candy Low Bid with Multi,AU,2,AUD,2026,75475,0.4266%,0.35550,322,114.47,1629.21,51
"=""amzn1.ads-account.g.95u2ty2xhpic90diqqwzt6a2s""",Portwest USA,,"=""547236964747932""",Manual Profit EXT Low Bid - December 2023 - MJC,US,6,USD,2025,551,0.1815%,0.25000,1,0.25,83.75,2
"=""amzn1.ads-account.g.9mvvwnjt2tsmdz08926vlb17a""",Portwest DE,,"=""191386157012832""",Growers - Auto Low Bid - MJC,DE,3,EUR,2026,129277,0.5430%,0.16681,702,117.10,1615.33,63
"=""amzn1.ads-account.g.5dfl8rvx53v3cuqmb1snnubcf""",Portwest NL,,"=""444011378490748""",SP - Project Candy - Bridging Promo - 5 Sep 2025 - Auto Low Bid - MJC,NL,5,EUR,2026,152554,0.4294%,0.12440,655,81.48,561.74,60
"=""amzn1.ads-account.g.95u2ty2xhpic90diqqwzt6a2s""",Portwest USA,,"=""408324720320680""",(B2B Multiplier Test) - Profit Expand Group 1 - Low Bid BRD & PHR - JC,US,10,USD,2025,123261,0.6839%,0.28339,843,238.90,1270.11,24
"=""amzn1.ads-account.g.8os9jbxe8uolgs0z0ka9qua0q""",Portwest ES,,"=""536026367346324""",Project Candy - Converting EXT - 20240711,ES,2,EUR,2026,39265,0.3031%,0.12975,119,15.44,137.80,10
"=""amzn1.ads-account.g.95u2ty2xhpic90diqqwzt6a2s""",Portwest USA,,"=""360269261984589""",Vendor Purchased - Not Advertised (Sep 2023) - Auto Low Bid - MJC,US,1,USD,2025,929751,0.1409%,0.17679,1310,231.60,1672.75,38
"=""amzn1.ads-account.g.bak81x0kttgh0i1ah3ezzzu2m""",Portwest PL,,"=""399671753980737""",Growers (From UK) - Auto Low Bid - MJC,PL,2,PLN,2025,7791,0.2182%,0.33529,17,5.70,0.00,0
"=""amzn1.ads-account.g.5dfl8rvx53v3cuqmb1snnubcf""",Portwest NL,,"=""392977465332326""",Growers (From UK) - Auto Low Bid - MJC,NL,11,EUR,2025,7879,0.5458%,0.05860,43,2.52,106.96,5
"=""amzn1.ads-account.g.7qon60b3itwr4fzatg0h6r5fv""",Portwest IT,,"=""370228643995043""",Project Candy - Converting EXT - 20240711,IT,5,EUR,2025,37430,0.2030%,0.14803,76,11.25,36.32,3
"=""amzn1.ads-account.g.7qon60b3itwr4fzatg0h6r5fv""",Portwest IT,,"=""325147263942313""",Keyword Research Low Bid Group 2 - BRD PHR Oct 2024 - JC,IT,4,EUR,2026,107836,0.7122%,0.16523,768,126.90,1688.12,124
"=""amzn1.ads-account.g.1pajz8jo9dcmlcw2654w4ynhd""",Portwest Australia,,"=""413015514693012""",New Respirator Masks - PAT (From Aoife) - MJC,AU,9,AUD,2026,4,0.0000%,,0,0.00,0.00,0
"=""amzn1.ads-account.g.1pajz8jo9dcmlcw2654w4ynhd""",Portwest Australia,,"=""519274833218421""",Facemasks - Keyword Res - All Match Types - MJC,AU,5,AUD,2025,41069,0.3677%,0.63583,151,96.01,721.21,37
"=""amzn1.ads-account.g.1pajz8jo9dcmlcw2654w4ynhd""",Portwest Australia,,"=""327823251042498""",Display Ads Converting SP AH,AU,9,AUD,2025,15201,0.1316%,0.94950,20,18.99,203.91,6
"=""amzn1.ads-account.g.7qon60b3itwr4fzatg0h6r5fv""",Portwest IT,,"=""325147263942313""",Keyword Research Low Bid Group 2 - BRD PHR Oct 2024 - JC,IT,6,EUR,2026,149639,0.3936%,0.17465,589,102.87,925.99,62
"=""amzn1.ads-account.g.9zovk6zrqsgpaj8x2od1sbl53""",Portwest - BE BISS - (Pan-EU),,"=""377546417761236""",Auto All - EURO Expansion 4 - Campaign B - MJC,BE,7,EUR,2026,81054,0.7871%,0.10580,638,67.50,1215.91,64
"=""amzn1.ads-account.g.95u2ty2xhpic90diqqwzt6a2s""",Portwest USA,,"=""496148515305885""",Auto Low Bid - Vendor Gloves Push January 2024 - MJC,US,6,USD,2025,3015,1.9237%,0.24914,58,14.45,22.35,2
"=""amzn1.ads-account.g.95u2ty2xhpic90diqqwzt6a2s""",Portwest USA,,"=""449935138966310""",Project Candy V3 - Top 100 (May 2025) - Auto Low Bid with Multi - MJC,US,10,USD,2025,2792357,0.5726%,0.37996,15988,6074.87,25394.14,821
"=""amzn1.ads-account.g.betoci5lb82z6jole1u6tt780""",Portwest FR,,"=""410848499689009""",Store Spotlight SB FR (2) - SD,FR,9,EUR,2025,1515063,0.0474%,0.17393,718,124.88,2031.47,98
"=""amzn1.ads-account.g.95u2ty2xhpic90diqqwzt6a2s""",Portwest USA,,"=""538640203987393""",Profit Focus US440 - Exact - Oct 2024 - JC,US,1,USD,2025,17610,0.5622%,0.95586,99,94.63,217.37,14
"=""amzn1.ads-account.g.9mvvwnjt2tsmdz08926vlb17a""",Portwest DE,,"=""484663444651191""",Keyword Research Low Bid - BRD PHR - SD,DE,8,EUR,2025,997150,0.2709%,0.23829,2701,643.61,6915.92,474
"=""amzn1.ads-account.g.7qon60b3itwr4fzatg0h6r5fv""",Portwest IT,,"=""491583009841605""",SP - Bridging Promo until 4th Aug - Project Candy Low Bid - MJC,IT,7,EUR,2025,12841,0.3738%,0.16313,48,7.83,13.93,1
"=""amzn1.ads-account.g.betoci5lb82z6jole1u6tt780""",Portwest FR,,"=""424060741780397""",Auto Low Bid - Q1 2024 - Feb Deals - MJC,FR,8,EUR,2025,111108,0.2286%,0.14508,254,36.85,310.06,13
"=""amzn1.ads-account.g.1pajz8jo9dcmlcw2654w4ynhd""",Portwest Australia,,"=""519485767745737""",Keyword Research Low Bid - BRD PHR - AH,AU,3,AUD,2026,29107,0.6596%,0.52516,192,100.83,1197.91,29
"=""amzn1.ads-account.g.9zovk6zrqsgpaj8x2od1sbl53""",Portwest - BE BISS - (Pan-EU),,"=""344800929956085""",Auto All - EURO Expansion 4 - Campaign A - MJC,BE,10,EUR,2025,99413,1.0009%,0.10722,995,106.68,2489.36,151
"=""amzn1.ads-account.g.95u2ty2xhpic90diqqwzt6a2s""",Portwest USA,,"=""547236964747932""",Manual Profit EXT Low Bid - December 2023 - MJC,US,9,USD,2025,297,1.3468%,0.25000,4,1.00,0.00,0
"=""amzn1.ads-account.g.9mvvwnjt2tsmdz08926vlb17a""",Portwest DE,,"=""368937778983831""",Manual Profit EXT Low Bid - December 2023 - MJC,DE,8,EUR,2026,43605,0.3486%,0.24059,152,36.57,924.28,48
"=""amzn1.ads-account.g.9mvvwnjt2tsmdz08926vlb17a""",Portwest DE,,"=""309290485231754""",Display Ads Converting SP SD,DE,9,EUR,2026,10553,0.3317%,0.57429,35,20.10,84.67,6
"=""amzn1.ads-account.g.1pajz8jo9dcmlcw2654w4ynhd""",Portwest Australia,,"=""313517393614726""",Push Q1 2024 - Auto Low Bid - MJC,AU,3,AUD,2026,137463,0.4059%,0.43263,558,241.41,1781.32,110
"=""amzn1.ads-account.g.7qon60b3itwr4fzatg0h6r5fv""",Portwest IT,,"=""365836086305490""",Keyword Research Low Bid Group 1 - BRD PHR Oct 2024 - JC,IT,2,EUR,2026,59365,0.4110%,0.11750,244,28.67,325.01,20
"=""amzn1.ads-account.g.bak81x0kttgh0i1ah3ezzzu2m""",Portwest PL,,"=""457018929654451""",Auto All - EURO Expansion 4 - Campaign B - MJC,PL,9,PLN,2026,19364,0.2685%,0.42442,52,22.07,0.00,0
"=""amzn1.ads-account.g.9mvvwnjt2tsmdz08926vlb17a""",Portwest DE,,"=""165105723572633""",Auto Targeting - S999 (CY),DE,12,EUR,2025,3688,0.7321%,0.25556,27,6.90,0.00,0
"=""amzn1.ads-account.g.1pajz8jo9dcmlcw2654w4ynhd""",Portwest Australia,,"=""529658289585474""",May Promo - Project Candy - Auto Low Bid - MJC,AU,6,AUD,2026,140272,0.4926%,0.34641,691,239.37,2051.19,97
"=""amzn1.ads-account.g.9mvvwnjt2tsmdz08926vlb17a""",Portwest DE,,"=""288384587728489""",Bridging Promo 17 May - Project Candy Low Bid - MJC,DE,5,EUR,2026,121764,0.3425%,0.14273,417,59.52,1085.37,28
"=""amzn1.ads-account.g.1pajz8jo9dcmlcw2654w4ynhd""",Portwest Australia,,"=""519274833218421""",Facemasks - Keyword Res - All Match Types - MJC,AU,4,AUD,2025,33220,0.3341%,0.63559,111,70.55,317.86,18
"=""amzn1.ads-account.g.bak81x0kttgh0i1ah3ezzzu2m""",Portwest PL,,"=""399671753980737""",Growers (From UK) - Auto Low Bid - MJC,PL,6,PLN,2026,15198,0.2961%,0.39756,45,17.89,0.00,0
"=""amzn1.ads-account.g.9zovk6zrqsgpaj8x2od1sbl53""",Portwest - BE BISS - (Pan-EU),,"=""385469476566499""",Bridging Promo 31 May - Project Candy Low Bid - MJC,BE,6,EUR,2026,6021,0.5813%,0.15143,35,5.30,135.47,3
"=""amzn1.ads-account.g.5dfl8rvx53v3cuqmb1snnubcf""",Portwest NL,,"=""485435109277305""",Home and Garden 2025 - Project Candy - Auto Low Bid - MJC,NL,11,EUR,2025,26705,0.3595%,0.07771,96,7.46,254.35,9
"=""amzn1.ads-account.g.7qon60b3itwr4fzatg0h6r5fv""",Portwest IT,,"=""320546710532715""",Bridging Promo 31 May - Project Candy Low Bid - MJC,IT,6,EUR,2025,907704,0.3306%,0.18067,3001,542.20,3648.22,192
"=""amzn1.ads-account.g.betoci5lb82z6jole1u6tt780""",Portwest FR,,"=""456555263277852""",Keyword Research Low Bid (New Selection) - BRD PHR - SD,FR,6,EUR,2025,229613,0.2779%,0.18191,638,116.06,1612.60,86
"=""amzn1.ads-account.g.1pajz8jo9dcmlcw2654w4ynhd""",Portwest Australia,,"=""228877476300003""",Auto Low Bid - April 2023 - All Styles - MJC,AU,4,AUD,2026,220798,0.3329%,0.29352,735,215.74,2384.20,72
"=""amzn1.ads-account.g.6wubx539i9z2ina5h90v21w6e""",WWD - Workwear Depot,,"=""505622175738793""",DX4 Product Launch Auto - Low Bid Oct 2024 - JC,US,9,USD,2026,42,0.0000%,,0,0.00,0.00,0
"=""amzn1.ads-account.g.mxheehzl72t4l5it1hfsk6xz""",Portwest SE,,"=""508987492133915""",Growers (From UK) - Auto Low Bid - MJC,SE,3,SEK,2026,22146,0.5464%,1.06661,121,129.06,1181.27,5
"=""amzn1.ads-account.g.8os9jbxe8uolgs0z0ka9qua0q""",Portwest ES,,"=""204794077297538""",Base - Top 10 Sellers - Auto Low Bid - MJC,ES,8,EUR,2025,16552,0.5014%,0.15241,83,12.65,83.05,1
"=""amzn1.ads-account.g.6wubx539i9z2ina5h90v21w6e""",WWD - Workwear Depot,,"=""316861580179555""",Auto Low Bid April MJC 24,US,1,USD,2026,8636,0.5790%,0.23420,50,11.71,37.99,1
"=""amzn1.ads-account.g.95u2ty2xhpic90diqqwzt6a2s""",Portwest USA,,"=""345133918085337""",Keyword Research Low Bid - BRD PHR - JC,US,3,USD,2025,842968,0.1628%,0.23620,1372,324.07,3933.18,165
"=""amzn1.ads-account.g.9zovk6zrqsgpaj8x2od1sbl53""",Portwest - BE BISS - (Pan-EU),,"=""501480875972186""",SP - Project Candy Auto Low Bid - Bridging Promo - 22 Sep - MJC,BE,5,EUR,2026,438,0.2283%,0.02000,1,0.02,0.00,0
"=""amzn1.ads-account.g.8os9jbxe8uolgs0z0ka9qua0q""",Portwest ES,,"=""480938456434366""",SP - UK Gap Products - Project Candy - Auto Low Bid - MJC,ES,10,EUR,2025,826109,0.2375%,0.13137,1962,257.75,2030.94,98
"=""amzn1.ads-account.g.betoci5lb82z6jole1u6tt780""",Portwest FR,,"=""293679770059445""",SP - UK Gap Products - Project Candy - Auto Low Bid - MJC,FR,8,EUR,2025,193998,0.4753%,0.13495,922,124.42,1379.49,77
"=""amzn1.ads-account.g.9mvvwnjt2tsmdz08926vlb17a""",Portwest DE,,"=""324958907979592""",Project Candy - Focus Styles from SD - Auto Low Bid - Q4 2024 - MJC,DE,3,EUR,2025,1393717,0.2272%,0.19303,3167,611.32,5862.61,282
"=""amzn1.ads-account.g.1pajz8jo9dcmlcw2654w4ynhd""",Portwest Australia,,"=""228877476300003""",Auto Low Bid - April 2023 - All Styles - MJC,AU,10,AUD,2025,414750,0.3378%,0.23643,1401,331.24,5528.73,242
"=""amzn1.ads-account.g.mxheehzl72t4l5it1hfsk6xz""",Portwest SE,,"=""293264327574712""",Auto All - EURO Expansion 4 V2 - Campaign A - MJC,SE,3,SEK,2026,164465,0.4506%,0.99274,741,735.62,5463.29,41
"=""amzn1.ads-account.g.95u2ty2xhpic90diqqwzt6a2s""",Portwest USA,,"=""378183114449311""",Store Spotlight SB - Oct 2024 - JC,US,1,USD,2025,203024,0.1409%,0.19780,286,56.57,485.61,9
"=""amzn1.ads-account.g.95u2ty2xhpic90diqqwzt6a2s""",Portwest USA,,"=""523654763196797""",Profit Expand Group 3 - Low Bid BRD & PHR - JC,US,7,USD,2025,41047,0.3484%,0.30741,143,43.96,859.10,20
"=""amzn1.ads-account.g.8os9jbxe8uolgs0z0ka9qua0q""",Portwest ES,,"=""547962426196207""",Auto Low Bid - Q1 2024 - Feb Deals - MJC,ES,7,EUR,2025,304061,0.1993%,0.14190,606,85.99,462.27,27
"=""amzn1.ads-account.g.1pajz8jo9dcmlcw2654w4ynhd""",Portwest Australia,,"=""56584912532417""",Converting from Other Channels - MJC,AU,4,AUD,2025,1726,0.3476%,0.95667,6,5.74,34.67,2
"=""amzn1.ads-account.g.95u2ty2xhpic90diqqwzt6a2s""",Portwest USA,,"=""457626057170726""",PAT Profit Top Styles - Exact - Oct 2024 - JC,US,4,USD,2025,4122,1.3100%,0.45537,54,24.59,287.51,8
"=""amzn1.ads-account.g.9zovk6zrqsgpaj8x2od1sbl53""",Portwest - BE BISS - (Pan-EU),,"=""501480875972186""",SP - Project Candy Auto Low Bid - Bridging Promo - 22 Sep - MJC,BE,6,EUR,2026,206,0.4854%,0.02000,1,0.02,0.00,0
"=""amzn1.ads-account.g.9mvvwnjt2tsmdz08926vlb17a""",Portwest DE,,"=""358197710343541""",Project Candy - Converting EXT - 20240711,DE,1,EUR,2025,220694,0.9982%,0.18296,2203,403.06,7128.17,292
"=""amzn1.ads-account.g.8os9jbxe8uolgs0z0ka9qua0q""",Portwest ES,,"=""496172824240757""",Bridging Promo 21 May - Project Candy Low Bid - MJC,ES,6,EUR,2025,293314,0.2591%,0.18380,760,139.69,1008.24,40
"=""amzn1.ads-account.g.betoci5lb82z6jole1u6tt780""",Portwest FR,,"=""449898276473828""",SP - PBDD - Project Candy Low Bid - MJC,FR,5,EUR,2026,1048329,0.2911%,0.14338,3052,437.59,8940.29,487
"=""amzn1.ads-account.g.7qon60b3itwr4fzatg0h6r5fv""",Portwest IT,,"=""394086876968340""",PAT Profit Style - Low bid EXT and EXP Oct 2024 - JC,IT,2,EUR,2026,146204,0.5998%,0.13422,877,117.71,1093.39,48
"=""amzn1.ads-account.g.6wubx539i9z2ina5h90v21w6e""",WWD - Workwear Depot,,"=""317606326104162""",Auto Low Bid - Seller Push May 2024 - MJC,US,10,USD,2025,2237,0.0894%,0.25000,2,0.50,0.00,0
"=""amzn1.ads-account.g.9mvvwnjt2tsmdz08926vlb17a""",Portwest DE,,"=""309290485231754""",Display Ads Converting SP SD,DE,3,EUR,2026,7627,0.2229%,0.60882,17,10.35,74.03,1
"=""amzn1.ads-account.g.6wubx539i9z2ina5h90v21w6e""",WWD - Workwear Depot,,"=""403581243770082""",Focus Styles (Top Selling Seller) - Auto Low Bid June 2023 - MJC,US,3,USD,2026,19308,0.7096%,0.41438,137,56.77,37.99,1
"=""amzn1.ads-account.g.6wubx539i9z2ina5h90v21w6e""",WWD - Workwear Depot,,"=""129758628454478""",UH440 - Auto - May 2023,US,7,USD,2025,25066,0.4867%,0.61672,122,75.24,1090.62,40
"=""amzn1.ads-account.g.7qon60b3itwr4fzatg0h6r5fv""",Portwest IT,,"=""325147263942313""",Keyword Research Low Bid Group 2 - BRD PHR Oct 2024 - JC,IT,2,EUR,2025,343152,0.4738%,0.17539,1626,285.19,2459.86,129
"=""amzn1.ads-account.g.95u2ty2xhpic90diqqwzt6a2s""",Portwest USA,,"=""303569566619173""",High ROAS Top Styles - Medium bid Oct 2024 - JC,US,5,USD,2025,6285,0.4137%,0.70385,26,18.30,52.02,1
"=""amzn1.ads-account.g.1pajz8jo9dcmlcw2654w4ynhd""",Portwest Australia,,"=""371634636717287""",Manual Profit Expand BRD PHR Low Bid - Q2 2024 - MJC,AU,10,AUD,2025,34701,0.4985%,0.23538,173,40.72,550.04,24
"=""amzn1.ads-account.g.8os9jbxe8uolgs0z0ka9qua0q""",Portwest ES,,"=""468167772243698""",Home and Garden 2025 - Project Candy - Auto Low Bid - MJC,ES,12,EUR,2025,2085149,0.2807%,0.13213,5853,773.38,5700.68,247
"=""amzn1.ads-account.g.mxheehzl72t4l5it1hfsk6xz""",Portwest SE,,"=""293264327574712""",Auto All - EURO Expansion 4 V2 - Campaign A - MJC,SE,5,SEK,2025,129584,0.4576%,0.71948,593,426.65,21344.99,75
"=""amzn1.ads-account.g.7qon60b3itwr4fzatg0h6r5fv""",Portwest IT,,"=""501655278304804""",Growers - Auto Low Bid - MJC,IT,3,EUR,2025,843690,0.4644%,0.13960,3918,546.94,6193.60,276
"=""amzn1.ads-account.g.1pajz8jo9dcmlcw2654w4ynhd""",Portwest Australia,,"=""483038863547527""",New Respirator Masks - Auto - MJC,AU,5,AUD,2026,71076,0.4615%,0.38168,328,125.19,1195.02,71
"=""amzn1.ads-account.g.9zovk6zrqsgpaj8x2od1sbl53""",Portwest - BE BISS - (Pan-EU),,"=""457392713613897""",Droppers (From UK) - Auto Low Bid - MJC,BE,6,EUR,2025,1383,1.5184%,0.10762,21,2.26,41.54,2
"=""amzn1.ads-account.g.9mvvwnjt2tsmdz08926vlb17a""",Portwest DE,,"=""456161439841495""",Store Spotlight (DE) SB - Homepage - SD,DE,4,EUR,2026,430500,0.0729%,0.16264,314,51.07,1057.70,30
"=""amzn1.ads-account.g.9zovk6zrqsgpaj8x2od1sbl53""",Portwest - BE BISS - (Pan-EU),,"=""505560042434740""",Growers (From UK) - Auto Low Bid - MJC,BE,10,EUR,2025,6062,1.0393%,0.10413,63,6.56,121.45,8
"=""amzn1.ads-account.g.6wubx539i9z2ina5h90v21w6e""",WWD - Workwear Depot,,"=""316861580179555""",Auto Low Bid April MJC 24,US,3,USD,2025,4383,0.2282%,0.23200,10,2.32,0.00,0
"=""amzn1.ads-account.g.9mvvwnjt2tsmdz08926vlb17a""",Portwest DE,,"=""44819252859905""",Manual Targeting - S999 (CY),DE,11,EUR,2025,49730,0.4625%,0.39943,230,91.87,366.67,17
"=""amzn1.ads-account.g.8os9jbxe8uolgs0z0ka9qua0q""",Portwest ES,,"=""414379648842481""",SP - B2B Auto Low Bid - MC,ES,8,EUR,2026,190138,0.2440%,0.26700,464,123.89,3381.02,177
"=""amzn1.ads-account.g.95u2ty2xhpic90diqqwzt6a2s""",Portwest USA,,"=""371243070537578""","Style Specific - UH447 - Core Keywords, Close Match EXT - Suggested Bid - MJC",US,4,USD,2025,1264,0.0791%,0.71000,1,0.71,0.00,0
"=""amzn1.ads-account.g.9zovk6zrqsgpaj8x2od1sbl53""",Portwest - BE BISS - (Pan-EU),,"=""344800929956085""",Auto All - EURO Expansion 4 - Campaign A - MJC,BE,6,EUR,2026,59097,0.7818%,0.10364,462,47.88,1446.06,70
"=""amzn1.ads-account.g.1pajz8jo9dcmlcw2654w4ynhd""",Portwest Australia,,"=""68131641215038""",Display Ads Converting S440,AU,9,AUD,2025,0,,,0,0.00,0.00,0
"=""amzn1.ads-account.g.1pajz8jo9dcmlcw2654w4ynhd""",Portwest Australia,,"=""411010298200586""",Store Spotlight SB - SD,AU,9,AUD,2026,137653,0.1823%,0.17924,251,44.99,1223.74,44
"=""amzn1.ads-account.g.betoci5lb82z6jole1u6tt780""",Portwest FR,,"=""19826924345521""",Growers - Auto Low Bid - MJC,FR,5,EUR,2025,554792,0.4389%,0.16177,2435,393.90,8909.89,405
"=""amzn1.ads-account.g.95u2ty2xhpic90diqqwzt6a2s""",Portwest USA,,"=""309711536950673""",Auto Low Bid - Vendor Push April 2024 - MJC,US,10,USD,2025,216252,0.7274%,0.24702,1573,388.56,2508.55,62
"=""amzn1.ads-account.g.bak81x0kttgh0i1ah3ezzzu2m""",Portwest PL,,"=""457018929654451""",Auto All - EURO Expansion 4 - Campaign B - MJC,PL,5,PLN,2025,145563,0.1505%,0.38566,219,84.46,390.34,5
"=""amzn1.ads-account.g.betoci5lb82z6jole1u6tt780""",Portwest FR,,"=""542786883751652""",SP - Project Candy - Bridging Promo - 22 Sep 2025 - Auto Low Bid - MJC,FR,9,EUR,2025,1086692,0.2234%,0.16619,2428,403.50,2821.89,218
"=""amzn1.ads-account.g.8os9jbxe8uolgs0z0ka9qua0q""",Portwest ES,,"=""536026367346324""",Project Candy - Converting EXT - 20240711,ES,12,EUR,2025,14382,0.3824%,0.14327,55,7.88,244.56,12
"=""amzn1.ads-account.g.6wubx539i9z2ina5h90v21w6e""",WWD - Workwear Depot,,"=""344804552113751""",SP - Black Friday - MC,US,4,USD,2026,6989,2.3895%,0.27731,167,46.31,689.98,8
"=""amzn1.ads-account.g.6wubx539i9z2ina5h90v21w6e""",WWD - Workwear Depot,,"=""345431107373344""",SP - B2B Auto Low Bid - MC,US,5,USD,2026,8127,0.6029%,0.41449,49,20.31,1493.25,23
"=""amzn1.ads-account.g.6wubx539i9z2ina5h90v21w6e""",WWD - Workwear Depot,,"=""499053194388859""",SP - Project Candy Low Bid - PAT Profit - EXT - MJC,US,5,USD,2026,998,1.5030%,0.13000,15,1.95,49.99,1
"=""amzn1.ads-account.g.7qon60b3itwr4fzatg0h6r5fv""",Portwest IT,,"=""556865623922826""",Auto Low Bid - Q4 2023 - MJC,IT,6,EUR,2025,154634,0.2516%,0.14103,389,54.86,402.44,25
"=""amzn1.ads-account.g.1pajz8jo9dcmlcw2654w4ynhd""",Portwest Australia,,"=""411010298200586""",Store Spotlight SB - SD,AU,3,AUD,2026,352926,0.2032%,0.18102,717,129.79,2228.41,75
"=""amzn1.ads-account.g.6wubx539i9z2ina5h90v21w6e""",WWD - Workwear Depot,,"=""123049042264341""",Portwest + Style Code - Manual EXACT - MJC,US,9,USD,2026,25,16.0000%,0.37000,4,1.48,0.00,0
"=""amzn1.ads-account.g.9zovk6zrqsgpaj8x2od1sbl53""",Portwest - BE BISS - (Pan-EU),,"=""314375037758059""",SP - Project Candy - Bridging Promo - 5 Sep 2025 - Auto Low Bid - MJC,BE,5,EUR,2026,23711,0.9152%,0.13770,217,29.88,296.66,19
"=""amzn1.ads-account.g.betoci5lb82z6jole1u6tt780""",Portwest FR,,"=""19826924345521""",Growers - Auto Low Bid - MJC,FR,9,EUR,2026,105430,0.2514%,0.17702,265,46.91,1425.10,60
"=""amzn1.ads-account.g.7qon60b3itwr4fzatg0h6r5fv""",Portwest IT,,"=""394086876968340""",PAT Profit Style - Low bid EXT and EXP Oct 2024 - JC,IT,6,EUR,2026,44568,0.6260%,0.17057,279,47.59,376.70,19
"=""amzn1.ads-account.g.8os9jbxe8uolgs0z0ka9qua0q""",Portwest ES,,"=""204794077297538""",Base - Top 10 Sellers - Auto Low Bid - MJC,ES,10,EUR,2025,39032,0.4227%,0.17618,165,29.07,173.06,2
"=""amzn1.ads-account.g.6wubx539i9z2ina5h90v21w6e""",WWD - Workwear Depot,,"=""353455736089883""",SP - Project Candy Low Bid - Winning Terms - Profit - EXT - MJC,US,11,USD,2025,31270,0.3358%,0.24686,105,25.92,147.98,3
"=""amzn1.ads-account.g.95u2ty2xhpic90diqqwzt6a2s""",Portwest USA,,"=""404384002405554""",Style Specific - UH447 - Keyword Research Low Bid (0.25) - BRD PHR - Dayparting 25 Increase Weekdays - MJC,US,1,USD,2025,8184,0.9775%,0.37988,80,30.39,59.93,2
"=""amzn1.ads-account.g.1pajz8jo9dcmlcw2654w4ynhd""",Portwest Australia,,"=""355925356602496""","Core Keywords, Close Match EXT - Suggested Bid - AH",AU,9,AUD,2026,6993,0.6721%,0.49404,47,23.22,115.75,5
"=""amzn1.ads-account.g.9mvvwnjt2tsmdz08926vlb17a""",Portwest DE,,"=""524187804468115""",Store Spotlight SB DE (2) - SD,DE,5,EUR,2025,246001,0.0622%,0.16281,153,24.91,192.74,11
"=""amzn1.ads-account.g.9zovk6zrqsgpaj8x2od1sbl53""",Portwest - BE BISS - (Pan-EU),,"=""467986707928067""",SP - Project Candy - Bridging Promo - 22 Sep 2025 - Auto Low Bid - MJC,BE,12,EUR,2025,33469,0.9770%,0.13541,327,44.28,346.80,19
"=""amzn1.ads-account.g.95u2ty2xhpic90diqqwzt6a2s""",Portwest USA,,"=""310313949746032""",Growers - Auto Low Bid - MJC,US,5,USD,2025,106686,0.3768%,0.24744,402,99.47,1388.73,50
"=""amzn1.ads-account.g.7qon60b3itwr4fzatg0h6r5fv""",Portwest IT,,"=""344146066785323""",SP - Project Candy Auto Low Bid - Bridging Promo - 22 Sep - MJC,IT,7,EUR,2026,188029,0.4106%,0.10280,772,79.36,1574.34,66
"=""amzn1.ads-account.g.9mvvwnjt2tsmdz08926vlb17a""",Portwest DE,,"=""484663444651191""",Keyword Research Low Bid - BRD PHR - SD,DE,4,EUR,2025,954765,0.1814%,0.23902,1732,413.99,4299.05,218
"=""amzn1.ads-account.g.6wubx539i9z2ina5h90v21w6e""",WWD - Workwear Depot,,"=""345431107373344""",SP - B2B Auto Low Bid - MC,US,2,USD,2026,15111,0.4235%,0.35484,64,22.71,1264.04,28
"=""amzn1.ads-account.g.9mvvwnjt2tsmdz08926vlb17a""",Portwest DE,,"=""191386157012832""",Growers - Auto Low Bid - MJC,DE,5,EUR,2025,577595,0.3617%,0.19827,2089,414.18,7150.48,340
"=""amzn1.ads-account.g.1pajz8jo9dcmlcw2654w4ynhd""",Portwest Australia,,"=""74703476074231""",Profit PAT MJC,AU,1,AUD,2026,2970,1.6498%,0.28327,49,13.88,31.77,1
"=""amzn1.ads-account.g.9zovk6zrqsgpaj8x2od1sbl53""",Portwest - BE BISS - (Pan-EU),,"=""314375037758059""",SP - Project Candy - Bridging Promo - 5 Sep 2025 - Auto Low Bid - MJC,BE,1,EUR,2026,35920,1.1359%,0.12892,408,52.60,778.09,37
"=""amzn1.ads-account.g.1pajz8jo9dcmlcw2654w4ynhd""",Portwest Australia,,"=""98881097356548""",Display Ads Top Styles Helmet & Headwear - SD,AU,5,AUD,2026,0,,,0,0.00,0.00,0
"=""amzn1.ads-account.g.betoci5lb82z6jole1u6tt780""",Portwest FR,,"=""201893153506278""",Droppers - Profit - MJC,FR,9,EUR,2025,2689,0.3719%,0.15600,10,1.56,28.94,2
"=""amzn1.ads-account.g.6wubx539i9z2ina5h90v21w6e""",WWD - Workwear Depot,,"=""20901691149359""",T - Auto Low Bid - May 2023 - MJC,US,2,USD,2025,12262,0.1305%,0.23625,16,3.78,0.00,0
"=""amzn1.ads-account.g.7qon60b3itwr4fzatg0h6r5fv""",Portwest IT,,"=""556865623922826""",Auto Low Bid - Q4 2023 - MJC,IT,2,EUR,2025,454206,0.2818%,0.14497,1280,185.56,1309.59,45
"=""amzn1.ads-account.g.1pajz8jo9dcmlcw2654w4ynhd""",Portwest Australia,,"=""56584912532417""",Converting from Other Channels - MJC,AU,3,AUD,2025,936,0.2137%,1.00000,2,2.00,0.00,0
"=""amzn1.ads-account.g.mxheehzl72t4l5it1hfsk6xz""",Portwest SE,,"=""506264653748482""",SP - Project Candy - Bridging Promo - 22 Sep 2025 - Auto Low Bid - MJC,SE,1,SEK,2026,35809,0.3993%,1.39685,143,199.75,1071.96,6
"=""amzn1.ads-account.g.1pajz8jo9dcmlcw2654w4ynhd""",Portwest Australia,,"=""476491807026648""",2852 - Top Seller - Auto Low Bid - MJC,AU,2,AUD,2025,556,0.7194%,0.48000,4,1.92,30.90,1
"=""amzn1.ads-account.g.1pajz8jo9dcmlcw2654w4ynhd""",Portwest Australia,,"=""519485767745737""",Keyword Research Low Bid - BRD PHR - AH,AU,2,AUD,2026,22740,0.6508%,0.52581,148,77.82,817.57,18
"=""amzn1.ads-account.g.7qon60b3itwr4fzatg0h6r5fv""",Portwest IT,,"=""320546710532715""",Bridging Promo 31 May - Project Candy Low Bid - MJC,IT,8,EUR,2026,23819,0.7641%,0.11478,182,20.89,381.23,16
"=""amzn1.ads-account.g.9mvvwnjt2tsmdz08926vlb17a""",Portwest DE,,"=""484663444651191""",Keyword Research Low Bid - BRD PHR - SD,DE,4,EUR,2026,244012,0.2045%,0.23383,499,116.68,2065.72,104
"=""amzn1.ads-account.g.mxheehzl72t4l5it1hfsk6xz""",Portwest SE,,"=""329244351830333""",Droppers (From UK) - Auto Low Bid - MJC,SE,9,SEK,2026,4761,0.7561%,1.16528,36,41.95,358.99,2
"=""amzn1.ads-account.g.6wubx539i9z2ina5h90v21w6e""",WWD - Workwear Depot,,"=""278469250312380""",A - Auto Low Bid - May 2023 - MJC,US,6,USD,2026,1037,0.0964%,0.17000,1,0.17,0.00,0
"=""amzn1.ads-account.g.mxheehzl72t4l5it1hfsk6xz""",Portwest SE,,"=""376936864967411""",Auto All - EURO Expansion 4 V2 - Campaign B - MJC,SE,4,SEK,2026,154297,0.2968%,1.02135,458,467.78,6555.16,35
"=""amzn1.ads-account.g.95u2ty2xhpic90diqqwzt6a2s""",Portwest USA,,"=""447677372993835""",PAT Profit US440 - Exact - Oct 2024 - JC,US,4,USD,2025,3959,0.3789%,0.44467,15,6.67,24.78,2
"=""amzn1.ads-account.g.95u2ty2xhpic90diqqwzt6a2s""",Portwest USA,,"=""361201165946376""",Home and Garden - Project Candy - Auto Low Bid - MJC,US,5,USD,2025,1475242,0.0553%,0.23339,816,190.45,1325.24,61
"=""amzn1.ads-account.g.9mvvwnjt2tsmdz08926vlb17a""",Portwest DE,,"=""288384587728489""",Bridging Promo 17 May - Project Candy Low Bid - MJC,DE,7,EUR,2026,51627,0.6179%,0.14527,319,46.34,512.90,14
"=""amzn1.ads-account.g.6wubx539i9z2ina5h90v21w6e""",WWD - Workwear Depot,,"=""367477579971086""",SP - Project Candy Low Bid - Converting Terms - Profit Expand - PHR - MJC,US,10,USD,2025,19192,0.4168%,0.19750,80,15.80,345.89,11
"=""amzn1.ads-account.g.betoci5lb82z6jole1u6tt780""",Portwest FR,,"=""201893153506278""",Droppers - Profit - MJC,FR,3,EUR,2026,4819,0.8300%,0.14300,40,5.72,314.56,56
"=""amzn1.ads-account.g.9mvvwnjt2tsmdz08926vlb17a""",Portwest DE,,"=""488971604344142""",Keyword Research Low Bid (New Selection) - BRD PHR - SD,DE,7,EUR,2025,477809,0.2269%,0.23923,1084,259.32,2163.19,84
"=""amzn1.ads-account.g.95u2ty2xhpic90diqqwzt6a2s""",Portwest USA,,"=""533532889300124""",Auto Low Bid - Vendor Push May 2024 - MJC,US,6,USD,2026,4969,0.9861%,0.21755,49,10.66,34.38,1
"=""amzn1.ads-account.g.9mvvwnjt2tsmdz08926vlb17a""",Portwest DE,,"=""151460587266063""",PAT Competitor - H440 (CY),DE,8,EUR,2026,2708,0.4801%,0.45154,13,5.87,0.00,0
"=""amzn1.ads-account.g.1pajz8jo9dcmlcw2654w4ynhd""",Portwest Australia,,"=""355925356602496""","Core Keywords, Close Match EXT - Suggested Bid - AH",AU,11,AUD,2025,7039,0.8950%,0.36683,63,23.11,127.19,8
"=""amzn1.ads-account.g.1pajz8jo9dcmlcw2654w4ynhd""",Portwest Australia,,"=""463416327324191""",Growers - Auto Low Bid - MJC,AU,8,AUD,2025,34200,0.7602%,0.40508,260,105.32,978.04,61
"=""amzn1.ads-account.g.9mvvwnjt2tsmdz08926vlb17a""",Portwest DE,,"=""561617050692541""",Auto Low Bid - Q4 2023 - MJC,DE,6,EUR,2026,49107,0.2993%,0.15864,147,23.32,184.23,10
"=""amzn1.ads-account.g.9mvvwnjt2tsmdz08926vlb17a""",Portwest DE,,"=""368937778983831""",Manual Profit EXT Low Bid - December 2023 - MJC,DE,5,EUR,2025,95520,0.3224%,0.24347,308,74.99,975.63,56
"=""amzn1.ads-account.g.95u2ty2xhpic90diqqwzt6a2s""",Portwest USA,,"=""552636415923349""",Auto Low Bid - Vendor Push March 2024 - MJC,US,10,USD,2025,83470,0.4756%,0.23451,397,93.10,298.04,25
"=""amzn1.ads-account.g.8os9jbxe8uolgs0z0ka9qua0q""",Portwest ES,,"=""27558367407787""",SP - Amazon Business Project Candy - Missing Styles June 2026 - Low Bid - MJC (A),ES,7,EUR,2026,517733,0.2366%,0.27736,1225,339.77,4696.71,248
"=""amzn1.ads-account.g.8os9jbxe8uolgs0z0ka9qua0q""",Portwest ES,,"=""475621571262674""",Growers - Auto Low Bid - MJC,ES,1,EUR,2026,546808,0.2804%,0.09715,1533,148.93,3093.31,153
"=""amzn1.ads-account.g.1pajz8jo9dcmlcw2654w4ynhd""",Portwest Australia,,"=""127908567131055""",Auto All Low Bid MJC,AU,5,AUD,2025,243069,0.2283%,0.19719,555,109.44,1212.53,65
"=""amzn1.ads-account.g.5dfl8rvx53v3cuqmb1snnubcf""",Portwest NL,,"=""481032442344858""",Auto Low Bid - Q1 2024 - Feb Deals - MJC,NL,5,EUR,2026,20008,0.3199%,0.10094,64,6.46,0.00,0
"=""amzn1.ads-account.g.mxheehzl72t4l5it1hfsk6xz""",Portwest SE,,"=""553258769606425""",SP - Project Candy - Bridging Promo - 5 Sep 2025 - Auto Low Bid - MJC,SE,12,SEK,2025,3671,0.2996%,1.23455,11,13.58,0.00,0
"=""amzn1.ads-account.g.95u2ty2xhpic90diqqwzt6a2s""",Portwest USA,,"=""303569566619173""",High ROAS Top Styles - Medium bid Oct 2024 - JC,US,6,USD,2026,16764,0.4534%,0.68697,76,52.21,211.99,9
"=""amzn1.ads-account.g.95u2ty2xhpic90diqqwzt6a2s""",Portwest USA,,"=""409405592960837""",Profit Expand Group 4 - Low Bid BRD & PHR - JC,US,4,USD,2025,250215,0.9116%,0.29774,2281,679.14,6819.53,419
"=""amzn1.ads-account.g.9mvvwnjt2tsmdz08926vlb17a""",Portwest DE,,"=""448372766050370""",Bridging Promo 24 May - Project Candy Low Bid - MJC,DE,7,EUR,2025,247446,0.2655%,0.19248,657,126.46,1207.78,52
"=""amzn1.ads-account.g.mxheehzl72t4l5it1hfsk6xz""",Portwest SE,,"=""299122560843700""",SP - PBDD - Project Candy Low Bid - MJC,SE,12,SEK,2025,5345,0.2432%,1.35923,13,17.67,194.30,1
"=""amzn1.ads-account.g.9mvvwnjt2tsmdz08926vlb17a""",Portwest DE,,"=""36483538164733""",Portwest Missed Opportunities DE,DE,7,EUR,2026,15084,0.1260%,0.66789,19,12.69,0.00,0
"=""amzn1.ads-account.g.95u2ty2xhpic90diqqwzt6a2s""",Portwest USA,,"=""523654763196797""",Profit Expand Group 3 - Low Bid BRD & PHR - JC,US,8,USD,2026,26103,0.3601%,0.31755,94,29.85,348.37,7
"=""amzn1.ads-account.g.95u2ty2xhpic90diqqwzt6a2s""",Portwest USA,,"=""312353717160459""",SP - PRIME DAY - Project Candy Low Bid with Multi,US,9,USD,2025,1087855,0.3460%,0.34041,3764,1281.29,8737.76,220
"=""amzn1.ads-account.g.betoci5lb82z6jole1u6tt780""",Portwest FR,,"=""201893153506278""",Droppers - Profit - MJC,FR,6,EUR,2025,7496,0.4936%,0.14351,37,5.31,39.02,2
"=""amzn1.ads-account.g.1pajz8jo9dcmlcw2654w4ynhd""",Portwest Australia,,"=""413015514693012""",New Respirator Masks - PAT (From Aoife) - MJC,AU,8,AUD,2026,55,1.8182%,0.04000,1,0.04,0.00,0
"=""amzn1.ads-account.g.5dfl8rvx53v3cuqmb1snnubcf""",Portwest NL,,"=""481032442344858""",Auto Low Bid - Q1 2024 - Feb Deals - MJC,NL,7,EUR,2025,24959,0.4007%,0.11640,100,11.64,15.19,1
"=""amzn1.ads-account.g.7qon60b3itwr4fzatg0h6r5fv""",Portwest IT,,"=""370228643995043""",Project Candy - Converting EXT - 20240711,IT,7,EUR,2025,8520,0.2113%,0.14444,18,2.60,11.17,1
"=""amzn1.ads-account.g.mxheehzl72t4l5it1hfsk6xz""",Portwest SE,,"=""376936864967411""",Auto All - EURO Expansion 4 V2 - Campaign B - MJC,SE,3,SEK,2025,127312,0.2608%,0.77265,332,256.52,4617.86,24
"=""amzn1.ads-account.g.7qon60b3itwr4fzatg0h6r5fv""",Portwest IT,,"=""501655278304804""",Growers - Auto Low Bid - MJC,IT,10,EUR,2025,427866,0.4929%,0.16756,2109,353.39,4255.99,218
"=""amzn1.ads-account.g.7qon60b3itwr4fzatg0h6r5fv""",Portwest IT,,"=""110783796402197""",Droppers - Auto Low Bid - MJC,IT,7,EUR,2025,62659,0.7198%,0.15816,451,71.33,880.72,33
"=""amzn1.ads-account.g.95u2ty2xhpic90diqqwzt6a2s""",Portwest USA,,"=""378183114449311""",Store Spotlight SB - Oct 2024 - JC,US,9,USD,2025,249788,0.0641%,0.19631,160,31.41,283.25,9
"=""amzn1.ads-account.g.betoci5lb82z6jole1u6tt780""",Portwest FR,,"=""294745696953229""",Keyword Research Low Bid (Seasonal) - BRD PHR - SD,FR,9,EUR,2026,58198,0.3127%,0.18121,182,32.98,349.47,18
"=""amzn1.ads-account.g.95u2ty2xhpic90diqqwzt6a2s""",Portwest USA,,"=""496148515305885""",Auto Low Bid - Vendor Gloves Push January 2024 - MJC,US,5,USD,2025,1706,1.1723%,0.25000,20,5.00,0.00,0
"=""amzn1.ads-account.g.6wubx539i9z2ina5h90v21w6e""",WWD - Workwear Depot,,"=""552489117768110""",SP - Project Candy Low Bid - Catch All - Active Only - MJC,UK,12,GBP,2025,259213,0.6628%,0.29260,1718,502.68,2219.56,83
"=""amzn1.ads-account.g.9mvvwnjt2tsmdz08926vlb17a""",Portwest DE,,"=""151460587266063""",PAT Competitor - H440 (CY),DE,5,EUR,2026,582,0.3436%,0.37500,2,0.75,0.00,0
"=""amzn1.ads-account.g.8os9jbxe8uolgs0z0ka9qua0q""",Portwest ES,,"=""536026367346324""",Project Candy - Converting EXT - 20240711,ES,6,EUR,2025,11240,0.1868%,0.13048,21,2.74,35.83,3
"=""amzn1.ads-account.g.7qon60b3itwr4fzatg0h6r5fv""",Portwest IT,,"=""501655278304804""",Growers - Auto Low Bid - MJC,IT,4,EUR,2025,574639,0.4438%,0.13913,2550,354.77,3889.30,181
"=""amzn1.ads-account.g.9mvvwnjt2tsmdz08926vlb17a""",Portwest DE,,"=""145924525357081""",Droppers - Auto Low Bid - MJC,DE,3,EUR,2025,561571,0.3362%,0.17993,1888,339.71,8392.64,390
"=""amzn1.ads-account.g.95u2ty2xhpic90diqqwzt6a2s""",Portwest USA,,"=""523654763196797""",Profit Expand Group 3 - Low Bid BRD & PHR - JC,US,9,USD,2025,35913,0.5987%,0.29437,215,63.29,541.69,9
"=""amzn1.ads-account.g.8os9jbxe8uolgs0z0ka9qua0q""",Portwest ES,,"=""466433429362650""",Keyword Research Low Bid (Top Sellers) - BRD PHR - SD,ES,4,EUR,2025,1763603,0.0814%,0.18032,1436,258.94,1598.39,104
"=""amzn1.ads-account.g.mxheehzl72t4l5it1hfsk6xz""",Portwest SE,,"=""299122560843700""",SP - PBDD - Project Candy Low Bid - MJC,SE,4,SEK,2026,3411,0.9381%,0.88656,32,28.37,2402.44,8
"=""amzn1.ads-account.g.6wubx539i9z2ina5h90v21w6e""",WWD - Workwear Depot,,"=""79612097815056""",SP - Project Sunshine Auto Low Bid - MC,US,5,USD,2026,28149,0.6785%,0.27099,191,51.76,425.96,6
"=""amzn1.ads-account.g.betoci5lb82z6jole1u6tt780""",Portwest FR,,"=""19826924345521""",Growers - Auto Low Bid - MJC,FR,8,EUR,2025,175007,0.5228%,0.16913,915,154.75,3550.35,223
"=""amzn1.ads-account.g.5dfl8rvx53v3cuqmb1snnubcf""",Portwest NL,,"=""360807979703590""",Auto Low Bid - Q4 2023 - MJC,NL,5,EUR,2025,23679,0.4139%,0.08704,98,8.53,255.65,12
"=""amzn1.ads-account.g.1pajz8jo9dcmlcw2654w4ynhd""",Portwest Australia,,"=""396025250237617""",Manual Profit EXT Low Bid - Q2 2024 - MJC,AU,5,AUD,2026,16865,0.3320%,0.28482,56,15.95,163.10,6
"=""amzn1.ads-account.g.9zovk6zrqsgpaj8x2od1sbl53""",Portwest - BE BISS - (Pan-EU),,"=""314375037758059""",SP - Project Candy - Bridging Promo - 5 Sep 2025 - Auto Low Bid - MJC,BE,6,EUR,2026,21542,0.8866%,0.13639,191,26.05,148.18,10
"=""amzn1.ads-account.g.5dfl8rvx53v3cuqmb1snnubcf""",Portwest NL,,"=""443819118758041""",Bridging Promo 24 May - Project Candy Low Bid - MJC,NL,2,EUR,2026,13931,0.5455%,0.10066,76,7.65,85.83,2
"=""amzn1.ads-account.g.betoci5lb82z6jole1u6tt780""",Portwest FR,,"=""560822063068179""",Manual Profit EXT Low Bid - December 2023 - MJC,FR,2,EUR,2025,56915,0.5833%,0.15437,332,51.25,1255.04,69
"=""amzn1.ads-account.g.95u2ty2xhpic90diqqwzt6a2s""",Portwest USA,,"=""390173334565299""",High ROAS US440 - Medium bid Oct 2024 - JC,US,5,USD,2025,3618,2.2941%,0.60313,83,50.06,141.28,10
"=""amzn1.ads-account.g.8os9jbxe8uolgs0z0ka9qua0q""",Portwest ES,,"=""412217386163037""",Auto Low Bid - Q4 2023 - MJC,ES,10,EUR,2025,133398,0.2969%,0.16712,396,66.18,614.05,42
"=""amzn1.ads-account.g.mxheehzl72t4l5it1hfsk6xz""",Portwest SE,,"=""299122560843700""",SP - PBDD - Project Candy Low Bid - MJC,SE,7,SEK,2026,3082,0.1298%,1.38750,4,5.55,0.00,0
"=""amzn1.ads-account.g.9mvvwnjt2tsmdz08926vlb17a""",Portwest DE,,"=""191386157012832""",Growers - Auto Low Bid - MJC,DE,12,EUR,2025,163446,0.4430%,0.20802,724,150.61,2122.34,112
"=""amzn1.ads-account.g.1pajz8jo9dcmlcw2654w4ynhd""",Portwest Australia,,"=""348828701192814""",OIH Support Auto Low Bid SP - SD,AU,11,AUD,2025,14512,0.3032%,0.24818,44,10.92,0.00,0
"=""amzn1.ads-account.g.95u2ty2xhpic90diqqwzt6a2s""",Portwest USA,,"=""466909516541266""",Keyword Research 2 Low Bid - BRD PHR - JC,US,2,USD,2025,185379,0.1057%,0.23832,196,46.71,326.81,11
"=""amzn1.ads-account.g.9mvvwnjt2tsmdz08926vlb17a""",Portwest DE,,"=""339739082571714""",Auto Low Bid - Q1 2024 - Feb Deals - MJC,DE,12,EUR,2025,269523,0.1937%,0.16287,522,85.02,881.30,35
"=""amzn1.ads-account.g.9mvvwnjt2tsmdz08926vlb17a""",Portwest DE,,"=""184430825120105""",PAT Competitor - C733 (CY),DE,1,EUR,2026,7153,0.7270%,0.37577,52,19.54,44.19,3
"=""amzn1.ads-account.g.betoci5lb82z6jole1u6tt780""",Portwest FR,,"=""560822063068179""",Manual Profit EXT Low Bid - December 2023 - MJC,FR,4,EUR,2026,23621,0.4953%,0.14060,117,16.45,786.90,40
"=""amzn1.ads-account.g.mxheehzl72t4l5it1hfsk6xz""",Portwest SE,,"=""508987492133915""",Growers (From UK) - Auto Low Bid - MJC,SE,5,SEK,2026,21005,0.5713%,1.11642,120,133.97,2639.41,9
"=""amzn1.ads-account.g.9mvvwnjt2tsmdz08926vlb17a""",Portwest DE,,"=""184430825120105""",PAT Competitor - C733 (CY),DE,10,EUR,2025,76732,1.4687%,0.35755,1127,402.96,3529.15,251
"=""amzn1.ads-account.g.1pajz8jo9dcmlcw2654w4ynhd""",Portwest Australia,,"=""483038863547527""",New Respirator Masks - Auto - MJC,AU,1,AUD,2026,32311,0.5169%,0.31916,167,53.30,483.75,40
"=""amzn1.ads-account.g.1pajz8jo9dcmlcw2654w4ynhd""",Portwest Australia,,"=""396025250237617""",Manual Profit EXT Low Bid - Q2 2024 - MJC,AU,10,AUD,2025,20816,0.3603%,0.24973,75,18.73,153.69,9
"=""amzn1.ads-account.g.95u2ty2xhpic90diqqwzt6a2s""",Portwest USA,,"=""538640203987393""",Profit Focus US440 - Exact - Oct 2024 - JC,US,7,USD,2025,4536,1.9180%,0.96667,87,84.10,173.53,12
"=""amzn1.ads-account.g.5dfl8rvx53v3cuqmb1snnubcf""",Portwest NL,,"=""492525007470072""",Auto All - EURO Expansion 4 - Campaign A - MJC,NL,4,EUR,2025,151205,0.2844%,0.05058,430,21.75,608.99,40
"=""amzn1.ads-account.g.8os9jbxe8uolgs0z0ka9qua0q""",Portwest ES,,"=""449211671742243""",Keyword Research Low Bid - BRD PHR - SD,ES,10,EUR,2025,1299633,0.1263%,0.16624,1641,272.80,2374.78,87
"=""amzn1.ads-account.g.betoci5lb82z6jole1u6tt780""",Portwest FR,,"=""410848499689009""",Store Spotlight SB FR (2) - SD,FR,8,EUR,2025,1095886,0.0464%,0.16163,509,82.27,389.65,26
"=""amzn1.ads-account.g.6wubx539i9z2ina5h90v21w6e""",WWD - Workwear Depot,,"=""26886441161653""",C - Auto Low Bid - May 2023 - MJC,US,3,USD,2026,600,1.3333%,0.22125,8,1.77,0.00,0
"=""amzn1.ads-account.g.9mvvwnjt2tsmdz08926vlb17a""",Portwest DE,,"=""547494018872329""",Keyword Research Low Bid (Seasonal) - BRD PHR - SD,DE,11,EUR,2025,837184,0.3472%,0.23968,2907,696.75,10347.03,332
"=""amzn1.ads-account.g.9mvvwnjt2tsmdz08926vlb17a""",Portwest DE,,"=""324958907979592""",Project Candy - Focus Styles from SD - Auto Low Bid - Q4 2024 - MJC,DE,6,EUR,2026,83516,0.4011%,0.22866,335,76.60,850.58,46
"=""amzn1.ads-account.g.6wubx539i9z2ina5h90v21w6e""",WWD - Workwear Depot,,"=""157714611577244""",M - Auto Low Bid - May 2023 - MJC,US,12,USD,2025,32,0.0000%,,0,0.00,0.00,0
"=""amzn1.ads-account.g.95u2ty2xhpic90diqqwzt6a2s""",Portwest USA,,"=""431207786236144""",Manual Profit EXT Low Bid - Q4 - MJC,US,9,USD,2025,404,0.0000%,,0,0.00,0.00,0
"=""amzn1.ads-account.g.6wubx539i9z2ina5h90v21w6e""",WWD - Workwear Depot,,"=""455322468550172""",SP - Catch All B2B - All Live Product - with Multi - MJC,US,8,USD,2026,22663,0.2383%,0.51352,54,27.73,121.98,1
"=""amzn1.ads-account.g.7qon60b3itwr4fzatg0h6r5fv""",Portwest IT,,"=""344146066785323""",SP - Project Candy Auto Low Bid - Bridging Promo - 22 Sep - MJC,IT,8,EUR,2026,353290,0.3032%,0.10405,1071,111.44,1671.76,54
"=""amzn1.ads-account.g.9mvvwnjt2tsmdz08926vlb17a""",Portwest DE,,"=""312221393101516""",B2B SP Auto Low Bid - SD,DE,11,EUR,2025,110509,0.4914%,0.30516,543,165.70,6715.07,289
"=""amzn1.ads-account.g.9mvvwnjt2tsmdz08926vlb17a""",Portwest DE,,"=""561617050692541""",Auto Low Bid - Q4 2023 - MJC,DE,1,EUR,2026,174138,0.2688%,0.15566,468,72.85,937.81,34
"=""amzn1.ads-account.g.mxheehzl72t4l5it1hfsk6xz""",Portwest SE,,"=""523189388917025""",SP - Project Candy Auto Low Bid - Bridging Promo - 22 Sep - MJC,SE,5,SEK,2026,41922,0.1217%,1.16412,51,59.37,0.00,0
"=""amzn1.ads-account.g.8os9jbxe8uolgs0z0ka9qua0q""",Portwest ES,,"=""475621571262674""",Growers - Auto Low Bid - MJC,ES,8,EUR,2025,73720,0.5033%,0.12965,371,48.10,671.86,38
"=""amzn1.ads-account.g.1pajz8jo9dcmlcw2654w4ynhd""",Portwest Australia,,"=""141467539567225""",Display Ads Converting S156,AU,8,AUD,2026,1,0.0000%,,0,0.00,0.00,0
"=""amzn1.ads-account.g.95u2ty2xhpic90diqqwzt6a2s""",Portwest USA,,"=""435667212887349""",Profit Expand Group 2 - Low Bid BRD & PHR - JC,US,7,USD,2025,23965,0.6384%,0.29797,153,45.59,447.33,24
"=""amzn1.ads-account.g.6wubx539i9z2ina5h90v21w6e""",WWD - Workwear Depot,,"=""349831502064744""",SP - Project Candy Low Bid - Seller Focus Styles - MJC,US,11,USD,2025,216983,0.9517%,0.22348,2065,461.49,2172.88,51
"=""amzn1.ads-account.g.8os9jbxe8uolgs0z0ka9qua0q""",Portwest ES,,"=""204794077297538""",Base - Top 10 Sellers - Auto Low Bid - MJC,ES,11,EUR,2025,36862,0.5209%,0.16167,192,31.04,68.92,1
"=""amzn1.ads-account.g.95u2ty2xhpic90diqqwzt6a2s""",Portwest USA,,"=""449935138966310""",Project Candy V3 - Top 100 (May 2025) - Auto Low Bid with Multi - MJC,US,7,USD,2025,871281,0.7754%,0.39221,6756,2649.77,15585.52,794
"=""amzn1.ads-account.g.95u2ty2xhpic90diqqwzt6a2s""",Portwest USA,,"=""290980976603020""",Auto Low Bid - BTR Push August 2024 - JC,US,9,USD,2025,2886,0.1386%,0.29500,4,1.18,0.00,0
"=""amzn1.ads-account.g.95u2ty2xhpic90diqqwzt6a2s""",Portwest USA,,"=""409985325957400""",PAT Profit Style group 3 - Low bid Sep 204 - JC,US,5,USD,2025,8740,0.7094%,0.26790,62,16.61,178.39,7
"=""amzn1.ads-account.g.1pajz8jo9dcmlcw2654w4ynhd""",Portwest Australia,,"=""534285577334243""",Project Candy V3 - Top 100 (May 2025) - Auto Low Bid with Multi - MJC,AU,7,AUD,2026,193413,0.9482%,0.42520,1834,779.82,8009.55,432
"=""amzn1.ads-account.g.6wubx539i9z2ina5h90v21w6e""",WWD - Workwear Depot,,"=""129758628454478""",UH440 - Auto - May 2023,US,3,USD,2025,4292,0.6058%,0.63462,26,16.50,1156.41,31
"=""amzn1.ads-account.g.95u2ty2xhpic90diqqwzt6a2s""",Portwest USA,,"=""462325957755715""",B2B Only 500% Multi Test - Project Candy Low Bid - MJC,US,5,USD,2025,30073,0.6285%,0.29243,189,55.27,555.53,19
"=""amzn1.ads-account.g.betoci5lb82z6jole1u6tt780""",Portwest FR,,"=""330209804597144""",SP - Bridging Promo until 4th Aug - Project Candy Low Bid - MJC,FR,7,EUR,2026,76160,0.3755%,0.15238,286,43.58,964.26,66
"=""amzn1.ads-account.g.6wubx539i9z2ina5h90v21w6e""",WWD - Workwear Depot,,"=""322086947917851""",SP - Elbow Pads - PAT - Close Competitors - Sugg Bid - MJC,UK,1,GBP,2026,4774,1.5710%,0.67800,75,50.85,49.92,6
"=""amzn1.ads-account.g.6wubx539i9z2ina5h90v21w6e""",WWD - Workwear Depot,,"=""505622175738793""",DX4 Product Launch Auto - Low Bid Oct 2024 - JC,US,4,USD,2026,2090,1.1483%,0.20083,24,4.82,130.00,1
"=""amzn1.ads-account.g.95u2ty2xhpic90diqqwzt6a2s""",Portwest USA,,"=""319162604580847""",(Dayparting Test) PAT Profit EXT and EXP - Low bid Oct 2024 - JC,US,6,USD,2026,24092,0.3238%,0.31385,78,24.48,336.92,11
"=""amzn1.ads-account.g.betoci5lb82z6jole1u6tt780""",Portwest FR,,"=""456555263277852""",Keyword Research Low Bid (New Selection) - BRD PHR - SD,FR,2,EUR,2026,231722,0.5317%,0.17030,1232,209.81,3583.39,227
"=""amzn1.ads-account.g.1pajz8jo9dcmlcw2654w4ynhd""",Portwest Australia,,"=""396025250237617""",Manual Profit EXT Low Bid - Q2 2024 - MJC,AU,8,AUD,2025,14173,0.4516%,0.25859,64,16.55,297.51,18
"=""amzn1.ads-account.g.9zovk6zrqsgpaj8x2od1sbl53""",Portwest - BE BISS - (Pan-EU),,"=""457392713613897""",Droppers (From UK) - Auto Low Bid - MJC,BE,3,EUR,2025,1841,1.9011%,0.11200,35,3.92,115.51,5
"=""amzn1.ads-account.g.betoci5lb82z6jole1u6tt780""",Portwest FR,,"=""512965080942787""",B2B SP Auto Low Bid - SD,FR,1,EUR,2026,563476,0.4000%,0.42027,2254,947.28,16279.22,999
"=""amzn1.ads-account.g.95u2ty2xhpic90diqqwzt6a2s""",Portwest USA,,"=""404384002405554""",Style Specific - UH447 - Keyword Research Low Bid (0.25) - BRD PHR - Dayparting 25 Increase Weekdays - MJC,US,2,USD,2025,97705,0.1187%,0.36802,116,42.69,301.15,5
"=""amzn1.ads-account.g.1pajz8jo9dcmlcw2654w4ynhd""",Portwest Australia,,"=""56584912532417""",Converting from Other Channels - MJC,AU,11,AUD,2025,1651,0.3634%,0.56500,6,3.39,0.00,0
"=""amzn1.ads-account.g.5dfl8rvx53v3cuqmb1snnubcf""",Portwest NL,,"=""389075736151395""",Auto All - EURO Expansion 4 - Campaign B - MJC,NL,8,EUR,2026,878229,0.1646%,0.09029,1446,130.56,1004.57,69
"=""amzn1.ads-account.g.9mvvwnjt2tsmdz08926vlb17a""",Portwest DE,,"=""488971604344142""",Keyword Research Low Bid (New Selection) - BRD PHR - SD,DE,9,EUR,2025,529653,0.2641%,0.23882,1399,334.11,4261.24,180
"=""amzn1.ads-account.g.9mvvwnjt2tsmdz08926vlb17a""",Portwest DE,,"=""52065936047090""",Droppers - Profit - MJC`,DE,6,EUR,2026,4099,0.4879%,0.23050,20,4.61,74.07,2
"=""amzn1.ads-account.g.1pajz8jo9dcmlcw2654w4ynhd""",Portwest Australia,,"=""519485767745737""",Keyword Research Low Bid - BRD PHR - AH,AU,8,AUD,2025,99013,0.7918%,0.42158,784,330.52,3804.31,135
"=""amzn1.ads-account.g.6wubx539i9z2ina5h90v21w6e""",WWD - Workwear Depot,,"=""322086947917851""",SP - Elbow Pads - PAT - Close Competitors - Sugg Bid - MJC,UK,2,GBP,2025,822,2.7981%,0.85435,23,19.65,8.32,1
"=""amzn1.ads-account.g.9mvvwnjt2tsmdz08926vlb17a""",Portwest DE,,"=""324958907979592""",Project Candy - Focus Styles from SD - Auto Low Bid - Q4 2024 - MJC,DE,9,EUR,2026,74144,0.4761%,0.21467,353,75.78,886.07,67
"=""amzn1.ads-account.g.9mvvwnjt2tsmdz08926vlb17a""",Portwest DE,,"=""448372766050370""",Bridging Promo 24 May - Project Candy Low Bid - MJC,DE,9,EUR,2025,313078,0.2798%,0.19356,876,169.56,1157.74,39
"=""amzn1.ads-account.g.9mvvwnjt2tsmdz08926vlb17a""",Portwest DE,,"=""368937778983831""",Manual Profit EXT Low Bid - December 2023 - MJC,DE,2,EUR,2025,239416,0.4507%,0.14627,1079,157.83,3618.44,117
"=""amzn1.ads-account.g.95u2ty2xhpic90diqqwzt6a2s""",Portwest USA,,"=""533532889300124""",Auto Low Bid - Vendor Push May 2024 - MJC,US,10,USD,2025,54371,0.7761%,0.22313,422,94.16,405.49,16
"=""amzn1.ads-account.g.7qon60b3itwr4fzatg0h6r5fv""",Portwest IT,,"=""501655278304804""",Growers - Auto Low Bid - MJC,IT,8,EUR,2026,47635,0.5752%,0.08204,274,22.48,581.31,23
"=""amzn1.ads-account.g.8os9jbxe8uolgs0z0ka9qua0q""",Portwest ES,,"=""414379648842481""",SP - B2B Auto Low Bid - MC,ES,11,EUR,2025,19542,0.4401%,0.26453,86,22.75,1227.30,81
"=""amzn1.ads-account.g.7qon60b3itwr4fzatg0h6r5fv""",Portwest IT,,"=""394086876968340""",PAT Profit Style - Low bid EXT and EXP Oct 2024 - JC,IT,11,EUR,2025,418174,0.5285%,0.17308,2210,382.50,3587.63,172
"=""amzn1.ads-account.g.7qon60b3itwr4fzatg0h6r5fv""",Portwest IT,,"=""370228643995043""",Project Candy - Converting EXT - 20240711,IT,3,EUR,2025,28636,0.2340%,0.14448,67,9.68,60.74,2
"=""amzn1.ads-account.g.9zovk6zrqsgpaj8x2od1sbl53""",Portwest - BE BISS - (Pan-EU),,"=""289395542376704""",Bridging Promo 24 May - Project Candy Low Bid - MJC,BE,10,EUR,2025,1577,0.8244%,0.14308,13,1.86,73.33,1
"=""amzn1.ads-account.g.8os9jbxe8uolgs0z0ka9qua0q""",Portwest ES,,"=""416857271027890""",SP - Bridging Promo 5th August 2025,ES,11,EUR,2025,3060730,0.3611%,0.16228,11051,1793.37,6596.21,670
"=""amzn1.ads-account.g.7qon60b3itwr4fzatg0h6r5fv""",Portwest IT,,"=""520727786291595""",Bridging Promo 24 May - Project Candy Low Bid - MJC,IT,7,EUR,2025,137373,0.2169%,0.18423,298,54.90,73.46,6
"=""amzn1.ads-account.g.1pajz8jo9dcmlcw2654w4ynhd""",Portwest Australia,,"=""44561946864050""",B2B SP Auto Low Bid - SD,AU,6,AUD,2026,5691,0.2460%,0.32786,14,4.59,133.65,6
"=""amzn1.ads-account.g.6wubx539i9z2ina5h90v21w6e""",WWD - Workwear Depot,,"=""123049042264341""",Portwest + Style Code - Manual EXACT - MJC,US,11,USD,2025,145,6.2069%,0.37000,9,3.33,0.00,0
"=""amzn1.ads-account.g.5dfl8rvx53v3cuqmb1snnubcf""",Portwest NL,,"=""332773737266901""",Droppers (From UK) - Auto Low Bid - MJC,NL,8,EUR,2026,5698,0.5441%,0.08968,31,2.78,23.52,3
"=""amzn1.ads-account.g.9mvvwnjt2tsmdz08926vlb17a""",Portwest DE,,"=""524187804468115""",Store Spotlight SB DE (2) - SD,DE,2,EUR,2025,729372,0.0553%,0.17002,403,68.52,940.82,33
"=""amzn1.ads-account.g.1pajz8jo9dcmlcw2654w4ynhd""",Portwest Australia,,"=""313517393614726""",Push Q1 2024 - Auto Low Bid - MJC,AU,2,AUD,2025,89588,0.3181%,0.31937,285,91.02,1301.04,59
"=""amzn1.ads-account.g.1pajz8jo9dcmlcw2654w4ynhd""",Portwest Australia,,"=""86138486298904""",Display Ads Converting A620,AU,3,AUD,2026,0,,,0,0.00,0.00,0
"=""amzn1.ads-account.g.1pajz8jo9dcmlcw2654w4ynhd""",Portwest Australia,,"=""110745821211934""",Display Ads Converting A310,AU,1,AUD,2026,0,,,0,0.00,0.00,0
"=""amzn1.ads-account.g.1pajz8jo9dcmlcw2654w4ynhd""",Portwest Australia,,"=""66419074293351""",Display Ads Converting S899,AU,9,AUD,2025,2,0.0000%,,0,0.00,0.00,0
"=""amzn1.ads-account.g.mxheehzl72t4l5it1hfsk6xz""",Portwest SE,,"=""299122560843700""",SP - PBDD - Project Candy Low Bid - MJC,SE,10,SEK,2025,20,0.0000%,,0,0.00,0.00,0
"=""amzn1.ads-account.g.1pajz8jo9dcmlcw2654w4ynhd""",Portwest Australia,,"=""228877476300003""",Auto Low Bid - April 2023 - All Styles - MJC,AU,2,AUD,2026,175660,0.4344%,0.31983,763,244.03,3594.90,133
"=""amzn1.ads-account.g.1pajz8jo9dcmlcw2654w4ynhd""",Portwest Australia,,"=""82479822838699""",Auto Low Bid - Unhealthy Inventory V2 - MJC,AU,3,AUD,2026,77151,0.4848%,0.26540,374,99.26,1394.38,59
"=""amzn1.ads-account.g.mxheehzl72t4l5it1hfsk6xz""",Portwest SE,,"=""293264327574712""",Auto All - EURO Expansion 4 V2 - Campaign A - MJC,SE,6,SEK,2026,196896,0.3494%,1.02158,688,702.85,8762.87,54
"=""amzn1.ads-account.g.bak81x0kttgh0i1ah3ezzzu2m""",Portwest PL,,"=""411231244404388""",Project Candy - Target Styles Q4 2024 - Auto Low Bid - MJC,PL,12,PLN,2025,1442,0.2080%,0.79333,3,2.38,0.00,0
"=""amzn1.ads-account.g.1pajz8jo9dcmlcw2654w4ynhd""",Portwest Australia,,"=""476491807026648""",2852 - Top Seller - Auto Low Bid - MJC,AU,4,AUD,2026,764,0.7853%,0.45167,6,2.71,58.77,2
"=""amzn1.ads-account.g.6wubx539i9z2ina5h90v21w6e""",WWD - Workwear Depot,,"=""316861580179555""",Auto Low Bid April MJC 24,US,2,USD,2026,7575,0.8317%,0.24429,63,15.39,0.00,0
"=""amzn1.ads-account.g.betoci5lb82z6jole1u6tt780""",Portwest FR,,"=""481907341387279""",Home and Garden 2025 - Project Candy - Auto Low Bid - MJC,FR,6,EUR,2025,948814,0.3479%,0.13718,3301,452.83,6396.25,257
"=""amzn1.ads-account.g.7qon60b3itwr4fzatg0h6r5fv""",Portwest IT,,"=""110783796402197""",Droppers - Auto Low Bid - MJC,IT,5,EUR,2025,173446,0.6060%,0.14947,1051,157.09,1704.91,66
"=""amzn1.ads-account.g.1pajz8jo9dcmlcw2654w4ynhd""",Portwest Australia,,"=""274645847327056""",Display Ads Converting  FW95,AU,7,AUD,2026,14,0.0000%,,0,0.00,0.00,0
"=""amzn1.ads-account.g.6wubx539i9z2ina5h90v21w6e""",WWD - Workwear Depot,,"=""26886441161653""",C - Auto Low Bid - May 2023 - MJC,US,9,USD,2025,215,0.0000%,,0,0.00,0.00,0
"=""amzn1.ads-account.g.mxheehzl72t4l5it1hfsk6xz""",Portwest SE,,"=""376936864967411""",Auto All - EURO Expansion 4 V2 - Campaign B - MJC,SE,11,SEK,2025,129124,0.3260%,0.71762,421,302.12,5474.66,30
"=""amzn1.ads-account.g.6wubx539i9z2ina5h90v21w6e""",WWD - Workwear Depot,,"=""129758628454478""",UH440 - Auto - May 2023,US,1,USD,2025,6280,0.0637%,0.66000,4,2.64,0.00,0
"=""amzn1.ads-account.g.6wubx539i9z2ina5h90v21w6e""",WWD - Workwear Depot,,"=""34836128487965""",B2B SP Auto Low Bid - SD,UK,3,GBP,2026,16755,0.2865%,0.24104,48,11.57,212.15,6
"=""amzn1.ads-account.g.95u2ty2xhpic90diqqwzt6a2s""",Portwest USA,,"=""365236114070531""",SP - PBDD - Project Candy Low Bid - with Multi - MJC,US,8,USD,2026,14139,1.5843%,0.12571,224,28.16,192.65,4
"=""amzn1.ads-account.g.6wubx539i9z2ina5h90v21w6e""",WWD - Workwear Depot,,"=""123049042264341""",Portwest + Style Code - Manual EXACT - MJC,US,5,USD,2026,144,12.5000%,0.34333,18,6.18,0.00,0
"=""amzn1.ads-account.g.95u2ty2xhpic90diqqwzt6a2s""",Portwest USA,,"=""283483470831455""",PAT Profit US440 - Low Bid Sep 2024 - JC,US,9,USD,2025,8776,1.1053%,0.23320,97,22.62,80.12,5
"=""amzn1.ads-account.g.1pajz8jo9dcmlcw2654w4ynhd""",Portwest Australia,,"=""228877476300003""",Auto Low Bid - April 2023 - All Styles - MJC,AU,12,AUD,2025,249001,0.2823%,0.25102,703,176.47,2457.92,100
"=""amzn1.ads-account.g.9mvvwnjt2tsmdz08926vlb17a""",Portwest DE,,"=""448372766050370""",Bridging Promo 24 May - Project Candy Low Bid - MJC,DE,1,EUR,2026,223936,0.3215%,0.19107,720,137.57,1121.05,35
"=""amzn1.ads-account.g.7qon60b3itwr4fzatg0h6r5fv""",Portwest IT,,"=""499173945259706""",Project Candy - Target Styles Q4 2024 - Auto Low Bid - MJC,IT,2,EUR,2026,165585,0.7060%,0.18680,1169,218.37,2527.55,172
"=""amzn1.ads-account.g.mxheehzl72t4l5it1hfsk6xz""",Portwest SE,,"=""329244351830333""",Droppers (From UK) - Auto Low Bid - MJC,SE,4,SEK,2025,10611,0.3675%,0.68641,39,26.77,223.86,1
"=""amzn1.ads-account.g.9mvvwnjt2tsmdz08926vlb17a""",Portwest DE,,"=""484663444651191""",Keyword Research Low Bid - BRD PHR - SD,DE,3,EUR,2026,293654,0.2149%,0.23296,631,147.00,1463.92,80
"=""amzn1.ads-account.g.7qon60b3itwr4fzatg0h6r5fv""",Portwest IT,,"=""491583009841605""",SP - Bridging Promo until 4th Aug - Project Candy Low Bid - MJC,IT,12,EUR,2025,246243,0.3821%,0.15514,941,145.99,1224.43,77
"=""amzn1.ads-account.g.bak81x0kttgh0i1ah3ezzzu2m""",Portwest PL,,"=""442163708910699""",Auto All - EURO Expansion 4 - Campaign A - MJC,PL,5,PLN,2025,303811,0.0876%,0.32838,266,87.35,171.04,5
"=""amzn1.ads-account.g.betoci5lb82z6jole1u6tt780""",Portwest FR,,"=""481907341387279""",Home and Garden 2025 - Project Candy - Auto Low Bid - MJC,FR,6,EUR,2026,588579,0.3328%,0.12979,1959,254.26,4792.61,185
"=""amzn1.ads-account.g.6wubx539i9z2ina5h90v21w6e""",WWD - Workwear Depot,,"=""455322468550172""",SP - Catch All B2B - All Live Product - with Multi - MJC,US,2,USD,2026,34850,0.3845%,0.53948,134,72.29,1441.60,25
"=""amzn1.ads-account.g.5dfl8rvx53v3cuqmb1snnubcf""",Portwest NL,,"=""475402648433849""",Bridging Promo 31 May - Project Candy Low Bid - MJC,NL,8,EUR,2025,6134,0.4402%,0.12519,27,3.38,93.99,3
"=""amzn1.ads-account.g.9mvvwnjt2tsmdz08926vlb17a""",Portwest DE,,"=""324958907979592""",Project Candy - Focus Styles from SD - Auto Low Bid - Q4 2024 - MJC,DE,11,EUR,2025,336606,0.2510%,0.22899,845,193.50,2079.60,145
"=""amzn1.ads-account.g.7qon60b3itwr4fzatg0h6r5fv""",Portwest IT,,"=""432140609662787""",SP - UK Gap Products - Project Candy - Auto Low Bid - MJC,IT,3,EUR,2026,560737,0.3042%,0.12998,1706,221.74,2596.94,109
"=""amzn1.ads-account.g.6wubx539i9z2ina5h90v21w6e""",WWD - Workwear Depot,,"=""474399785060613""",SP - Project Candy Low Bid - New Styles - Phase One - MJC,US,8,USD,2026,5235,0.3438%,0.19000,18,3.42,133.98,2
"=""amzn1.ads-account.g.1pajz8jo9dcmlcw2654w4ynhd""",Portwest Australia,,"=""141467539567225""",Display Ads Converting S156,AU,4,AUD,2025,2,0.0000%,,0,0.00,0.00,0
"=""amzn1.ads-account.g.1pajz8jo9dcmlcw2654w4ynhd""",Portwest Australia,,"=""68131641215038""",Display Ads Converting S440,AU,1,AUD,2025,1,0.0000%,,0,0.00,0.00,0
"=""amzn1.ads-account.g.8os9jbxe8uolgs0z0ka9qua0q""",Portwest ES,,"=""466433429362650""",Keyword Research Low Bid (Top Sellers) - BRD PHR - SD,ES,5,EUR,2026,341519,0.1982%,0.16533,677,111.93,1308.91,72
"=""amzn1.ads-account.g.9zovk6zrqsgpaj8x2od1sbl53""",Portwest - BE BISS - (Pan-EU),,"=""467986707928067""",SP - Project Candy - Bridging Promo - 22 Sep 2025 - Auto Low Bid - MJC,BE,6,EUR,2026,27663,0.7519%,0.13250,208,27.56,275.16,17
"=""amzn1.ads-account.g.betoci5lb82z6jole1u6tt780""",Portwest FR,,"=""370127154989503""",Auto Low Bid - Q4 2023 - MJC,FR,7,EUR,2026,54257,0.3447%,0.14647,187,27.39,464.56,23
"=""amzn1.ads-account.g.1pajz8jo9dcmlcw2654w4ynhd""",Portwest Australia,,"=""538175312863476""",SP - PBDD - Project Candy Low Bid - with Multi - MJC,AU,5,AUD,2026,48294,0.7516%,0.10242,363,37.18,945.13,34
"=""amzn1.ads-account.g.7qon60b3itwr4fzatg0h6r5fv""",Portwest IT,,"=""397507002813117""",Auto Low Bid - Q1 2024 - Feb Deals - MJC,IT,2,EUR,2025,1037232,0.2328%,0.15014,2415,362.59,2523.73,80
"=""amzn1.ads-account.g.1pajz8jo9dcmlcw2654w4ynhd""",Portwest Australia,,"=""102427433261746""",Display Ads Top Styles HiVis - SD,AU,5,AUD,2026,0,,,0,0.00,0.00,0
"=""amzn1.ads-account.g.1pajz8jo9dcmlcw2654w4ynhd""",Portwest Australia,,"=""151330554312288""",Display Ads Converting K8112,AU,2,AUD,2026,0,,,0,0.00,0.00,0
"=""amzn1.ads-account.g.betoci5lb82z6jole1u6tt780""",Portwest FR,,"=""560822063068179""",Manual Profit EXT Low Bid - December 2023 - MJC,FR,7,EUR,2025,14239,0.4635%,0.14985,66,9.89,433.97,33
"=""amzn1.ads-account.g.betoci5lb82z6jole1u6tt780""",Portwest FR,,"=""19826924345521""",Growers - Auto Low Bid - MJC,FR,2,EUR,2026,254554,0.3634%,0.15763,925,145.81,2597.65,134
"=""amzn1.ads-account.g.6wubx539i9z2ina5h90v21w6e""",WWD - Workwear Depot,,"=""474399785060613""",SP - Project Candy Low Bid - New Styles - Phase One - MJC,US,3,USD,2026,10799,0.2222%,0.19458,24,4.67,30.99,1
"=""amzn1.ads-account.g.8os9jbxe8uolgs0z0ka9qua0q""",Portwest ES,,"=""547962426196207""",Auto Low Bid - Q1 2024 - Feb Deals - MJC,ES,5,EUR,2026,502470,0.2163%,0.13645,1087,148.32,1244.23,53
"=""amzn1.ads-account.g.6wubx539i9z2ina5h90v21w6e""",WWD - Workwear Depot,,"=""317606326104162""",Auto Low Bid - Seller Push May 2024 - MJC,US,4,USD,2026,1636,0.8557%,0.23929,14,3.35,0.00,0
"=""amzn1.ads-account.g.9mvvwnjt2tsmdz08926vlb17a""",Portwest DE,,"=""184430825120105""",PAT Competitor - C733 (CY),DE,7,EUR,2025,59047,1.0432%,0.39714,616,244.64,3211.13,187
"=""amzn1.ads-account.g.8os9jbxe8uolgs0z0ka9qua0q""",Portwest ES,,"=""440075957309509""",SP - Bridging Promo until 4th Aug - Project Candy Low Bid - MJC,ES,12,EUR,2025,22232,0.1934%,0.16186,43,6.96,33.31,2
"=""amzn1.ads-account.g.1pajz8jo9dcmlcw2654w4ynhd""",Portwest Australia,,"=""211972647042468""",Profit Expand BRD & PHR - Low Bid - MJC,AU,7,AUD,2026,95585,0.5608%,0.29390,536,157.53,1488.64,39
"=""amzn1.ads-account.g.5dfl8rvx53v3cuqmb1snnubcf""",Portwest NL,,"=""475402648433849""",Bridging Promo 31 May - Project Candy Low Bid - MJC,NL,9,EUR,2026,26911,0.2415%,0.11646,65,7.57,197.04,6
"=""amzn1.ads-account.g.7qon60b3itwr4fzatg0h6r5fv""",Portwest IT,,"=""110783796402197""",Droppers - Auto Low Bid - MJC,IT,4,EUR,2025,171035,0.5648%,0.14277,966,137.92,2158.15,79
"=""amzn1.ads-account.g.8os9jbxe8uolgs0z0ka9qua0q""",Portwest ES,,"=""475621571262674""",Growers - Auto Low Bid - MJC,ES,12,EUR,2025,291252,0.3516%,0.12236,1024,125.30,2127.25,103
"=""amzn1.ads-account.g.1pajz8jo9dcmlcw2654w4ynhd""",Portwest Australia,,"=""296844823415113""",C734_Auto_Low_Bid_AH Copy 1,AU,3,AUD,2026,38,0.0000%,,0,0.00,0.00,0
"=""amzn1.ads-account.g.1pajz8jo9dcmlcw2654w4ynhd""",Portwest Australia,,"=""68131641215038""",Display Ads Converting S440,AU,2,AUD,2026,1,0.0000%,,0,0.00,0.00,0
"=""amzn1.ads-account.g.95u2ty2xhpic90diqqwzt6a2s""",Portwest USA,,"=""457626057170726""",PAT Profit Top Styles - Exact - Oct 2024 - JC,US,11,USD,2025,929,1.5070%,0.45286,14,6.34,241.00,3
"=""amzn1.ads-account.g.betoci5lb82z6jole1u6tt780""",Portwest FR,,"=""294745696953229""",Keyword Research Low Bid (Seasonal) - BRD PHR - SD,FR,2,EUR,2025,713937,0.4077%,0.20161,2911,586.89,7798.85,402
"=""amzn1.ads-account.g.betoci5lb82z6jole1u6tt780""",Portwest FR,,"=""19826924345521""",Growers - Auto Low Bid - MJC,FR,6,EUR,2025,356636,0.4918%,0.16019,1754,280.97,6029.05,296
"=""amzn1.ads-account.g.9mvvwnjt2tsmdz08926vlb17a""",Portwest DE,,"=""36483538164733""",Portwest Missed Opportunities DE,DE,8,EUR,2026,13202,0.1666%,0.82955,22,18.25,35.34,2
"=""amzn1.ads-account.g.1pajz8jo9dcmlcw2654w4ynhd""",Portwest Australia,,"=""534285577334243""",Project Candy V3 - Top 100 (May 2025) - Auto Low Bid with Multi - MJC,AU,3,AUD,2026,203242,0.7562%,0.38833,1537,596.86,8290.19,360
"=""amzn1.ads-account.g.mxheehzl72t4l5it1hfsk6xz""",Portwest SE,,"=""299122560843700""",SP - PBDD - Project Candy Low Bid - MJC,SE,8,SEK,2026,3963,0.3533%,1.38286,14,19.36,860.46,3
"=""amzn1.ads-account.g.9mvvwnjt2tsmdz08926vlb17a""",Portwest DE,,"=""368937778983831""",Manual Profit EXT Low Bid - December 2023 - MJC,DE,9,EUR,2025,53981,0.4872%,0.24388,263,64.14,954.07,57
"=""amzn1.ads-account.g.6wubx539i9z2ina5h90v21w6e""",WWD - Workwear Depot,,"=""403581243770082""",Focus Styles (Top Selling Seller) - Auto Low Bid June 2023 - MJC,US,1,USD,2026,27188,0.4524%,0.41171,123,50.64,198.95,5
"=""amzn1.ads-account.g.5dfl8rvx53v3cuqmb1snnubcf""",Portwest NL,,"=""492525007470072""",Auto All - EURO Expansion 4 - Campaign A - MJC,NL,5,EUR,2025,122352,0.2926%,0.05391,358,19.30,953.46,51
"=""amzn1.ads-account.g.9mvvwnjt2tsmdz08926vlb17a""",Portwest DE,,"=""184430825120105""",PAT Competitor - C733 (CY),DE,2,EUR,2026,3195,0.5321%,0.70588,17,12.00,85.03,4
"=""amzn1.ads-account.g.95u2ty2xhpic90diqqwzt6a2s""",Portwest USA,,"=""487432728655131""",Project Candy - Push Styles Q4 2024 - Auto Low Bid - MJC,US,7,USD,2026,14240,0.6250%,0.24180,89,21.52,112.97,5
"=""amzn1.ads-account.g.8os9jbxe8uolgs0z0ka9qua0q""",Portwest ES,,"=""466433429362650""",Keyword Research Low Bid (Top Sellers) - BRD PHR - SD,ES,8,EUR,2026,167741,0.3356%,0.15544,563,87.51,609.46,45
"=""amzn1.ads-account.g.mxheehzl72t4l5it1hfsk6xz""",Portwest SE,,"=""299122560843700""",SP - PBDD - Project Candy Low Bid - MJC,SE,3,SEK,2026,2840,0.4930%,1.39286,14,19.50,425.95,2
"=""amzn1.ads-account.g.9zovk6zrqsgpaj8x2od1sbl53""",Portwest - BE BISS - (Pan-EU),,"=""480650557145400""",SP - PBDD - Project Candy Low Bid - MJC,BE,11,EUR,2025,14850,1.0976%,0.13540,163,22.07,366.30,18
"=""amzn1.ads-account.g.betoci5lb82z6jole1u6tt780""",Portwest FR,,"=""560822063068179""",Manual Profit EXT Low Bid - December 2023 - MJC,FR,6,EUR,2026,23630,0.3936%,0.14667,93,13.64,531.35,27
"=""amzn1.ads-account.g.8os9jbxe8uolgs0z0ka9qua0q""",Portwest ES,,"=""412217386163037""",Auto Low Bid - Q4 2023 - MJC,ES,4,EUR,2026,138334,0.3557%,0.10825,492,53.26,882.67,34
"=""amzn1.ads-account.g.betoci5lb82z6jole1u6tt780""",Portwest FR,,"=""370127154989503""",Auto Low Bid - Q4 2023 - MJC,FR,3,EUR,2026,165419,0.2878%,0.14796,476,70.43,1060.34,41
"=""amzn1.ads-account.g.1pajz8jo9dcmlcw2654w4ynhd""",Portwest Australia,,"=""39192368924791""",Display Ads Converting,AU,12,AUD,2025,2,0.0000%,,0,0.00,0.00,0
"=""amzn1.ads-account.g.1pajz8jo9dcmlcw2654w4ynhd""",Portwest Australia,,"=""211972647042468""",Profit Expand BRD & PHR - Low Bid - MJC,AU,2,AUD,2026,48340,0.4696%,0.21225,227,48.18,625.59,19
"=""amzn1.ads-account.g.1pajz8jo9dcmlcw2654w4ynhd""",Portwest Australia,,"=""355925356602496""","Core Keywords, Close Match EXT - Suggested Bid - AH",AU,8,AUD,2026,9952,0.7938%,0.33684,79,26.61,119.39,5
"=""amzn1.ads-account.g.8os9jbxe8uolgs0z0ka9qua0q""",Portwest ES,,"=""547962426196207""",Auto Low Bid - Q1 2024 - Feb Deals - MJC,ES,9,EUR,2025,322622,0.2086%,0.13670,673,92.00,354.10,13
"=""amzn1.ads-account.g.bak81x0kttgh0i1ah3ezzzu2m""",Portwest PL,,"=""442163708910699""",Auto All - EURO Expansion 4 - Campaign A - MJC,PL,6,PLN,2026,336948,0.1763%,0.36918,594,219.29,714.33,19
"=""amzn1.ads-account.g.5dfl8rvx53v3cuqmb1snnubcf""",Portwest NL,,"=""475402648433849""",Bridging Promo 31 May - Project Candy Low Bid - MJC,NL,7,EUR,2025,7524,0.5981%,0.11556,45,5.20,106.96,4
"=""amzn1.ads-account.g.95u2ty2xhpic90diqqwzt6a2s""",Portwest USA,,"=""431207786236144""",Manual Profit EXT Low Bid - Q4 - MJC,US,1,USD,2025,5757,0.2084%,0.25000,12,3.00,17.20,1
"=""amzn1.ads-account.g.95u2ty2xhpic90diqqwzt6a2s""",Portwest USA,,"=""404384002405554""",Style Specific - UH447 - Keyword Research Low Bid (0.25) - BRD PHR - Dayparting 25 Increase Weekdays - MJC,US,5,USD,2025,29631,0.6378%,0.37476,189,70.83,1449.96,18
"=""amzn1.ads-account.g.1pajz8jo9dcmlcw2654w4ynhd""",Portwest Australia,,"=""274645847327056""",Display Ads Converting  FW95,AU,11,AUD,2025,3,0.0000%,,0,0.00,0.00,0
"=""amzn1.ads-account.g.1pajz8jo9dcmlcw2654w4ynhd""",Portwest Australia,,"=""313517393614726""",Push Q1 2024 - Auto Low Bid - MJC,AU,7,AUD,2025,96464,0.4841%,0.32092,467,149.87,1223.99,78
"=""amzn1.ads-account.g.bak81x0kttgh0i1ah3ezzzu2m""",Portwest PL,,"=""498483964951140""",Auto Low Bid - Q1 2024 - Feb Deals - MJC,PL,12,PLN,2025,1625,0.3077%,0.06800,5,0.34,17.67,1
"=""amzn1.ads-account.g.6wubx539i9z2ina5h90v21w6e""",WWD - Workwear Depot,,"=""322086947917851""",SP - Elbow Pads - PAT - Close Competitors - Sugg Bid - MJC,UK,11,GBP,2025,3807,1.2346%,0.77447,47,36.40,8.32,1
"=""amzn1.ads-account.g.betoci5lb82z6jole1u6tt780""",Portwest FR,,"=""19826924345521""",Growers - Auto Low Bid - MJC,FR,11,EUR,2025,192876,0.5636%,0.18094,1087,196.68,4237.59,230
"=""amzn1.ads-account.g.6wubx539i9z2ina5h90v21w6e""",WWD - Workwear Depot,,"=""524064628909753""",SP NA - Project Candy Low Bid - Winning Terms - Profit Expand - PHR - MJC,US,1,USD,2026,0,,,0,0.00,0.00,0
"=""amzn1.ads-account.g.9mvvwnjt2tsmdz08926vlb17a""",Portwest DE,,"=""184430825120105""",PAT Competitor - C733 (CY),DE,6,EUR,2026,4993,1.3619%,0.61176,68,41.60,568.62,33
"=""amzn1.ads-account.g.6wubx539i9z2ina5h90v21w6e""",WWD - Workwear Depot,,"=""92810336598365""",E - Auto Low Bid - May 2023 - MJC,US,1,USD,2025,21,0.0000%,,0,0.00,0.00,0
"=""amzn1.ads-account.g.9zovk6zrqsgpaj8x2od1sbl53""",Portwest - BE BISS - (Pan-EU),,"=""344800929956085""",Auto All - EURO Expansion 4 - Campaign A - MJC,BE,4,EUR,2026,60767,0.8327%,0.10393,506,52.59,694.31,38
"=""amzn1.ads-account.g.bak81x0kttgh0i1ah3ezzzu2m""",Portwest PL,,"=""457018929654451""",Auto All - EURO Expansion 4 - Campaign B - MJC,PL,12,PLN,2025,174573,0.2125%,0.35067,371,130.10,1048.60,17
"=""amzn1.ads-account.g.8os9jbxe8uolgs0z0ka9qua0q""",Portwest ES,,"=""367290865442505""",SP - Project Candy - Bridging Promo - 5 Sep 2025 - Auto Low Bid - MJC,ES,9,EUR,2025,4077754,0.1523%,0.16431,6210,1020.37,4711.72,233
"=""amzn1.ads-account.g.bak81x0kttgh0i1ah3ezzzu2m""",Portwest PL,,"=""490065738750316""",Droppers (From UK) - Auto Low Bid - MJC,PL,11,PLN,2025,20683,0.3578%,0.23284,74,17.23,0.00,0
"=""amzn1.ads-account.g.betoci5lb82z6jole1u6tt780""",Portwest FR,,"=""449898276473828""",SP - PBDD - Project Candy Low Bid - MJC,FR,1,EUR,2026,1193299,0.4889%,0.13841,5834,807.51,15931.79,768
"=""amzn1.ads-account.g.9mvvwnjt2tsmdz08926vlb17a""",Portwest DE,,"=""184430825120105""",PAT Competitor - C733 (CY),DE,1,EUR,2025,63312,0.6160%,0.37549,390,146.44,1929.59,101
"=""amzn1.ads-account.g.1pajz8jo9dcmlcw2654w4ynhd""",Portwest Australia,,"=""108617369848228""",Display Ads Converting FW90,AU,1,AUD,2026,117,0.8547%,0.02000,1,0.02,0.00,0
"=""amzn1.ads-account.g.7qon60b3itwr4fzatg0h6r5fv""",Portwest IT,,"=""394086876968340""",PAT Profit Style - Low bid EXT and EXP Oct 2024 - JC,IT,3,EUR,2026,195137,0.4171%,0.14975,814,121.90,1611.04,81
"=""amzn1.ads-account.g.9mvvwnjt2tsmdz08926vlb17a""",Portwest DE,,"=""479578890600664""",SP - Bridging Promo until 4th Aug - Project Candy Low Bid - MJC,DE,10,EUR,2025,721266,0.3352%,0.17845,2418,431.49,4730.51,288
"=""amzn1.ads-account.g.7qon60b3itwr4fzatg0h6r5fv""",Portwest IT,,"=""556865623922826""",Auto Low Bid - Q4 2023 - MJC,IT,11,EUR,2025,147082,0.1822%,0.12612,268,33.80,104.34,3
"=""amzn1.ads-account.g.7qon60b3itwr4fzatg0h6r5fv""",Portwest IT,,"=""394086876968340""",PAT Profit Style - Low bid EXT and EXP Oct 2024 - JC,IT,12,EUR,2025,258961,0.4429%,0.15206,1147,174.41,2424.81,116
"=""amzn1.ads-account.g.betoci5lb82z6jole1u6tt780""",Portwest FR,,"=""330209804597144""",SP - Bridging Promo until 4th Aug - Project Candy Low Bid - MJC,FR,2,EUR,2026,150662,0.7421%,0.15801,1118,176.66,1857.08,123
"=""amzn1.ads-account.g.mxheehzl72t4l5it1hfsk6xz""",Portwest SE,,"=""523189388917025""",SP - Project Candy Auto Low Bid - Bridging Promo - 22 Sep - MJC,SE,12,SEK,2025,7529,0.2391%,1.02778,18,18.50,0.00,0
"=""amzn1.ads-account.g.1pajz8jo9dcmlcw2654w4ynhd""",Portwest Australia,,"=""296844823415113""",C734_Auto_Low_Bid_AH Copy 1,AU,7,AUD,2026,4,0.0000%,,0,0.00,0.00,0
"=""amzn1.ads-account.g.1pajz8jo9dcmlcw2654w4ynhd""",Portwest Australia,,"=""533603650852527""",Keyword Research Low Bid - BRD PHR - SD,AU,2,AUD,2025,280176,0.2127%,0.38337,596,228.49,2422.77,70
"=""amzn1.ads-account.g.1pajz8jo9dcmlcw2654w4ynhd""",Portwest Australia,,"=""302643831867198""",Droppers - Auto Low Bid - MJC,AU,12,AUD,2025,14086,0.6957%,0.37490,98,36.74,605.74,53
"=""amzn1.ads-account.g.6wubx539i9z2ina5h90v21w6e""",WWD - Workwear Depot,,"=""26886441161653""",C - Auto Low Bid - May 2023 - MJC,US,4,USD,2026,476,0.6303%,0.25000,3,0.75,0.00,0
"=""amzn1.ads-account.g.95u2ty2xhpic90diqqwzt6a2s""",Portwest USA,,"=""360269261984589""",Vendor Purchased - Not Advertised (Sep 2023) - Auto Low Bid - MJC,US,9,USD,2025,312863,0.1899%,0.18953,594,112.58,571.88,11
"=""amzn1.ads-account.g.9mvvwnjt2tsmdz08926vlb17a""",Portwest DE,,"=""55994507565416""",Auto Campaign - C733 (CY),DE,1,EUR,2025,8525,0.1290%,0.63636,11,7.00,17.78,1
"=""amzn1.ads-account.g.9mvvwnjt2tsmdz08926vlb17a""",Portwest DE,,"=""547494018872329""",Keyword Research Low Bid (Seasonal) - BRD PHR - SD,DE,9,EUR,2026,75255,0.4119%,0.22813,310,70.72,666.92,58
"=""amzn1.ads-account.g.5dfl8rvx53v3cuqmb1snnubcf""",Portwest NL,,"=""492525007470072""",Auto All - EURO Expansion 4 - Campaign A - MJC,NL,2,EUR,2026,83301,0.4838%,0.07035,403,28.35,955.05,93
"=""amzn1.ads-account.g.9zovk6zrqsgpaj8x2od1sbl53""",Portwest - BE BISS - (Pan-EU),,"=""480650557145400""",SP - PBDD - Project Candy Low Bid - MJC,BE,12,EUR,2025,12011,1.0157%,0.12721,122,15.52,497.94,24
"=""amzn1.ads-account.g.1pajz8jo9dcmlcw2654w4ynhd""",Portwest Australia,,"=""188584067285470""",Display Ads Converting PW40,AU,11,AUD,2025,10,0.0000%,,0,0.00,0.00,0
"=""amzn1.ads-account.g.9mvvwnjt2tsmdz08926vlb17a""",Portwest DE,,"=""312221393101516""",B2B SP Auto Low Bid - SD,DE,2,EUR,2026,581612,0.3728%,0.30988,2168,671.82,23924.87,1566
"=""amzn1.ads-account.g.6wubx539i9z2ina5h90v21w6e""",WWD - Workwear Depot,,"=""278469250312380""",A - Auto Low Bid - May 2023 - MJC,US,2,USD,2025,1674,0.1792%,0.25000,3,0.75,0.00,0
"=""amzn1.ads-account.g.1pajz8jo9dcmlcw2654w4ynhd""",Portwest Australia,,"=""313517393614726""",Push Q1 2024 - Auto Low Bid - MJC,AU,3,AUD,2025,95463,0.3583%,0.31386,342,107.34,1315.52,73
"=""amzn1.ads-account.g.1pajz8jo9dcmlcw2654w4ynhd""",Portwest Australia,,"=""533603650852527""",Keyword Research Low Bid - BRD PHR - SD,AU,12,AUD,2025,78302,0.2516%,0.46086,197,90.79,1109.92,29
"=""amzn1.ads-account.g.8os9jbxe8uolgs0z0ka9qua0q""",Portwest ES,,"=""412217386163037""",Auto Low Bid - Q4 2023 - MJC,ES,5,EUR,2026,168810,0.3442%,0.10998,581,63.90,1695.11,76
"=""amzn1.ads-account.g.6wubx539i9z2ina5h90v21w6e""",WWD - Workwear Depot,,"=""92810336598365""",E - Auto Low Bid - May 2023 - MJC,US,1,USD,2026,41,0.0000%,,0,0.00,0.00,0
"=""amzn1.ads-account.g.95u2ty2xhpic90diqqwzt6a2s""",Portwest USA,,"=""290980976603020""",Auto Low Bid - BTR Push August 2024 - JC,US,5,USD,2025,375,0.2667%,0.30000,1,0.30,0.00,0
"=""amzn1.ads-account.g.9mvvwnjt2tsmdz08926vlb17a""",Portwest DE,,"=""488971604344142""",Keyword Research Low Bid (New Selection) - BRD PHR - SD,DE,11,EUR,2025,1066213,0.2082%,0.24236,2220,538.05,4355.04,179
"=""amzn1.ads-account.g.95u2ty2xhpic90diqqwzt6a2s""",Portwest USA,,"=""541135041482838""",Vendor Auto Low Bid - Focus Ranges - Nov 2023 - MJC,US,4,USD,2025,21035,0.9223%,0.22948,194,44.52,694.96,13
"=""amzn1.ads-account.g.6wubx539i9z2ina5h90v21w6e""",WWD - Workwear Depot,,"=""262860660370351""",B - Auto Low Bid - May 2023 - MJC,US,7,USD,2026,168,0.0000%,,0,0.00,0.00,0
"=""amzn1.ads-account.g.8os9jbxe8uolgs0z0ka9qua0q""",Portwest ES,,"=""470198564047574""",SP - PRIME DAY - Project Candy Low Bid with Multi,ES,8,EUR,2025,5526767,0.1864%,0.21611,10304,2226.77,13287.66,629
"=""amzn1.ads-account.g.7qon60b3itwr4fzatg0h6r5fv""",Portwest IT,,"=""325147263942313""",Keyword Research Low Bid Group 2 - BRD PHR Oct 2024 - JC,IT,8,EUR,2025,275121,0.4940%,0.17239,1359,234.28,2027.19,187
"=""amzn1.ads-account.g.9zovk6zrqsgpaj8x2od1sbl53""",Portwest - BE BISS - (Pan-EU),,"=""289395542376704""",Bridging Promo 24 May - Project Candy Low Bid - MJC,BE,2,EUR,2026,2235,0.5817%,0.16462,13,2.14,0.00,0
"=""amzn1.ads-account.g.9mvvwnjt2tsmdz08926vlb17a""",Portwest DE,,"=""365846807361792""",Home and Garden 2025 - Project Candy - Auto Low Bid - MJC,DE,12,EUR,2025,783608,0.3050%,0.15127,2390,361.54,4901.73,200
"=""amzn1.ads-account.g.1pajz8jo9dcmlcw2654w4ynhd""",Portwest Australia,,"=""39192368924791""",Display Ads Converting,AU,4,AUD,2025,2,0.0000%,,0,0.00,0.00,0
"=""amzn1.ads-account.g.6wubx539i9z2ina5h90v21w6e""",WWD - Workwear Depot,,"=""367477579971086""",SP - Project Candy Low Bid - Converting Terms - Profit Expand - PHR - MJC,US,12,USD,2025,38627,0.4945%,0.20770,191,39.67,246.93,7
"=""amzn1.ads-account.g.95u2ty2xhpic90diqqwzt6a2s""",Portwest USA,,"=""435667212887349""",Profit Expand Group 2 - Low Bid BRD & PHR - JC,US,3,USD,2025,87950,0.4855%,0.29506,427,125.99,1026.47,65
"=""amzn1.ads-account.g.1pajz8jo9dcmlcw2654w4ynhd""",Portwest Australia,,"=""328813373672013""",Aoife Keyword Res - Manual EXT - MJC 24,AU,12,AUD,2025,1211,0.1652%,0.46000,2,0.92,0.00,0
"=""amzn1.ads-account.g.9zovk6zrqsgpaj8x2od1sbl53""",Portwest - BE BISS - (Pan-EU),,"=""457392713613897""",Droppers (From UK) - Auto Low Bid - MJC,BE,7,EUR,2026,3423,0.9349%,0.10750,32,3.44,0.00,0
"=""amzn1.ads-account.g.betoci5lb82z6jole1u6tt780""",Portwest FR,,"=""410848499689009""",Store Spotlight SB FR (2) - SD,FR,6,EUR,2025,737620,0.0591%,0.16110,436,70.24,686.80,31
"=""amzn1.ads-account.g.betoci5lb82z6jole1u6tt780""",Portwest FR,,"=""252762940742890""",SP - Amazon Business Project Candy - Missing Styles June 2026 - Low Bid - MJC (B),FR,8,EUR,2026,45243,0.1724%,0.25615,78,19.98,309.54,19
"=""amzn1.ads-account.g.9mvvwnjt2tsmdz08926vlb17a""",Portwest DE,,"=""448372766050370""",Bridging Promo 24 May - Project Candy Low Bid - MJC,DE,8,EUR,2025,222201,0.2223%,0.19334,494,95.51,1090.05,53
"=""amzn1.ads-account.g.9zovk6zrqsgpaj8x2od1sbl53""",Portwest - BE BISS - (Pan-EU),,"=""314375037758059""",SP - Project Candy - Bridging Promo - 5 Sep 2025 - Auto Low Bid - MJC,BE,9,EUR,2026,16208,1.1908%,0.13663,193,26.37,332.25,18
"=""amzn1.ads-account.g.7qon60b3itwr4fzatg0h6r5fv""",Portwest IT,,"=""54506141508269""",SP - Amazon Business Project Candy - Missing Styles June 2026 - Low Bid - MJC (A),IT,6,EUR,2026,128259,0.3243%,0.28858,416,120.05,485.28,29
"=""amzn1.ads-account.g.9mvvwnjt2tsmdz08926vlb17a""",Portwest DE,,"=""448372766050370""",Bridging Promo 24 May - Project Candy Low Bid - MJC,DE,10,EUR,2025,329865,0.3223%,0.19305,1063,205.21,1939.67,68
"=""amzn1.ads-account.g.6wubx539i9z2ina5h90v21w6e""",WWD - Workwear Depot,,"=""157714611577244""",M - Auto Low Bid - May 2023 - MJC,US,3,USD,2025,195,0.0000%,,0,0.00,0.00,0
"=""amzn1.ads-account.g.5dfl8rvx53v3cuqmb1snnubcf""",Portwest NL,,"=""492525007470072""",Auto All - EURO Expansion 4 - Campaign A - MJC,NL,10,EUR,2025,58902,0.5382%,0.06719,317,21.30,844.37,77
"=""amzn1.ads-account.g.95u2ty2xhpic90diqqwzt6a2s""",Portwest USA,,"=""408324720320680""",(B2B Multiplier Test) - Profit Expand Group 1 - Low Bid BRD & PHR - JC,US,11,USD,2025,17788,0.2417%,0.36326,43,15.62,96.48,1
"=""amzn1.ads-account.g.95u2ty2xhpic90diqqwzt6a2s""",Portwest USA,,"=""466909516541266""",Keyword Research 2 Low Bid - BRD PHR - JC,US,6,USD,2025,39027,0.2588%,0.23485,101,23.72,262.82,7
"=""amzn1.ads-account.g.1pajz8jo9dcmlcw2654w4ynhd""",Portwest Australia,,"=""459317093535210""",SP - Black Friday Week - Project Candy Low Bid - with Multi - MJC,AU,3,AUD,2026,315577,0.3673%,0.24871,1159,288.26,3789.74,151
"=""amzn1.ads-account.g.6wubx539i9z2ina5h90v21w6e""",WWD - Workwear Depot,,"=""278469250312380""",A - Auto Low Bid - May 2023 - MJC,US,4,USD,2026,600,0.3333%,0.25000,2,0.50,0.00,0
"=""amzn1.ads-account.g.1pajz8jo9dcmlcw2654w4ynhd""",Portwest Australia,,"=""302643831867198""",Droppers - Auto Low Bid - MJC,AU,2,AUD,2025,20984,0.4623%,0.29371,97,28.49,407.00,26
"=""amzn1.ads-account.g.9zovk6zrqsgpaj8x2od1sbl53""",Portwest - BE BISS - (Pan-EU),,"=""505560042434740""",Growers (From UK) - Auto Low Bid - MJC,BE,2,EUR,2026,8262,1.1256%,0.11086,93,10.31,322.82,16
"=""amzn1.ads-account.g.bak81x0kttgh0i1ah3ezzzu2m""",Portwest PL,,"=""498483964951140""",Auto Low Bid - Q1 2024 - Feb Deals - MJC,PL,1,PLN,2026,2831,0.5298%,0.11333,15,1.70,0.00,0
"=""amzn1.ads-account.g.betoci5lb82z6jole1u6tt780""",Portwest FR,,"=""148284969926993""",Droppers - Auto Low Bid - MJC,FR,5,EUR,2025,516286,0.4317%,0.15888,2229,354.14,6672.66,365
"=""amzn1.ads-account.g.95u2ty2xhpic90diqqwzt6a2s""",Portwest USA,,"=""409405592960837""",Profit Expand Group 4 - Low Bid BRD & PHR - JC,US,10,USD,2025,206013,0.8300%,0.29950,1710,512.14,2469.49,126
"=""amzn1.ads-account.g.1pajz8jo9dcmlcw2654w4ynhd""",Portwest Australia,,"=""257891712755572""",Profit MJC,AU,3,AUD,2025,12179,1.3137%,0.97169,160,155.47,1841.16,63
"=""amzn1.ads-account.g.6wubx539i9z2ina5h90v21w6e""",WWD - Workwear Depot,,"=""317606326104162""",Auto Low Bid - Seller Push May 2024 - MJC,US,7,USD,2025,1820,0.5495%,0.22900,10,2.29,0.00,0
"=""amzn1.ads-account.g.9mvvwnjt2tsmdz08926vlb17a""",Portwest DE,,"=""368937778983831""",Manual Profit EXT Low Bid - December 2023 - MJC,DE,7,EUR,2025,63540,0.2628%,0.24251,167,40.50,561.07,34
"=""amzn1.ads-account.g.5dfl8rvx53v3cuqmb1snnubcf""",Portwest NL,,"=""392977465332326""",Growers (From UK) - Auto Low Bid - MJC,NL,7,EUR,2025,6269,0.6700%,0.05810,42,2.44,0.00,0
"=""amzn1.ads-account.g.9mvvwnjt2tsmdz08926vlb17a""",Portwest DE,,"=""151460587266063""",PAT Competitor - H440 (CY),DE,5,EUR,2025,899,0.3337%,0.45333,3,1.36,20.04,1
"=""amzn1.ads-account.g.1pajz8jo9dcmlcw2654w4ynhd""",Portwest Australia,,"=""313517393614726""",Push Q1 2024 - Auto Low Bid - MJC,AU,5,AUD,2026,190516,0.3491%,0.45269,665,301.04,1981.28,79
"=""amzn1.ads-account.g.mxheehzl72t4l5it1hfsk6xz""",Portwest SE,,"=""508987492133915""",Growers (From UK) - Auto Low Bid - MJC,SE,10,SEK,2025,42,4.7619%,0.59500,2,1.19,0.00,0
"=""amzn1.ads-account.g.1pajz8jo9dcmlcw2654w4ynhd""",Portwest Australia,,"=""110745821211934""",Display Ads Converting A310,AU,5,AUD,2026,2,0.0000%,,0,0.00,0.00,0
"=""amzn1.ads-account.g.6wubx539i9z2ina5h90v21w6e""",WWD - Workwear Depot,,"=""344804552113751""",SP - Black Friday - MC,US,1,USD,2026,20693,1.4546%,0.27914,301,84.02,765.91,9
"=""amzn1.ads-account.g.betoci5lb82z6jole1u6tt780""",Portwest FR,,"=""294745696953229""",Keyword Research Low Bid (Seasonal) - BRD PHR - SD,FR,5,EUR,2025,479701,0.3050%,0.21235,1463,310.67,3260.55,205
"=""amzn1.ads-account.g.bak81x0kttgh0i1ah3ezzzu2m""",Portwest PL,,"=""538515140167827""",Bridging Promo 31 May - Project Candy Low Bid - MJC,PL,8,PLN,2025,4932,0.0811%,0.10500,4,0.42,0.00,0
"=""amzn1.ads-account.g.1pajz8jo9dcmlcw2654w4ynhd""",Portwest Australia,,"=""355925356602496""","Core Keywords, Close Match EXT - Suggested Bid - AH",AU,1,AUD,2026,5202,0.8458%,0.42523,44,18.71,75.96,4
"=""amzn1.ads-account.g.9zovk6zrqsgpaj8x2od1sbl53""",Portwest - BE BISS - (Pan-EU),,"=""377546417761236""",Auto All - EURO Expansion 4 - Campaign B - MJC,BE,3,EUR,2026,117905,0.9414%,0.10534,1110,116.93,2089.70,134
"=""amzn1.ads-account.g.8os9jbxe8uolgs0z0ka9qua0q""",Portwest ES,,"=""414379648842481""",SP - B2B Auto Low Bid - MC,ES,6,EUR,2026,202371,0.2658%,0.26732,538,143.82,6417.01,321
"=""amzn1.ads-account.g.95u2ty2xhpic90diqqwzt6a2s""",Portwest USA,,"=""541135041482838""",Vendor Auto Low Bid - Focus Ranges - Nov 2023 - MJC,US,3,USD,2025,138699,0.1716%,0.22887,238,54.47,952.59,26
"=""amzn1.ads-account.g.betoci5lb82z6jole1u6tt780""",Portwest FR,,"=""431361080682482""",SP - PRIME DAY - Project Candy Low Bid with Multi,FR,9,EUR,2025,5392407,0.3185%,0.21671,17173,3721.55,43787.59,1868
"=""amzn1.ads-account.g.9mvvwnjt2tsmdz08926vlb17a""",Portwest DE,,"=""234439264649803""",PAT Competitor - S999 (CY),DE,6,EUR,2025,508,0.5906%,0.40000,3,1.20,0.00,0
"=""amzn1.ads-account.g.5dfl8rvx53v3cuqmb1snnubcf""",Portwest NL,,"=""469105961672637""",SP - Project Candy Auto Low Bid - Bridging Promo - 22 Sep - MJC,NL,4,EUR,2026,351,0.8547%,0.08667,3,0.26,0.00,0
"=""amzn1.ads-account.g.7qon60b3itwr4fzatg0h6r5fv""",Portwest IT,,"=""499173945259706""",Project Candy - Target Styles Q4 2024 - Auto Low Bid - MJC,IT,4,EUR,2025,1311427,0.2903%,0.18114,3807,689.61,6341.36,320
"=""amzn1.ads-account.g.5dfl8rvx53v3cuqmb1snnubcf""",Portwest NL,,"=""332773737266901""",Droppers (From UK) - Auto Low Bid - MJC,NL,12,EUR,2025,4656,0.6873%,0.06000,32,1.92,5.41,1
"=""amzn1.ads-account.g.mxheehzl72t4l5it1hfsk6xz""",Portwest SE,,"=""329244351830333""",Droppers (From UK) - Auto Low Bid - MJC,SE,1,SEK,2026,9840,0.4472%,0.74386,44,32.73,314.53,1
"=""amzn1.ads-account.g.8os9jbxe8uolgs0z0ka9qua0q""",Portwest ES,,"=""536026367346324""",Project Candy - Converting EXT - 20240711,ES,5,EUR,2026,20091,0.3683%,0.12784,74,9.46,41.44,7
"=""amzn1.ads-account.g.8os9jbxe8uolgs0z0ka9qua0q""",Portwest ES,,"=""449211671742243""",Keyword Research Low Bid - BRD PHR - SD,ES,2,EUR,2026,98743,0.3524%,0.17207,348,59.88,401.01,15
"=""amzn1.ads-account.g.9zovk6zrqsgpaj8x2od1sbl53""",Portwest - BE BISS - (Pan-EU),,"=""289395542376704""",Bridging Promo 24 May - Project Candy Low Bid - MJC,BE,7,EUR,2026,1678,0.4172%,0.11857,7,0.83,73.69,1
"=""amzn1.ads-account.g.8os9jbxe8uolgs0z0ka9qua0q""",Portwest ES,,"=""552946921964248""",Bridging Promo 31 May - Project Candy Low Bid - MJC,ES,7,EUR,2025,244422,0.2213%,0.18429,541,99.70,640.54,19
"=""amzn1.ads-account.g.95u2ty2xhpic90diqqwzt6a2s""",Portwest USA,,"=""462325957755715""",B2B Only 500% Multi Test - Project Candy Low Bid - MJC,US,8,USD,2025,50795,0.5375%,0.58590,273,159.95,1325.57,49
"=""amzn1.ads-account.g.7qon60b3itwr4fzatg0h6r5fv""",Portwest IT,,"=""465724007904797""",Home and Garden 2025 - Project Candy - Auto Low Bid - MJC,IT,8,EUR,2025,1018809,0.2124%,0.13901,2164,300.81,2609.53,80
"=""amzn1.ads-account.g.95u2ty2xhpic90diqqwzt6a2s""",Portwest USA,,"=""487432728655131""",Project Candy - Push Styles Q4 2024 - Auto Low Bid - MJC,US,11,USD,2025,31541,0.2758%,0.25609,87,22.28,98.57,4
"=""amzn1.ads-account.g.1pajz8jo9dcmlcw2654w4ynhd""",Portwest Australia,,"=""82479822838699""",Auto Low Bid - Unhealthy Inventory V2 - MJC,AU,10,AUD,2025,95232,0.4652%,0.13955,443,61.82,1171.32,63
"=""amzn1.ads-account.g.1pajz8jo9dcmlcw2654w4ynhd""",Portwest Australia,,"=""257891712755572""",Profit MJC,AU,8,AUD,2025,13141,1.2556%,0.90594,165,149.48,1347.79,50
"=""amzn1.ads-account.g.95u2ty2xhpic90diqqwzt6a2s""",Portwest USA,,"=""245908494633100""",SP - B2B Auto Low Bid - MC,US,7,USD,2026,17669,0.6452%,0.37474,114,42.72,2000.19,76
"=""amzn1.ads-account.g.6wubx539i9z2ina5h90v21w6e""",WWD - Workwear Depot,,"=""455322468550172""",SP - Catch All B2B - All Live Product - with Multi - MJC,US,5,USD,2026,19711,0.5073%,0.59460,100,59.46,2851.07,50
"=""amzn1.ads-account.g.9mvvwnjt2tsmdz08926vlb17a""",Portwest DE,,"=""561617050692541""",Auto Low Bid - Q4 2023 - MJC,DE,2,EUR,2026,160731,0.2999%,0.16734,482,80.66,1160.22,41
"=""amzn1.ads-account.g.1pajz8jo9dcmlcw2654w4ynhd""",Portwest Australia,,"=""82479822838699""",Auto Low Bid - Unhealthy Inventory V2 - MJC,AU,6,AUD,2025,98679,0.4631%,0.13796,457,63.05,1323.65,34
"=""amzn1.ads-account.g.7qon60b3itwr4fzatg0h6r5fv""",Portwest IT,,"=""421546352398518""",SP - PRIME DAY - Project Candy Low Bid with Multi,IT,9,EUR,2025,6883183,0.2236%,0.21416,15393,3296.50,20578.72,773
"=""amzn1.ads-account.g.95u2ty2xhpic90diqqwzt6a2s""",Portwest USA,,"=""303569566619173""",High ROAS Top Styles - Medium bid Oct 2024 - JC,US,4,USD,2025,2972,0.9421%,0.74321,28,20.81,283.88,7
"=""amzn1.ads-account.g.betoci5lb82z6jole1u6tt780""",Portwest FR,,"=""431361080682482""",SP - PRIME DAY - Project Candy Low Bid with Multi,FR,5,EUR,2026,1052814,0.2439%,0.21410,2568,549.81,10060.87,509
"=""amzn1.ads-account.g.9mvvwnjt2tsmdz08926vlb17a""",Portwest DE,,"=""324958907979592""",Project Candy - Focus Styles from SD - Auto Low Bid - Q4 2024 - MJC,DE,5,EUR,2025,547308,0.2403%,0.20458,1315,269.02,4282.43,231
"=""amzn1.ads-account.g.betoci5lb82z6jole1u6tt780""",Portwest FR,,"=""408313467426953""",Store Spotlight SB FR (Homepage) - SD,FR,2,EUR,2025,786890,0.0524%,0.14621,412,60.24,135.45,5
"=""amzn1.ads-account.g.1pajz8jo9dcmlcw2654w4ynhd""",Portwest Australia,,"=""127908567131055""",Auto All Low Bid MJC,AU,11,AUD,2025,160409,0.3098%,0.20740,497,103.08,914.75,52
"=""amzn1.ads-account.g.9zovk6zrqsgpaj8x2od1sbl53""",Portwest - BE BISS - (Pan-EU),,"=""467986707928067""",SP - Project Candy - Bridging Promo - 22 Sep 2025 - Auto Low Bid - MJC,BE,7,EUR,2026,21170,0.7558%,0.13156,160,21.05,274.23,15
"=""amzn1.ads-account.g.1pajz8jo9dcmlcw2654w4ynhd""",Portwest Australia,,"=""229818058072638""",Display Ads Converting K8032,AU,6,AUD,2026,0,,,0,0.00,0.00,0
"=""amzn1.ads-account.g.betoci5lb82z6jole1u6tt780""",Portwest FR,,"=""512965080942787""",B2B SP Auto Low Bid - SD,FR,4,EUR,2026,708027,0.3120%,0.44407,2209,980.96,24068.31,1461
"=""amzn1.ads-account.g.betoci5lb82z6jole1u6tt780""",Portwest FR,,"=""148284969926993""",Droppers - Auto Low Bid - MJC,FR,9,EUR,2026,128427,0.4524%,0.14625,581,84.97,1982.37,85
"=""amzn1.ads-account.g.9mvvwnjt2tsmdz08926vlb17a""",Portwest DE,,"=""265284102031598""",SP - Amazon Business Project Candy - Missing Styles June 2026 - Low Bid - MJC (B),DE,8,EUR,2026,72396,0.1105%,0.27213,80,21.77,181.11,18
"=""amzn1.ads-account.g.9mvvwnjt2tsmdz08926vlb17a""",Portwest DE,,"=""265284102031598""",SP - Amazon Business Project Candy - Missing Styles June 2026 - Low Bid - MJC (B),DE,7,EUR,2026,75337,0.0982%,0.28500,74,21.09,27.69,1
"=""amzn1.ads-account.g.5dfl8rvx53v3cuqmb1snnubcf""",Portwest NL,,"=""392977465332326""",Growers (From UK) - Auto Low Bid - MJC,NL,6,EUR,2026,4809,0.4367%,0.07286,21,1.53,0.00,0
"=""amzn1.ads-account.g.7qon60b3itwr4fzatg0h6r5fv""",Portwest IT,,"=""397507002813117""",Auto Low Bid - Q1 2024 - Feb Deals - MJC,IT,6,EUR,2025,445212,0.2810%,0.13436,1251,168.08,2683.65,81
"=""amzn1.ads-account.g.9zovk6zrqsgpaj8x2od1sbl53""",Portwest - BE BISS - (Pan-EU),,"=""377546417761236""",Auto All - EURO Expansion 4 - Campaign B - MJC,BE,2,EUR,2025,83770,0.7186%,0.10424,602,62.75,1450.78,87
"=""amzn1.ads-account.g.mxheehzl72t4l5it1hfsk6xz""",Portwest SE,,"=""506264653748482""",SP - Project Candy - Bridging Promo - 22 Sep 2025 - Auto Low Bid - MJC,SE,3,SEK,2026,41145,0.3184%,1.60366,131,210.08,891.55,3
"=""amzn1.ads-account.g.1pajz8jo9dcmlcw2654w4ynhd""",Portwest Australia,,"=""108617369848228""",Display Ads Converting FW90,AU,6,AUD,2025,49,2.0408%,0.02000,1,0.02,0.00,0
"=""amzn1.ads-account.g.1pajz8jo9dcmlcw2654w4ynhd""",Portwest Australia,,"=""211972647042468""",Profit Expand BRD & PHR - Low Bid - MJC,AU,2,AUD,2025,114303,0.3386%,0.24220,387,93.73,1008.39,42
"=""amzn1.ads-account.g.1pajz8jo9dcmlcw2654w4ynhd""",Portwest Australia,,"=""302643831867198""",Droppers - Auto Low Bid - MJC,AU,8,AUD,2026,26394,0.4963%,0.46137,131,60.44,774.07,32
"=""amzn1.ads-account.g.95u2ty2xhpic90diqqwzt6a2s""",Portwest USA,,"=""409405592960837""",Profit Expand Group 4 - Low Bid BRD & PHR - JC,US,2,USD,2025,577359,0.4186%,0.30356,2417,733.71,6735.42,434
"=""amzn1.ads-account.g.7qon60b3itwr4fzatg0h6r5fv""",Portwest IT,,"=""394086876968340""",PAT Profit Style - Low bid EXT and EXP Oct 2024 - JC,IT,8,EUR,2025,224324,0.3972%,0.17517,891,156.08,1097.70,71
"=""amzn1.ads-account.g.95u2ty2xhpic90diqqwzt6a2s""",Portwest USA,,"=""541135041482838""",Vendor Auto Low Bid - Focus Ranges - Nov 2023 - MJC,US,10,USD,2025,15465,0.9635%,0.18597,149,27.71,82.48,2
"=""amzn1.ads-account.g.6wubx539i9z2ina5h90v21w6e""",WWD - Workwear Depot,,"=""345431107373344""",SP - B2B Auto Low Bid - MC,US,11,USD,2025,1989,0.3519%,0.35000,7,2.45,0.00,0
"=""amzn1.ads-account.g.1pajz8jo9dcmlcw2654w4ynhd""",Portwest Australia,,"=""514462827169654""",SP - PRIME DAY - Project Candy Low Bid with Multi,AU,8,AUD,2026,46446,0.5189%,0.42963,241,103.54,1392.14,48
"=""amzn1.ads-account.g.6wubx539i9z2ina5h90v21w6e""",WWD - Workwear Depot,,"=""345431107373344""",SP - B2B Auto Low Bid - MC,US,6,USD,2026,7451,0.4697%,0.35543,35,12.44,503.86,7
"=""amzn1.ads-account.g.7qon60b3itwr4fzatg0h6r5fv""",Portwest IT,,"=""432140609662787""",SP - UK Gap Products - Project Candy - Auto Low Bid - MJC,IT,12,EUR,2025,870054,0.2629%,0.13249,2287,303.01,3427.38,116
"=""amzn1.ads-account.g.1pajz8jo9dcmlcw2654w4ynhd""",Portwest Australia,,"=""211972647042468""",Profit Expand BRD & PHR - Low Bid - MJC,AU,4,AUD,2025,112018,0.3571%,0.22648,400,90.59,735.74,34
"=""amzn1.ads-account.g.betoci5lb82z6jole1u6tt780""",Portwest FR,,"=""424060741780397""",Auto Low Bid - Q1 2024 - Feb Deals - MJC,FR,1,EUR,2026,533787,0.2793%,0.13979,1491,208.42,1873.50,66
"=""amzn1.ads-account.g.95u2ty2xhpic90diqqwzt6a2s""",Portwest USA,,"=""303569566619173""",High ROAS Top Styles - Medium bid Oct 2024 - JC,US,2,USD,2025,2115,0.6619%,0.57929,14,8.11,33.92,1
"=""amzn1.ads-account.g.95u2ty2xhpic90diqqwzt6a2s""",Portwest USA,,"=""361201165946376""",Home and Garden - Project Candy - Auto Low Bid - MJC,US,9,USD,2025,63587,0.3680%,0.25009,234,58.52,415.40,28
"=""amzn1.ads-account.g.5dfl8rvx53v3cuqmb1snnubcf""",Portwest NL,,"=""485435109277305""",Home and Garden 2025 - Project Candy - Auto Low Bid - MJC,NL,8,EUR,2026,24541,0.3382%,0.09506,83,7.89,67.32,2
"=""amzn1.ads-account.g.9zovk6zrqsgpaj8x2od1sbl53""",Portwest - BE BISS - (Pan-EU),,"=""505560042434740""",Growers (From UK) - Auto Low Bid - MJC,BE,2,EUR,2025,2471,1.4569%,0.10444,36,3.76,263.75,10
"=""amzn1.ads-account.g.6wubx539i9z2ina5h90v21w6e""",WWD - Workwear Depot,,"=""552489117768110""",SP - Project Candy Low Bid - Catch All - Active Only - MJC,UK,1,GBP,2026,346150,0.7719%,0.29009,2672,775.11,3519.60,119
"=""amzn1.ads-account.g.95u2ty2xhpic90diqqwzt6a2s""",Portwest USA,,"=""310313949746032""",Growers - Auto Low Bid - MJC,US,8,USD,2025,66593,0.4295%,0.19136,286,54.73,404.13,10
"=""amzn1.ads-account.g.6wubx539i9z2ina5h90v21w6e""",WWD - Workwear Depot,,"=""129758628454478""",UH440 - Auto - May 2023,US,6,USD,2026,6117,0.3270%,0.47800,20,9.56,94.97,2
"=""amzn1.ads-account.g.9zovk6zrqsgpaj8x2od1sbl53""",Portwest - BE BISS - (Pan-EU),,"=""505560042434740""",Growers (From UK) - Auto Low Bid - MJC,BE,8,EUR,2026,12106,1.1730%,0.11542,142,16.39,409.59,24
"=""amzn1.ads-account.g.95u2ty2xhpic90diqqwzt6a2s""",Portwest USA,,"=""371243070537578""","Style Specific - UH447 - Core Keywords, Close Match EXT - Suggested Bid - MJC",US,8,USD,2025,336,0.2976%,0.73000,1,0.73,0.00,0
"=""amzn1.ads-account.g.1pajz8jo9dcmlcw2654w4ynhd""",Portwest Australia,,"=""110745821211934""",Display Ads Converting A310,AU,10,AUD,2025,0,,,0,0.00,0.00,0
"=""amzn1.ads-account.g.mxheehzl72t4l5it1hfsk6xz""",Portwest SE,,"=""508987492133915""",Growers (From UK) - Auto Low Bid - MJC,SE,7,SEK,2026,20735,0.5305%,1.24273,110,136.70,2513.02,8
"=""amzn1.ads-account.g.9zovk6zrqsgpaj8x2od1sbl53""",Portwest - BE BISS - (Pan-EU),,"=""385469476566499""",Bridging Promo 31 May - Project Candy Low Bid - MJC,BE,9,EUR,2026,3193,0.9082%,0.15724,29,4.56,0.00,0
"=""amzn1.ads-account.g.6wubx539i9z2ina5h90v21w6e""",WWD - Workwear Depot,,"=""317606326104162""",Auto Low Bid - Seller Push May 2024 - MJC,US,3,USD,2026,5431,0.9759%,0.23321,53,12.36,78.98,2
"=""amzn1.ads-account.g.95u2ty2xhpic90diqqwzt6a2s""",Portwest USA,,"=""283483470831455""",PAT Profit US440 - Low Bid Sep 2024 - JC,US,5,USD,2025,85256,2.4186%,0.23670,2062,488.08,4604.07,302
"=""amzn1.ads-account.g.mxheehzl72t4l5it1hfsk6xz""",Portwest SE,,"=""506264653748482""",SP - Project Candy - Bridging Promo - 22 Sep 2025 - Auto Low Bid - MJC,SE,10,SEK,2025,473,0.4228%,0.96000,2,1.92,0.00,0
"=""amzn1.ads-account.g.1pajz8jo9dcmlcw2654w4ynhd""",Portwest Australia,,"=""411010298200586""",Store Spotlight SB - SD,AU,9,AUD,2025,379850,0.1040%,0.18101,395,71.50,1301.70,55
"=""amzn1.ads-account.g.95u2ty2xhpic90diqqwzt6a2s""",Portwest USA,,"=""409405592960837""",Profit Expand Group 4 - Low Bid BRD & PHR - JC,US,6,USD,2025,200170,0.9342%,0.30172,1870,564.21,6398.22,389
"=""amzn1.ads-account.g.9mvvwnjt2tsmdz08926vlb17a""",Portwest DE,,"=""488971604344142""",Keyword Research Low Bid (New Selection) - BRD PHR - SD,DE,8,EUR,2025,857441,0.1507%,0.23815,1292,307.69,2848.48,117
"=""amzn1.ads-account.g.95u2ty2xhpic90diqqwzt6a2s""",Portwest USA,,"=""547236964747932""",Manual Profit EXT Low Bid - December 2023 - MJC,US,10,USD,2025,1141,0.5259%,0.25000,6,1.50,0.00,0
"=""amzn1.ads-account.g.1pajz8jo9dcmlcw2654w4ynhd""",Portwest Australia,,"=""313517393614726""",Push Q1 2024 - Auto Low Bid - MJC,AU,1,AUD,2026,90266,0.3689%,0.35417,333,117.94,1068.46,74
"=""amzn1.ads-account.g.7qon60b3itwr4fzatg0h6r5fv""",Portwest IT,,"=""365836086305490""",Keyword Research Low Bid Group 1 - BRD PHR Oct 2024 - JC,IT,4,EUR,2026,69592,0.3176%,0.14683,221,32.45,391.67,15
"=""amzn1.ads-account.g.6wubx539i9z2ina5h90v21w6e""",WWD - Workwear Depot,,"=""278469250312380""",A - Auto Low Bid - May 2023 - MJC,US,7,USD,2026,332,0.3012%,0.25000,1,0.25,0.00,0
"=""amzn1.ads-account.g.6wubx539i9z2ina5h90v21w6e""",WWD - Workwear Depot,,"=""262860660370351""",B - Auto Low Bid - May 2023 - MJC,US,10,USD,2025,2744,0.0364%,0.22000,1,0.22,0.00,0
"=""amzn1.ads-account.g.mxheehzl72t4l5it1hfsk6xz""",Portwest SE,,"=""506264653748482""",SP - Project Candy - Bridging Promo - 22 Sep 2025 - Auto Low Bid - MJC,SE,9,SEK,2026,18834,0.4779%,1.59444,90,143.50,257.87,2
"=""amzn1.ads-account.g.9mvvwnjt2tsmdz08926vlb17a""",Portwest DE,,"=""265284102031598""",SP - Amazon Business Project Candy - Missing Styles June 2026 - Low Bid - MJC (B),DE,6,EUR,2026,29467,0.1188%,0.29000,35,10.15,25.77,3
"=""amzn1.ads-account.g.9mvvwnjt2tsmdz08926vlb17a""",Portwest DE,,"=""368937778983831""",Manual Profit EXT Low Bid - December 2023 - MJC,DE,8,EUR,2025,65899,0.3050%,0.24333,201,48.91,662.88,45
"=""amzn1.ads-account.g.9mvvwnjt2tsmdz08926vlb17a""",Portwest DE,,"=""145924525357081""",Droppers - Auto Low Bid - MJC,DE,7,EUR,2025,360967,1.0361%,0.23801,3740,890.17,9179.13,726
"=""amzn1.ads-account.g.95u2ty2xhpic90diqqwzt6a2s""",Portwest USA,,"=""415107248963968""",Profit Focus Top Styles - Exact - Oct 2024 - JC,US,3,USD,2025,7980,0.8521%,0.48500,68,32.98,240.83,6
"=""amzn1.ads-account.g.9zovk6zrqsgpaj8x2od1sbl53""",Portwest - BE BISS - (Pan-EU),,"=""314375037758059""",SP - Project Candy - Bridging Promo - 5 Sep 2025 - Auto Low Bid - MJC,BE,3,EUR,2026,30944,0.9243%,0.13503,286,38.62,351.57,24
"=""amzn1.ads-account.g.9mvvwnjt2tsmdz08926vlb17a""",Portwest DE,,"=""456161439841495""",Store Spotlight (DE) SB - Homepage - SD,DE,4,EUR,2025,125640,0.0995%,0.15496,125,19.37,365.67,7
"=""amzn1.ads-account.g.95u2ty2xhpic90diqqwzt6a2s""",Portwest USA,,"=""345133918085337""",Keyword Research Low Bid - BRD PHR - JC,US,5,USD,2025,737707,0.2736%,0.23235,2018,468.88,5041.59,201
"=""amzn1.ads-account.g.1pajz8jo9dcmlcw2654w4ynhd""",Portwest Australia,,"=""396025250237617""",Manual Profit EXT Low Bid - Q2 2024 - MJC,AU,1,AUD,2026,8609,0.3833%,0.24182,33,7.98,46.72,3
"=""amzn1.ads-account.g.mxheehzl72t4l5it1hfsk6xz""",Portwest SE,,"=""376936864967411""",Auto All - EURO Expansion 4 V2 - Campaign B - MJC,SE,2,SEK,2026,146522,0.3569%,1.07126,523,560.27,7919.82,25
"=""amzn1.ads-account.g.bak81x0kttgh0i1ah3ezzzu2m""",Portwest PL,,"=""490065738750316""",Droppers (From UK) - Auto Low Bid - MJC,PL,3,PLN,2026,20956,0.3340%,0.36529,70,25.57,571.24,7
"=""amzn1.ads-account.g.bak81x0kttgh0i1ah3ezzzu2m""",Portwest PL,,"=""457018929654451""",Auto All - EURO Expansion 4 - Campaign B - MJC,PL,4,PLN,2025,135077,0.1333%,0.29333,180,52.80,430.83,7
"=""amzn1.ads-account.g.9mvvwnjt2tsmdz08926vlb17a""",Portwest DE,,"=""234439264649803""",PAT Competitor - S999 (CY),DE,8,EUR,2025,2697,0.7416%,0.35750,20,7.15,41.16,2
"=""amzn1.ads-account.g.bak81x0kttgh0i1ah3ezzzu2m""",Portwest PL,,"=""498483964951140""",Auto Low Bid - Q1 2024 - Feb Deals - MJC,PL,3,PLN,2025,7313,0.2051%,0.11000,15,1.65,0.00,0
"=""amzn1.ads-account.g.95u2ty2xhpic90diqqwzt6a2s""",Portwest USA,,"=""521897769563799""",PAT Profit Style group 2 - Low bid Sep 204 - JC,US,10,USD,2025,2627,0.8755%,0.24478,23,5.63,0.00,0
"=""amzn1.ads-account.g.95u2ty2xhpic90diqqwzt6a2s""",Portwest USA,,"=""447677372993835""",PAT Profit US440 - Exact - Oct 2024 - JC,US,8,USD,2025,2681,0.8206%,0.49545,22,10.90,34.61,2
"=""amzn1.ads-account.g.5dfl8rvx53v3cuqmb1snnubcf""",Portwest NL,,"=""360807979703590""",Auto Low Bid - Q4 2023 - MJC,NL,2,EUR,2025,39598,0.3409%,0.07185,135,9.70,42.00,2
"=""amzn1.ads-account.g.5dfl8rvx53v3cuqmb1snnubcf""",Portwest NL,,"=""469105961672637""",SP - Project Candy Auto Low Bid - Bridging Promo - 22 Sep - MJC,NL,9,EUR,2025,606,0.0000%,,0,0.00,0.00,0
"=""amzn1.ads-account.g.1pajz8jo9dcmlcw2654w4ynhd""",Portwest Australia,,"=""355925356602496""","Core Keywords, Close Match EXT - Suggested Bid - AH",AU,3,AUD,2026,10671,0.7310%,0.37295,78,29.09,227.54,13
"=""amzn1.ads-account.g.8os9jbxe8uolgs0z0ka9qua0q""",Portwest ES,,"=""204794077297538""",Base - Top 10 Sellers - Auto Low Bid - MJC,ES,6,EUR,2025,23716,0.3921%,0.17129,93,15.93,350.39,5
"=""amzn1.ads-account.g.95u2ty2xhpic90diqqwzt6a2s""",Portwest USA,,"=""449935138966310""",Project Candy V3 - Top 100 (May 2025) - Auto Low Bid with Multi - MJC,US,7,USD,2026,23790,1.3787%,0.29021,328,95.19,1643.56,66
"=""amzn1.ads-account.g.1pajz8jo9dcmlcw2654w4ynhd""",Portwest Australia,,"=""188584067285470""",Display Ads Converting PW40,AU,2,AUD,2025,2,0.0000%,,0,0.00,0.00,0
"=""amzn1.ads-account.g.1pajz8jo9dcmlcw2654w4ynhd""",Portwest Australia,,"=""459317093535210""",SP - Black Friday Week - Project Candy Low Bid - with Multi - MJC,AU,4,AUD,2026,355742,0.3865%,0.25207,1375,346.59,5018.44,183
"=""amzn1.ads-account.g.1pajz8jo9dcmlcw2654w4ynhd""",Portwest Australia,,"=""483038863547527""",New Respirator Masks - Auto - MJC,AU,3,AUD,2026,43061,0.3692%,0.36748,159,58.43,582.17,45
"=""amzn1.ads-account.g.95u2ty2xhpic90diqqwzt6a2s""",Portwest USA,,"=""347103425994483""",Display Ads Top Styles Converting Group 1 SD - Sep 2024 - JC,US,3,USD,2025,5522,0.5795%,1.09188,32,34.94,708.82,28
"=""amzn1.ads-account.g.8os9jbxe8uolgs0z0ka9qua0q""",Portwest ES,,"=""416857271027890""",SP - Bridging Promo 5th August 2025,ES,8,EUR,2025,1298349,0.3536%,0.15828,4591,726.66,3205.50,408
"=""amzn1.ads-account.g.6wubx539i9z2ina5h90v21w6e""",WWD - Workwear Depot,,"=""549574665294693""",SP - Catch All Low Bid - All Live Product - with Multi - MJC,US,7,USD,2026,54093,1.0001%,0.21688,541,117.33,946.90,14
"=""amzn1.ads-account.g.1pajz8jo9dcmlcw2654w4ynhd""",Portwest Australia,,"=""274645847327056""",Display Ads Converting  FW95,AU,9,AUD,2026,0,,,0,0.00,0.00,0
"=""amzn1.ads-account.g.1pajz8jo9dcmlcw2654w4ynhd""",Portwest Australia,,"=""127908567131055""",Auto All Low Bid MJC,AU,4,AUD,2026,126346,0.1860%,0.25196,235,59.21,484.12,26
"=""amzn1.ads-account.g.betoci5lb82z6jole1u6tt780""",Portwest FR,,"=""456555263277852""",Keyword Research Low Bid (New Selection) - BRD PHR - SD,FR,3,EUR,2026,330972,0.3266%,0.17046,1081,184.27,2568.14,166
"=""amzn1.ads-account.g.9mvvwnjt2tsmdz08926vlb17a""",Portwest DE,,"=""368937778983831""",Manual Profit EXT Low Bid - December 2023 - MJC,DE,4,EUR,2026,34697,0.2594%,0.23900,90,21.51,185.72,6
"=""amzn1.ads-account.g.1pajz8jo9dcmlcw2654w4ynhd""",Portwest Australia,,"=""56584912532417""",Converting from Other Channels - MJC,AU,2,AUD,2025,571,0.1751%,1.09000,1,1.09,26.28,1
"=""amzn1.ads-account.g.95u2ty2xhpic90diqqwzt6a2s""",Portwest USA,,"=""378183114449311""",Store Spotlight SB - Oct 2024 - JC,US,6,USD,2025,178004,0.1337%,0.20870,238,49.67,1442.84,42
"=""amzn1.ads-account.g.95u2ty2xhpic90diqqwzt6a2s""",Portwest USA,,"=""415107248963968""",Profit Focus Top Styles - Exact - Oct 2024 - JC,US,4,USD,2025,5309,0.8099%,0.54047,43,23.24,1586.31,18
"=""amzn1.ads-account.g.9zovk6zrqsgpaj8x2od1sbl53""",Portwest - BE BISS - (Pan-EU),,"=""467986707928067""",SP - Project Candy - Bridging Promo - 22 Sep 2025 - Auto Low Bid - MJC,BE,1,EUR,2026,36840,1.0125%,0.12882,373,48.05,326.44,15
"=""amzn1.ads-account.g.95u2ty2xhpic90diqqwzt6a2s""",Portwest USA,,"=""462325957755715""",B2B Only 500% Multi Test - Project Candy Low Bid - MJC,US,7,USD,2025,156377,0.4745%,0.53268,742,395.25,6056.53,212
"=""amzn1.ads-account.g.1pajz8jo9dcmlcw2654w4ynhd""",Portwest Australia,,"=""534285577334243""",Project Candy V3 - Top 100 (May 2025) - Auto Low Bid with Multi - MJC,AU,9,AUD,2026,70409,0.8891%,0.49631,626,310.69,2920.96,146
"=""amzn1.ads-account.g.1pajz8jo9dcmlcw2654w4ynhd""",Portwest Australia,,"=""463416327324191""",Growers - Auto Low Bid - MJC,AU,5,AUD,2026,11633,0.4470%,0.45808,52,23.82,309.01,11
"=""amzn1.ads-account.g.95u2ty2xhpic90diqqwzt6a2s""",Portwest USA,,"=""552636415923349""",Auto Low Bid - Vendor Push March 2024 - MJC,US,7,USD,2026,29811,0.8755%,0.28862,261,75.33,836.55,38
"=""amzn1.ads-account.g.1pajz8jo9dcmlcw2654w4ynhd""",Portwest Australia,,"=""534285577334243""",Project Candy V3 - Top 100 (May 2025) - Auto Low Bid with Multi - MJC,AU,7,AUD,2025,69224,0.8913%,0.37958,617,234.20,3035.81,177
"=""amzn1.ads-account.g.bak81x0kttgh0i1ah3ezzzu2m""",Portwest PL,,"=""442163708910699""",Auto All - EURO Expansion 4 - Campaign A - MJC,PL,7,PLN,2025,159210,0.1614%,0.34440,257,88.51,929.75,15
"=""amzn1.ads-account.g.1pajz8jo9dcmlcw2654w4ynhd""",Portwest Australia,,"=""296844823415113""",C734_Auto_Low_Bid_AH Copy 1,AU,12,AUD,2025,52,0.0000%,,0,0.00,0.00,0
"=""amzn1.ads-account.g.bak81x0kttgh0i1ah3ezzzu2m""",Portwest PL,,"=""498106826619910""",SP - PBDD - Project Candy Low Bid - MJC,PL,11,PLN,2025,2439,0.1640%,0.76000,4,3.04,0.00,0
"=""amzn1.ads-account.g.9mvvwnjt2tsmdz08926vlb17a""",Portwest DE,,"=""533829515195503""",SP - UK Gap Products - Project Candy - Auto Low Bid - MJC,DE,4,EUR,2025,1127440,0.3163%,0.14715,3566,524.75,7351.88,366
"=""amzn1.ads-account.g.95u2ty2xhpic90diqqwzt6a2s""",Portwest USA,,"=""312353717160459""",SP - PRIME DAY - Project Candy Low Bid with Multi,US,9,USD,2026,133049,0.7125%,0.37479,948,355.30,2459.33,72
"=""amzn1.ads-account.g.95u2ty2xhpic90diqqwzt6a2s""",Portwest USA,,"=""496148515305885""",Auto Low Bid - Vendor Gloves Push January 2024 - MJC,US,3,USD,2025,1559,1.0263%,0.24375,16,3.90,0.00,0
"=""amzn1.ads-account.g.95u2ty2xhpic90diqqwzt6a2s""",Portwest USA,,"=""487432728655131""",Project Candy - Push Styles Q4 2024 - Auto Low Bid - MJC,US,5,USD,2025,577736,0.2742%,0.22910,1584,362.89,2880.72,114
"=""amzn1.ads-account.g.1pajz8jo9dcmlcw2654w4ynhd""",Portwest Australia,,"=""274645847327056""",Display Ads Converting  FW95,AU,7,AUD,2025,15,0.0000%,,0,0.00,0.00,0
"=""amzn1.ads-account.g.7qon60b3itwr4fzatg0h6r5fv""",Portwest IT,,"=""487996402016430""",SP - B2B Auto Low Bid - MC,IT,8,EUR,2026,550104,0.2450%,0.27667,1348,372.95,12340.80,587
"=""amzn1.ads-account.g.95u2ty2xhpic90diqqwzt6a2s""",Portwest USA,,"=""408324720320680""",(B2B Multiplier Test) - Profit Expand Group 1 - Low Bid BRD & PHR - JC,US,4,USD,2025,96031,0.4936%,0.29506,474,139.86,1612.32,29
"=""amzn1.ads-account.g.9mvvwnjt2tsmdz08926vlb17a""",Portwest DE,,"=""448372766050370""",Bridging Promo 24 May - Project Candy Low Bid - MJC,DE,12,EUR,2025,194726,0.2234%,0.19094,435,83.06,657.36,27
"=""amzn1.ads-account.g.6wubx539i9z2ina5h90v21w6e""",WWD - Workwear Depot,,"=""278469250312380""",A - Auto Low Bid - May 2023 - MJC,US,3,USD,2026,1047,0.4776%,0.18800,5,0.94,0.00,0
"=""amzn1.ads-account.g.9mvvwnjt2tsmdz08926vlb17a""",Portwest DE,,"=""312221393101516""",B2B SP Auto Low Bid - SD,DE,4,EUR,2026,835265,0.2713%,0.30799,2266,697.90,22288.03,1858
"=""amzn1.ads-account.g.95u2ty2xhpic90diqqwzt6a2s""",Portwest USA,,"=""466909516541266""",Keyword Research 2 Low Bid - BRD PHR - JC,US,5,USD,2025,594840,0.0336%,0.23570,200,47.14,704.88,27
"=""amzn1.ads-account.g.bak81x0kttgh0i1ah3ezzzu2m""",Portwest PL,,"=""399671753980737""",Growers (From UK) - Auto Low Bid - MJC,PL,10,PLN,2025,19243,0.2235%,0.31023,43,13.34,0.00,0
"=""amzn1.ads-account.g.5dfl8rvx53v3cuqmb1snnubcf""",Portwest NL,,"=""389075736151395""",Auto All - EURO Expansion 4 - Campaign B - MJC,NL,11,EUR,2025,125072,0.5397%,0.06049,675,40.83,1659.09,82
"=""amzn1.ads-account.g.9mvvwnjt2tsmdz08926vlb17a""",Portwest DE,,"=""312221393101516""",B2B SP Auto Low Bid - SD,DE,3,EUR,2026,928199,0.3058%,0.30949,2838,878.33,29259.90,2138
"=""amzn1.ads-account.g.5dfl8rvx53v3cuqmb1snnubcf""",Portwest NL,,"=""481032442344858""",Auto Low Bid - Q1 2024 - Feb Deals - MJC,NL,3,EUR,2025,28322,0.3566%,0.07891,101,7.97,183.51,9
"=""amzn1.ads-account.g.1pajz8jo9dcmlcw2654w4ynhd""",Portwest Australia,,"=""313517393614726""",Push Q1 2024 - Auto Low Bid - MJC,AU,4,AUD,2026,111046,0.4133%,0.42022,459,192.88,1001.65,44
"=""amzn1.ads-account.g.7qon60b3itwr4fzatg0h6r5fv""",Portwest IT,,"=""379427410422618""",SP - Bridging Promo 5th August 2025,IT,12,EUR,2025,260167,0.3010%,0.16217,783,126.98,574.48,43
"=""amzn1.ads-account.g.1pajz8jo9dcmlcw2654w4ynhd""",Portwest Australia,,"=""459317093535210""",SP - Black Friday Week - Project Candy Low Bid - with Multi - MJC,AU,1,AUD,2026,227953,0.3988%,0.21056,909,191.40,2590.68,117
"=""amzn1.ads-account.g.9mvvwnjt2tsmdz08926vlb17a""",Portwest DE,,"=""368937778983831""",Manual Profit EXT Low Bid - December 2023 - MJC,DE,12,EUR,2025,66236,0.2823%,0.24321,187,45.48,363.89,21
"=""amzn1.ads-account.g.7qon60b3itwr4fzatg0h6r5fv""",Portwest IT,,"=""501655278304804""",Growers - Auto Low Bid - MJC,IT,5,EUR,2026,275234,0.3688%,0.09713,1015,98.59,2613.08,115
"=""amzn1.ads-account.g.6wubx539i9z2ina5h90v21w6e""",WWD - Workwear Depot,,"=""403581243770082""",Focus Styles (Top Selling Seller) - Auto Low Bid June 2023 - MJC,US,3,USD,2025,8593,0.7215%,0.43677,62,27.08,40.99,1
"=""amzn1.ads-account.g.8os9jbxe8uolgs0z0ka9qua0q""",Portwest ES,,"=""547962426196207""",Auto Low Bid - Q1 2024 - Feb Deals - MJC,ES,10,EUR,2025,459768,0.2584%,0.13526,1188,160.69,386.93,20
"=""amzn1.ads-account.g.7qon60b3itwr4fzatg0h6r5fv""",Portwest IT,,"=""465724007904797""",Home and Garden 2025 - Project Candy - Auto Low Bid - MJC,IT,3,EUR,2026,262229,0.1792%,0.13923,470,65.44,639.39,27
"=""amzn1.ads-account.g.betoci5lb82z6jole1u6tt780""",Portwest FR,,"=""148284969926993""",Droppers - Auto Low Bid - MJC,FR,2,EUR,2026,140189,0.6855%,0.15465,961,148.62,3290.38,207
"=""amzn1.ads-account.g.1pajz8jo9dcmlcw2654w4ynhd""",Portwest Australia,,"=""355925356602496""","Core Keywords, Close Match EXT - Suggested Bid - AH",AU,2,AUD,2026,8174,0.6484%,0.40415,53,21.42,144.14,7
"=""amzn1.ads-account.g.betoci5lb82z6jole1u6tt780""",Portwest FR,,"=""410848499689009""",Store Spotlight SB FR (2) - SD,FR,4,EUR,2025,623421,0.0715%,0.17583,446,78.42,1006.58,58
"=""amzn1.ads-account.g.1pajz8jo9dcmlcw2654w4ynhd""",Portwest Australia,,"=""519485767745737""",Keyword Research Low Bid - BRD PHR - AH,AU,1,AUD,2025,128279,0.4311%,0.36467,553,201.66,2209.29,84
"=""amzn1.ads-account.g.9mvvwnjt2tsmdz08926vlb17a""",Portwest DE,,"=""456161439841495""",Store Spotlight (DE) SB - Homepage - SD,DE,3,EUR,2025,174163,0.0878%,0.16595,153,25.39,427.08,11
"=""amzn1.ads-account.g.6wubx539i9z2ina5h90v21w6e""",WWD - Workwear Depot,,"=""123049042264341""",Portwest + Style Code - Manual EXACT - MJC,US,7,USD,2026,76,13.1579%,0.37000,10,3.70,0.00,0
"=""amzn1.ads-account.g.9mvvwnjt2tsmdz08926vlb17a""",Portwest DE,,"=""145924525357081""",Droppers - Auto Low Bid - MJC,DE,11,EUR,2025,390860,0.4472%,0.24450,1748,427.38,4918.38,326
"=""amzn1.ads-account.g.95u2ty2xhpic90diqqwzt6a2s""",Portwest USA,,"=""401424375599724""",Store Spotlight 2 SB - Nov 2024 - JC,US,4,USD,2025,247566,0.1224%,0.22297,303,67.56,343.63,14
"=""amzn1.ads-account.g.1pajz8jo9dcmlcw2654w4ynhd""",Portwest Australia,,"=""480370204072590""",PAT Profit Low Bid - Q2 2024 - MJC,AU,10,AUD,2025,4891,0.9201%,0.24467,45,11.01,130.99,5
"=""amzn1.ads-account.g.7qon60b3itwr4fzatg0h6r5fv""",Portwest IT,,"=""487996402016430""",SP - B2B Auto Low Bid - MC,IT,5,EUR,2026,1286262,0.2858%,0.27456,3676,1009.28,34455.65,2191
"=""amzn1.ads-account.g.betoci5lb82z6jole1u6tt780""",Portwest FR,,"=""424060741780397""",Auto Low Bid - Q1 2024 - Feb Deals - MJC,FR,11,EUR,2025,138657,0.2575%,0.14148,357,50.51,301.77,15
"=""amzn1.ads-account.g.7qon60b3itwr4fzatg0h6r5fv""",Portwest IT,,"=""397507002813117""",Auto Low Bid - Q1 2024 - Feb Deals - MJC,IT,4,EUR,2025,932773,0.2533%,0.14492,2363,342.44,2439.70,89
"=""amzn1.ads-account.g.1pajz8jo9dcmlcw2654w4ynhd""",Portwest Australia,,"=""127908567131055""",Auto All Low Bid MJC,AU,8,AUD,2026,61651,0.3763%,0.18841,232,43.71,403.08,17
"=""amzn1.ads-account.g.95u2ty2xhpic90diqqwzt6a2s""",Portwest USA,,"=""309711536950673""",Auto Low Bid - Vendor Push April 2024 - MJC,US,5,USD,2025,55347,0.8636%,0.25266,478,120.77,1505.45,52
"=""amzn1.ads-account.g.5dfl8rvx53v3cuqmb1snnubcf""",Portwest NL,,"=""332773737266901""",Droppers (From UK) - Auto Low Bid - MJC,NL,1,EUR,2026,8042,0.5596%,0.07311,45,3.29,505.03,20
"=""amzn1.ads-account.g.8os9jbxe8uolgs0z0ka9qua0q""",Portwest ES,,"=""449211671742243""",Keyword Research Low Bid - BRD PHR - SD,ES,6,EUR,2025,497548,0.1091%,0.18059,543,98.06,547.53,19
"=""amzn1.ads-account.g.1pajz8jo9dcmlcw2654w4ynhd""",Portwest Australia,,"=""296844823415113""",C734_Auto_Low_Bid_AH Copy 1,AU,4,AUD,2025,338,0.2959%,0.02000,1,0.02,0.00,0
"=""amzn1.ads-account.g.6wubx539i9z2ina5h90v21w6e""",WWD - Workwear Depot,,"=""505622175738793""",DX4 Product Launch Auto - Low Bid Oct 2024 - JC,US,7,USD,2026,578,0.8651%,0.25000,5,1.25,0.00,0
"=""amzn1.ads-account.g.6wubx539i9z2ina5h90v21w6e""",WWD - Workwear Depot,,"=""509748980876095""",SP - Elbow Pads - Manual Keyword Res & Sugg - BRD PHR EXT - MJC,UK,2,GBP,2025,3512,0.5979%,0.98619,21,20.71,8.32,1
"=""amzn1.ads-account.g.8os9jbxe8uolgs0z0ka9qua0q""",Portwest ES,,"=""195522116641065""",Droppers - Auto Low Bid - MJC,ES,3,EUR,2025,529249,0.3543%,0.16348,1875,306.53,3850.36,278
"=""amzn1.ads-account.g.1pajz8jo9dcmlcw2654w4ynhd""",Portwest Australia,,"=""396025250237617""",Manual Profit EXT Low Bid - Q2 2024 - MJC,AU,9,AUD,2025,11765,0.5950%,0.26914,70,18.84,317.88,16
"=""amzn1.ads-account.g.95u2ty2xhpic90diqqwzt6a2s""",Portwest USA,,"=""521897769563799""",PAT Profit Style group 2 - Low bid Sep 204 - JC,US,2,USD,2025,6745,1.0971%,0.23730,74,17.56,492.56,12
"=""amzn1.ads-account.g.1pajz8jo9dcmlcw2654w4ynhd""",Portwest Australia,,"=""228877476300003""",Auto Low Bid - April 2023 - All Styles - MJC,AU,9,AUD,2025,512079,0.3185%,0.24835,1631,405.06,4913.01,203
"=""amzn1.ads-account.g.95u2ty2xhpic90diqqwzt6a2s""",Portwest USA,,"=""309711536950673""",Auto Low Bid - Vendor Push April 2024 - MJC,US,2,USD,2025,260784,0.1829%,0.24201,477,115.44,1358.65,48
"=""amzn1.ads-account.g.1pajz8jo9dcmlcw2654w4ynhd""",Portwest Australia,,"=""296844823415113""",C734_Auto_Low_Bid_AH Copy 1,AU,9,AUD,2025,48,2.0833%,0.25000,1,0.25,0.00,0
"=""amzn1.ads-account.g.9zovk6zrqsgpaj8x2od1sbl53""",Portwest - BE BISS - (Pan-EU),,"=""480650557145400""",SP - PBDD - Project Candy Low Bid - MJC,BE,7,EUR,2026,5529,1.1033%,0.13918,61,8.49,160.14,7
"=""amzn1.ads-account.g.9mvvwnjt2tsmdz08926vlb17a""",Portwest DE,,"=""555695194898382""",SP - PBDD - Project Candy Low Bid - MJC,DE,8,EUR,2026,572624,0.3688%,0.16294,2112,344.13,7053.23,459
"=""amzn1.ads-account.g.1pajz8jo9dcmlcw2654w4ynhd""",Portwest Australia,,"=""151330554312288""",Display Ads Converting K8112,AU,10,AUD,2025,3,0.0000%,,0,0.00,0.00,0
"=""amzn1.ads-account.g.8os9jbxe8uolgs0z0ka9qua0q""",Portwest ES,,"=""547962426196207""",Auto Low Bid - Q1 2024 - Feb Deals - MJC,ES,2,EUR,2025,1154382,0.2212%,0.14184,2554,362.26,3872.92,176
"=""amzn1.ads-account.g.9mvvwnjt2tsmdz08926vlb17a""",Portwest DE,,"=""184430825120105""",PAT Competitor - C733 (CY),DE,7,EUR,2026,2516,0.9936%,0.95360,25,23.84,34.23,2
"=""amzn1.ads-account.g.betoci5lb82z6jole1u6tt780""",Portwest FR,,"=""19826924345521""",Growers - Auto Low Bid - MJC,FR,6,EUR,2026,161191,0.4132%,0.16032,666,106.77,2563.27,99
"=""amzn1.ads-account.g.betoci5lb82z6jole1u6tt780""",Portwest FR,,"=""19826924345521""",Growers - Auto Low Bid - MJC,FR,8,EUR,2026,132712,0.3730%,0.17010,495,84.20,2536.47,100
"=""amzn1.ads-account.g.8os9jbxe8uolgs0z0ka9qua0q""",Portwest ES,,"=""466433429362650""",Keyword Research Low Bid (Top Sellers) - BRD PHR - SD,ES,2,EUR,2026,120090,0.4597%,0.14759,552,81.47,1426.44,113
"=""amzn1.ads-account.g.9mvvwnjt2tsmdz08926vlb17a""",Portwest DE,,"=""447304808837659""",SP - PRIME DAY - Project Candy Low Bid with Multi,DE,3,EUR,2026,1234253,0.5004%,0.22875,6176,1412.73,20598.25,1306
"=""amzn1.ads-account.g.1pajz8jo9dcmlcw2654w4ynhd""",Portwest Australia,,"=""413015514693012""",New Respirator Masks - PAT (From Aoife) - MJC,AU,10,AUD,2025,64,1.5625%,0.14000,1,0.14,0.00,0
"=""amzn1.ads-account.g.9zovk6zrqsgpaj8x2od1sbl53""",Portwest - BE BISS - (Pan-EU),,"=""457392713613897""",Droppers (From UK) - Auto Low Bid - MJC,BE,8,EUR,2025,1770,3.8418%,0.11059,68,7.52,253.03,11
"=""amzn1.ads-account.g.8os9jbxe8uolgs0z0ka9qua0q""",Portwest ES,,"=""449211671742243""",Keyword Research Low Bid - BRD PHR - SD,ES,8,EUR,2025,600290,0.1218%,0.16679,731,121.92,376.70,14
"=""amzn1.ads-account.g.95u2ty2xhpic90diqqwzt6a2s""",Portwest USA,,"=""409405592960837""",Profit Expand Group 4 - Low Bid BRD & PHR - JC,US,3,USD,2025,525776,0.5375%,0.29550,2826,835.07,9471.80,647
"=""amzn1.ads-account.g.1pajz8jo9dcmlcw2654w4ynhd""",Portwest Australia,,"=""313517393614726""",Push Q1 2024 - Auto Low Bid - MJC,AU,9,AUD,2026,46137,0.3034%,0.42536,140,59.55,140.09,7
"=""amzn1.ads-account.g.8os9jbxe8uolgs0z0ka9qua0q""",Portwest ES,,"=""536026367346324""",Project Candy - Converting EXT - 20240711,ES,9,EUR,2026,14828,0.7486%,0.13910,111,15.44,24.88,7
"=""amzn1.ads-account.g.betoci5lb82z6jole1u6tt780""",Portwest FR,,"=""431361080682482""",SP - PRIME DAY - Project Candy Low Bid with Multi,FR,7,EUR,2026,562759,0.2557%,0.21204,1439,305.13,8043.26,386
"=""amzn1.ads-account.g.5dfl8rvx53v3cuqmb1snnubcf""",Portwest NL,,"=""332773737266901""",Droppers (From UK) - Auto Low Bid - MJC,NL,5,EUR,2026,9954,0.3918%,0.07359,39,2.87,224.67,34
"=""amzn1.ads-account.g.betoci5lb82z6jole1u6tt780""",Portwest FR,,"=""410848499689009""",Store Spotlight SB FR (2) - SD,FR,12,EUR,2025,1087305,0.0642%,0.17477,698,121.99,1579.92,85
"=""amzn1.ads-account.g.5dfl8rvx53v3cuqmb1snnubcf""",Portwest NL,,"=""299998930456663""",SP - PBDD - Project Candy Low Bid - MJC,NL,2,EUR,2026,29645,0.5667%,0.11976,168,20.12,218.88,10
"=""amzn1.ads-account.g.6wubx539i9z2ina5h90v21w6e""",WWD - Workwear Depot,,"=""322086947917851""",SP - Elbow Pads - PAT - Close Competitors - Sugg Bid - MJC,UK,4,GBP,2025,7490,1.7089%,0.80586,128,103.15,124.80,15
"=""amzn1.ads-account.g.7qon60b3itwr4fzatg0h6r5fv""",Portwest IT,,"=""370228643995043""",Project Candy - Converting EXT - 20240711,IT,10,EUR,2025,9958,0.0904%,0.13000,9,1.17,12.60,2
"=""amzn1.ads-account.g.9mvvwnjt2tsmdz08926vlb17a""",Portwest DE,,"=""484663444651191""",Keyword Research Low Bid - BRD PHR - SD,DE,2,EUR,2026,538844,0.2264%,0.23354,1220,284.92,3090.01,154
"=""amzn1.ads-account.g.95u2ty2xhpic90diqqwzt6a2s""",Portwest USA,,"=""340748795056441""",Style Specific - UH447 - Auto Low Bid (0.25) with Dayparting - Weekdays at 50% - MJC,US,8,USD,2025,13278,0.5272%,0.49957,70,34.97,430.35,5
"=""amzn1.ads-account.g.betoci5lb82z6jole1u6tt780""",Portwest FR,,"=""431361080682482""",SP - PRIME DAY - Project Candy Low Bid with Multi,FR,12,EUR,2025,3968276,0.2909%,0.20581,11545,2376.07,31977.02,1296
"=""amzn1.ads-account.g.9zovk6zrqsgpaj8x2od1sbl53""",Portwest - BE BISS - (Pan-EU),,"=""480650557145400""",SP - PBDD - Project Candy Low Bid - MJC,BE,9,EUR,2026,6717,0.7890%,0.14925,53,7.91,152.21,4
"=""amzn1.ads-account.g.5dfl8rvx53v3cuqmb1snnubcf""",Portwest NL,,"=""444011378490748""",SP - Project Candy - Bridging Promo - 5 Sep 2025 - Auto Low Bid - MJC,NL,12,EUR,2025,104251,0.4489%,0.11863,468,55.52,713.00,53
"=""amzn1.ads-account.g.8os9jbxe8uolgs0z0ka9qua0q""",Portwest ES,,"=""195522116641065""",Droppers - Auto Low Bid - MJC,ES,6,EUR,2026,22983,0.4743%,0.07972,109,8.69,198.61,11
"=""amzn1.ads-account.g.95u2ty2xhpic90diqqwzt6a2s""",Portwest USA,,"=""435667212887349""",Profit Expand Group 2 - Low Bid BRD & PHR - JC,US,8,USD,2025,12372,0.5415%,0.29552,67,19.80,191.14,12
"=""amzn1.ads-account.g.1pajz8jo9dcmlcw2654w4ynhd""",Portwest Australia,,"=""108617369848228""",Display Ads Converting FW90,AU,9,AUD,2026,8,0.0000%,,0,0.00,0.00,0
"=""amzn1.ads-account.g.1pajz8jo9dcmlcw2654w4ynhd""",Portwest Australia,,"=""274645847327056""",Display Ads Converting  FW95,AU,5,AUD,2026,3,0.0000%,,0,0.00,0.00,0
"=""amzn1.ads-account.g.9mvvwnjt2tsmdz08926vlb17a""",Portwest DE,,"=""234439264649803""",PAT Competitor - S999 (CY),DE,12,EUR,2025,350,0.8571%,0.40000,3,1.20,0.00,0
"=""amzn1.ads-account.g.1pajz8jo9dcmlcw2654w4ynhd""",Portwest Australia,,"=""327823251042498""",Display Ads Converting SP AH,AU,1,AUD,2026,15318,0.2807%,0.55907,43,24.04,173.74,8
"=""amzn1.ads-account.g.1pajz8jo9dcmlcw2654w4ynhd""",Portwest Australia,,"=""82479822838699""",Auto Low Bid - Unhealthy Inventory V2 - MJC,AU,9,AUD,2025,96492,0.4736%,0.17652,457,80.67,1457.71,53
"=""amzn1.ads-account.g.9mvvwnjt2tsmdz08926vlb17a""",Portwest DE,,"=""309290485231754""",Display Ads Converting SP SD,DE,7,EUR,2025,10217,0.1468%,0.41733,15,6.26,10.71,1
"=""amzn1.ads-account.g.9mvvwnjt2tsmdz08926vlb17a""",Portwest DE,,"=""36483538164733""",Portwest Missed Opportunities DE,DE,6,EUR,2026,15399,0.1104%,0.62824,17,10.68,0.00,0
"=""amzn1.ads-account.g.mxheehzl72t4l5it1hfsk6xz""",Portwest SE,,"=""293264327574712""",Auto All - EURO Expansion 4 V2 - Campaign A - MJC,SE,2,SEK,2025,103868,0.2773%,0.83910,288,241.66,5779.02,23
"=""amzn1.ads-account.g.9mvvwnjt2tsmdz08926vlb17a""",Portwest DE,,"=""309290485231754""",Display Ads Converting SP SD,DE,3,EUR,2025,4197,0.2144%,0.81556,9,7.34,25.54,1
"=""amzn1.ads-account.g.8os9jbxe8uolgs0z0ka9qua0q""",Portwest ES,,"=""536026367346324""",Project Candy - Converting EXT - 20240711,ES,7,EUR,2025,4457,0.2019%,0.14778,9,1.33,0.00,0
"=""amzn1.ads-account.g.9mvvwnjt2tsmdz08926vlb17a""",Portwest DE,,"=""151460587266063""",PAT Competitor - H440 (CY),DE,4,EUR,2025,1021,0.1959%,0.54500,2,1.09,0.00,0
"=""amzn1.ads-account.g.betoci5lb82z6jole1u6tt780""",Portwest FR,,"=""19826924345521""",Growers - Auto Low Bid - MJC,FR,2,EUR,2025,510584,0.5668%,0.16640,2894,481.56,12358.77,548
"=""amzn1.ads-account.g.1pajz8jo9dcmlcw2654w4ynhd""",Portwest Australia,,"=""476491807026648""",2852 - Top Seller - Auto Low Bid - MJC,AU,8,AUD,2026,2399,0.2918%,0.34429,7,2.41,88.12,3
"=""amzn1.ads-account.g.9mvvwnjt2tsmdz08926vlb17a""",Portwest DE,,"=""184430825120105""",PAT Competitor - C733 (CY),DE,11,EUR,2025,119738,0.8477%,0.35159,1015,356.86,3451.48,241
"=""amzn1.ads-account.g.mxheehzl72t4l5it1hfsk6xz""",Portwest SE,,"=""329244351830333""",Droppers (From UK) - Auto Low Bid - MJC,SE,8,SEK,2025,172,1.1628%,0.77500,2,1.55,0.00,0
"=""amzn1.ads-account.g.mxheehzl72t4l5it1hfsk6xz""",Portwest SE,,"=""508987492133915""",Growers (From UK) - Auto Low Bid - MJC,SE,2,SEK,2026,17181,0.3725%,0.99266,64,63.53,1327.12,6
"=""amzn1.ads-account.g.7qon60b3itwr4fzatg0h6r5fv""",Portwest IT,,"=""365836086305490""",Keyword Research Low Bid Group 1 - BRD PHR Oct 2024 - JC,IT,6,EUR,2025,36135,0.2463%,0.15618,89,13.90,373.56,14
"=""amzn1.ads-account.g.9mvvwnjt2tsmdz08926vlb17a""",Portwest DE,,"=""324958907979592""",Project Candy - Focus Styles from SD - Auto Low Bid - Q4 2024 - MJC,DE,1,EUR,2026,109811,0.6101%,0.22840,670,153.03,1700.34,98
"=""amzn1.ads-account.g.betoci5lb82z6jole1u6tt780""",Portwest FR,,"=""293679770059445""",SP - UK Gap Products - Project Candy - Auto Low Bid - MJC,FR,4,EUR,2026,266050,0.5540%,0.13748,1474,202.65,4180.67,179
"=""amzn1.ads-account.g.bak81x0kttgh0i1ah3ezzzu2m""",Portwest PL,,"=""399671753980737""",Growers (From UK) - Auto Low Bid - MJC,PL,9,PLN,2025,7151,0.3776%,0.26519,27,7.16,87.92,2
"=""amzn1.ads-account.g.1pajz8jo9dcmlcw2654w4ynhd""",Portwest Australia,,"=""459317093535210""",SP - Black Friday Week - Project Candy Low Bid - with Multi - MJC,AU,12,AUD,2025,264604,0.3466%,0.21302,917,195.34,1928.92,102
"=""amzn1.ads-account.g.betoci5lb82z6jole1u6tt780""",Portwest FR,,"=""330209804597144""",SP - Bridging Promo until 4th Aug - Project Candy Low Bid - MJC,FR,3,EUR,2026,128332,0.4816%,0.15515,618,95.88,1703.16,146
"=""amzn1.ads-account.g.8os9jbxe8uolgs0z0ka9qua0q""",Portwest ES,,"=""470198564047574""",SP - PRIME DAY - Project Candy Low Bid with Multi,ES,10,EUR,2025,15797301,0.2335%,0.20622,36880,7605.48,30110.93,1287
"=""amzn1.ads-account.g.5dfl8rvx53v3cuqmb1snnubcf""",Portwest NL,,"=""389075736151395""",Auto All - EURO Expansion 4 - Campaign B - MJC,NL,4,EUR,2025,135636,0.3679%,0.04760,499,23.75,1139.06,80
"=""amzn1.ads-account.g.9mvvwnjt2tsmdz08926vlb17a""",Portwest DE,,"=""55994507565416""",Auto Campaign - C733 (CY),DE,6,EUR,2025,42838,0.2008%,0.62116,86,53.42,289.65,16
"=""amzn1.ads-account.g.95u2ty2xhpic90diqqwzt6a2s""",Portwest USA,,"=""401424375599724""",Store Spotlight 2 SB - Nov 2024 - JC,US,5,USD,2025,263153,0.1151%,0.24531,303,74.33,2281.05,80
"=""amzn1.ads-account.g.bak81x0kttgh0i1ah3ezzzu2m""",Portwest PL,,"=""498483964951140""",Auto Low Bid - Q1 2024 - Feb Deals - MJC,PL,9,PLN,2025,1662,0.5415%,0.11222,9,1.01,0.00,0
"=""amzn1.ads-account.g.1pajz8jo9dcmlcw2654w4ynhd""",Portwest Australia,,"=""463416327324191""",Growers - Auto Low Bid - MJC,AU,5,AUD,2025,32590,0.6137%,0.34840,200,69.68,370.93,24
"=""amzn1.ads-account.g.9zovk6zrqsgpaj8x2od1sbl53""",Portwest - BE BISS - (Pan-EU),,"=""505560042434740""",Growers (From UK) - Auto Low Bid - MJC,BE,5,EUR,2026,11817,1.1763%,0.10273,139,14.28,142.85,8
"=""amzn1.ads-account.g.95u2ty2xhpic90diqqwzt6a2s""",Portwest USA,,"=""409985325957400""",PAT Profit Style group 3 - Low bid Sep 204 - JC,US,8,USD,2025,3199,0.5627%,0.24778,18,4.46,77.31,2
"=""amzn1.ads-account.g.95u2ty2xhpic90diqqwzt6a2s""",Portwest USA,,"=""466909516541266""",Keyword Research 2 Low Bid - BRD PHR - JC,US,7,USD,2025,118393,0.0676%,0.21575,80,17.26,328.28,8
"=""amzn1.ads-account.g.7qon60b3itwr4fzatg0h6r5fv""",Portwest IT,,"=""365836086305490""",Keyword Research Low Bid Group 1 - BRD PHR Oct 2024 - JC,IT,8,EUR,2026,134457,0.3577%,0.14389,481,69.21,547.41,34
"=""amzn1.ads-account.g.6wubx539i9z2ina5h90v21w6e""",WWD - Workwear Depot,,"=""278469250312380""",A - Auto Low Bid - May 2023 - MJC,US,12,USD,2025,1673,0.2391%,0.22500,4,0.90,0.00,0
"=""amzn1.ads-account.g.7qon60b3itwr4fzatg0h6r5fv""",Portwest IT,,"=""421546352398518""",SP - PRIME DAY - Project Candy Low Bid with Multi,IT,9,EUR,2026,21560,0.5009%,0.22019,108,23.78,285.87,14
"=""amzn1.ads-account.g.9mvvwnjt2tsmdz08926vlb17a""",Portwest DE,,"=""456161439841495""",Store Spotlight (DE) SB - Homepage - SD,DE,12,EUR,2025,421736,0.1261%,0.17840,532,94.91,1957.76,54
"=""amzn1.ads-account.g.5dfl8rvx53v3cuqmb1snnubcf""",Portwest NL,,"=""444011378490748""",SP - Project Candy - Bridging Promo - 5 Sep 2025 - Auto Low Bid - MJC,NL,10,EUR,2025,103336,0.4442%,0.12362,459,56.74,826.60,47
"=""amzn1.ads-account.g.betoci5lb82z6jole1u6tt780""",Portwest FR,,"=""560822063068179""",Manual Profit EXT Low Bid - December 2023 - MJC,FR,1,EUR,2026,54766,0.6391%,0.14340,350,50.19,1384.89,79
"=""amzn1.ads-account.g.5dfl8rvx53v3cuqmb1snnubcf""",Portwest NL,,"=""481032442344858""",Auto Low Bid - Q1 2024 - Feb Deals - MJC,NL,2,EUR,2025,36028,0.3553%,0.08414,128,10.77,132.31,5
"=""amzn1.ads-account.g.7qon60b3itwr4fzatg0h6r5fv""",Portwest IT,,"=""499173945259706""",Project Candy - Target Styles Q4 2024 - Auto Low Bid - MJC,IT,1,EUR,2025,1486907,0.2685%,0.17853,3993,712.86,7206.16,303
"=""amzn1.ads-account.g.95u2ty2xhpic90diqqwzt6a2s""",Portwest USA,,"=""462325957755715""",B2B Only 500% Multi Test - Project Candy Low Bid - MJC,US,9,USD,2025,35762,0.5704%,0.51770,204,105.61,512.96,20
"=""amzn1.ads-account.g.betoci5lb82z6jole1u6tt780""",Portwest FR,,"=""542786883751652""",SP - Project Candy - Bridging Promo - 22 Sep 2025 - Auto Low Bid - MJC,FR,12,EUR,2025,110939,0.2488%,0.16819,276,46.42,74.64,11
"=""amzn1.ads-account.g.6wubx539i9z2ina5h90v21w6e""",WWD - Workwear Depot,,"=""317606326104162""",Auto Low Bid - Seller Push May 2024 - MJC,US,2,USD,2025,7159,0.2654%,0.24158,19,4.59,0.00,0
"=""amzn1.ads-account.g.95u2ty2xhpic90diqqwzt6a2s""",Portwest USA,,"=""520372994666385""",SP - VIP Keywords (July 2025) - EXT - Our Bid - MJC,US,7,USD,2025,73963,0.4921%,0.77896,364,283.54,3041.13,122
"=""amzn1.ads-account.g.betoci5lb82z6jole1u6tt780""",Portwest FR,,"=""19826924345521""",Growers - Auto Low Bid - MJC,FR,7,EUR,2025,213647,0.4713%,0.15229,1007,153.36,3297.84,184
"=""amzn1.ads-account.g.9mvvwnjt2tsmdz08926vlb17a""",Portwest DE,,"=""547494018872329""",Keyword Research Low Bid (Seasonal) - BRD PHR - SD,DE,3,EUR,2026,304278,0.2511%,0.23177,764,177.07,1493.06,106
"=""amzn1.ads-account.g.6wubx539i9z2ina5h90v21w6e""",WWD - Workwear Depot,,"=""367477579971086""",SP - Project Candy Low Bid - Converting Terms - Profit Expand - PHR - MJC,US,7,USD,2026,866,0.5774%,0.20000,5,1.00,129.99,1
"=""amzn1.ads-account.g.6wubx539i9z2ina5h90v21w6e""",WWD - Workwear Depot,,"=""262860660370351""",B - Auto Low Bid - May 2023 - MJC,US,9,USD,2026,37,0.0000%,,0,0.00,0.00,0
"=""amzn1.ads-account.g.95u2ty2xhpic90diqqwzt6a2s""",Portwest USA,,"=""309149749478686""",Portwest Brand Terms Only - JC,US,6,USD,2025,175059,0.1200%,0.61281,210,128.69,371.83,9
"=""amzn1.ads-account.g.6wubx539i9z2ina5h90v21w6e""",WWD - Workwear Depot,,"=""123049042264341""",Portwest + Style Code - Manual EXACT - MJC,US,2,USD,2026,235,5.9574%,0.31643,14,4.43,31.00,1
"=""amzn1.ads-account.g.5dfl8rvx53v3cuqmb1snnubcf""",Portwest NL,,"=""360807979703590""",Auto Low Bid - Q4 2023 - MJC,NL,10,EUR,2025,24092,0.3113%,0.09667,75,7.25,39.60,3
"=""amzn1.ads-account.g.95u2ty2xhpic90diqqwzt6a2s""",Portwest USA,,"=""521897769563799""",PAT Profit Style group 2 - Low bid Sep 204 - JC,US,6,USD,2025,4597,1.1312%,0.25827,52,13.43,68.32,3
"=""amzn1.ads-account.g.1pajz8jo9dcmlcw2654w4ynhd""",Portwest Australia,,"=""296844823415113""",C734_Auto_Low_Bid_AH Copy 1,AU,8,AUD,2026,4,0.0000%,,0,0.00,0.00,0
"=""amzn1.ads-account.g.8os9jbxe8uolgs0z0ka9qua0q""",Portwest ES,,"=""470198564047574""",SP - PRIME DAY - Project Candy Low Bid with Multi,ES,12,EUR,2025,5836350,0.2192%,0.19904,12795,2546.78,17340.73,677
"=""amzn1.ads-account.g.6wubx539i9z2ina5h90v21w6e""",WWD - Workwear Depot,,"=""499053194388859""",SP - Project Candy Low Bid - PAT Profit - EXT - MJC,US,6,USD,2026,563,0.7105%,0.15000,4,0.60,0.00,0
"=""amzn1.ads-account.g.9zovk6zrqsgpaj8x2od1sbl53""",Portwest - BE BISS - (Pan-EU),,"=""344800929956085""",Auto All - EURO Expansion 4 - Campaign A - MJC,BE,4,EUR,2025,50792,0.8210%,0.10535,417,43.93,719.29,60
"=""amzn1.ads-account.g.6wubx539i9z2ina5h90v21w6e""",WWD - Workwear Depot,,"=""403581243770082""",Focus Styles (Top Selling Seller) - Auto Low Bid June 2023 - MJC,US,10,USD,2025,2789,0.7171%,0.44850,20,8.97,0.00,0
"=""amzn1.ads-account.g.9zovk6zrqsgpaj8x2od1sbl53""",Portwest - BE BISS - (Pan-EU),,"=""467986707928067""",SP - Project Candy - Bridging Promo - 22 Sep 2025 - Auto Low Bid - MJC,BE,11,EUR,2025,42263,1.0435%,0.12998,441,57.32,668.09,34
"=""amzn1.ads-account.g.5dfl8rvx53v3cuqmb1snnubcf""",Portwest NL,,"=""475402648433849""",Bridging Promo 31 May - Project Candy Low Bid - MJC,NL,12,EUR,2025,20422,0.4995%,0.12235,102,12.48,29.65,1
"=""amzn1.ads-account.g.9zovk6zrqsgpaj8x2od1sbl53""",Portwest - BE BISS - (Pan-EU),,"=""385469476566499""",Bridging Promo 31 May - Project Candy Low Bid - MJC,BE,7,EUR,2026,3355,0.7154%,0.14833,24,3.56,24.84,1
"=""amzn1.ads-account.g.6wubx539i9z2ina5h90v21w6e""",WWD - Workwear Depot,,"=""403581243770082""",Focus Styles (Top Selling Seller) - Auto Low Bid June 2023 - MJC,US,9,USD,2026,14,0.0000%,,0,0.00,0.00,0
"=""amzn1.ads-account.g.95u2ty2xhpic90diqqwzt6a2s""",Portwest USA,,"=""312353717160459""",SP - PRIME DAY - Project Candy Low Bid with Multi,US,7,USD,2026,208963,0.9284%,0.36013,1940,698.65,6400.70,218
"=""amzn1.ads-account.g.95u2ty2xhpic90diqqwzt6a2s""",Portwest USA,,"=""487432728655131""",Project Candy - Push Styles Q4 2024 - Auto Low Bid - MJC,US,2,USD,2025,1299019,0.1415%,0.21260,1838,390.75,2759.81,96
"=""amzn1.ads-account.g.8os9jbxe8uolgs0z0ka9qua0q""",Portwest ES,,"=""547962426196207""",Auto Low Bid - Q1 2024 - Feb Deals - MJC,ES,3,EUR,2026,562426,0.2439%,0.13694,1372,187.88,867.32,27
"=""amzn1.ads-account.g.6wubx539i9z2ina5h90v21w6e""",WWD - Workwear Depot,,"=""262860660370351""",B - Auto Low Bid - May 2023 - MJC,US,5,USD,2026,684,0.2924%,0.24000,2,0.48,0.00,0
"=""amzn1.ads-account.g.6wubx539i9z2ina5h90v21w6e""",WWD - Workwear Depot,,"=""474399785060613""",SP - Project Candy Low Bid - New Styles - Phase One - MJC,US,5,USD,2026,10683,0.4493%,0.17813,48,8.55,66.99,1
"=""amzn1.ads-account.g.8os9jbxe8uolgs0z0ka9qua0q""",Portwest ES,,"=""12598931650806""",SP - Amazon Business Project Candy - Missing Styles June 2026 - Low Bid - MJC (B),ES,7,EUR,2026,551666,0.1949%,0.27976,1075,300.74,3524.72,247
"=""amzn1.ads-account.g.9mvvwnjt2tsmdz08926vlb17a""",Portwest DE,,"=""324958907979592""",Project Candy - Focus Styles from SD - Auto Low Bid - Q4 2024 - MJC,DE,5,EUR,2026,88299,0.5311%,0.21627,469,101.43,1284.25,76
"=""amzn1.ads-account.g.6wubx539i9z2ina5h90v21w6e""",WWD - Workwear Depot,,"=""157714611577244""",M - Auto Low Bid - May 2023 - MJC,US,1,USD,2026,48,0.0000%,,0,0.00,0.00,0
"=""amzn1.ads-account.g.95u2ty2xhpic90diqqwzt6a2s""",Portwest USA,,"=""447677372993835""",PAT Profit US440 - Exact - Oct 2024 - JC,US,9,USD,2025,2375,1.0105%,0.49500,24,11.88,80.19,4
"=""amzn1.ads-account.g.betoci5lb82z6jole1u6tt780""",Portwest FR,,"=""456555263277852""",Keyword Research Low Bid (New Selection) - BRD PHR - SD,FR,8,EUR,2026,511572,0.4578%,0.17593,2342,412.03,5009.29,402
"=""amzn1.ads-account.g.7qon60b3itwr4fzatg0h6r5fv""",Portwest IT,,"=""365836086305490""",Keyword Research Low Bid Group 1 - BRD PHR Oct 2024 - JC,IT,7,EUR,2026,71312,0.3394%,0.15335,242,37.11,440.13,18
"=""amzn1.ads-account.g.8os9jbxe8uolgs0z0ka9qua0q""",Portwest ES,,"=""475621571262674""",Growers - Auto Low Bid - MJC,ES,10,EUR,2025,153707,0.5257%,0.15218,808,122.96,1968.81,103
"=""amzn1.ads-account.g.9mvvwnjt2tsmdz08926vlb17a""",Portwest DE,,"=""55994507565416""",Auto Campaign - C733 (CY),DE,7,EUR,2025,51480,0.2778%,0.66210,143,94.68,700.69,38
"=""amzn1.ads-account.g.betoci5lb82z6jole1u6tt780""",Portwest FR,,"=""560822063068179""",Manual Profit EXT Low Bid - December 2023 - MJC,FR,11,EUR,2025,19118,0.5178%,0.15000,99,14.85,228.73,17
"=""amzn1.ads-account.g.1pajz8jo9dcmlcw2654w4ynhd""",Portwest Australia,,"=""533603650852527""",Keyword Research Low Bid - BRD PHR - SD,AU,1,AUD,2026,71259,0.2259%,0.44578,161,71.77,1068.34,29
"=""amzn1.ads-account.g.8os9jbxe8uolgs0z0ka9qua0q""",Portwest ES,,"=""475621571262674""",Growers - Auto Low Bid - MJC,ES,7,EUR,2025,98838,0.5241%,0.12844,518,66.53,507.00,29
"=""amzn1.ads-account.g.95u2ty2xhpic90diqqwzt6a2s""",Portwest USA,,"=""487432728655131""",Project Candy - Push Styles Q4 2024 - Auto Low Bid - MJC,US,6,USD,2026,6194,0.5489%,0.24706,34,8.40,73.96,4
"=""amzn1.ads-account.g.9mvvwnjt2tsmdz08926vlb17a""",Portwest DE,,"=""324958907979592""",Project Candy - Focus Styles from SD - Auto Low Bid - Q4 2024 - MJC,DE,2,EUR,2026,108483,0.5817%,0.23108,631,145.81,1924.77,107
"=""amzn1.ads-account.g.1pajz8jo9dcmlcw2654w4ynhd""",Portwest Australia,,"=""519485767745737""",Keyword Research Low Bid - BRD PHR - AH,AU,11,AUD,2025,80127,0.4493%,0.43881,360,157.97,1196.14,38
"=""amzn1.ads-account.g.mxheehzl72t4l5it1hfsk6xz""",Portwest SE,,"=""293264327574712""",Auto All - EURO Expansion 4 V2 - Campaign A - MJC,SE,8,SEK,2026,256880,0.3901%,1.10299,1002,1105.20,9338.76,53
"=""amzn1.ads-account.g.betoci5lb82z6jole1u6tt780""",Portwest FR,,"=""449898276473828""",SP - PBDD - Project Candy Low Bid - MJC,FR,2,EUR,2026,1122952,0.4742%,0.14000,5325,745.50,13129.88,710
"=""amzn1.ads-account.g.1pajz8jo9dcmlcw2654w4ynhd""",Portwest Australia,,"=""257891712755572""",Profit MJC,AU,2,AUD,2026,9577,3.9156%,1.10725,375,415.22,2762.77,91
"=""amzn1.ads-account.g.8os9jbxe8uolgs0z0ka9qua0q""",Portwest ES,,"=""204794077297538""",Base - Top 10 Sellers - Auto Low Bid - MJC,ES,1,EUR,2025,130483,0.3020%,0.17660,394,69.58,473.70,7
"=""amzn1.ads-account.g.8os9jbxe8uolgs0z0ka9qua0q""",Portwest ES,,"=""449211671742243""",Keyword Research Low Bid - BRD PHR - SD,ES,5,EUR,2025,698537,0.1648%,0.18053,1151,207.79,1472.74,65
"=""amzn1.ads-account.g.8os9jbxe8uolgs0z0ka9qua0q""",Portwest ES,,"=""414379648842481""",SP - B2B Auto Low Bid - MC,ES,2,EUR,2026,61528,0.4648%,0.26738,286,76.47,3830.23,235
"=""amzn1.ads-account.g.5dfl8rvx53v3cuqmb1snnubcf""",Portwest NL,,"=""469105961672637""",SP - Project Candy Auto Low Bid - Bridging Promo - 22 Sep - MJC,NL,10,EUR,2025,2665,0.6754%,0.09056,18,1.63,46.78,3
"=""amzn1.ads-account.g.1pajz8jo9dcmlcw2654w4ynhd""",Portwest Australia,,"=""533603650852527""",Keyword Research Low Bid - BRD PHR - SD,AU,10,AUD,2025,180151,0.3847%,0.37348,693,258.82,4193.29,115
"=""amzn1.ads-account.g.bak81x0kttgh0i1ah3ezzzu2m""",Portwest PL,,"=""442594519627299""",Bridging Promo 24 May - Project Candy Low Bid - MJC,PL,7,PLN,2025,13292,0.1128%,0.68733,15,10.31,0.00,0
"=""amzn1.ads-account.g.1pajz8jo9dcmlcw2654w4ynhd""",Portwest Australia,,"=""29521114214144""",Display Ads Convering TK50,AU,9,AUD,2026,0,,,0,0.00,0.00,0
"=""amzn1.ads-account.g.6wubx539i9z2ina5h90v21w6e""",WWD - Workwear Depot,,"=""316861580179555""",Auto Low Bid April MJC 24,US,5,USD,2026,1226,0.4078%,0.25000,5,1.25,0.00,0
"=""amzn1.ads-account.g.8os9jbxe8uolgs0z0ka9qua0q""",Portwest ES,,"=""27558367407787""",SP - Amazon Business Project Candy - Missing Styles June 2026 - Low Bid - MJC (A),ES,9,EUR,2026,371425,0.1602%,0.28081,595,167.08,2258.09,140
"=""amzn1.ads-account.g.1pajz8jo9dcmlcw2654w4ynhd""",Portwest Australia,,"=""459317093535210""",SP - Black Friday Week - Project Candy Low Bid - with Multi - MJC,AU,5,AUD,2026,391484,0.4585%,0.25522,1795,458.12,7621.72,252
"=""amzn1.ads-account.g.1pajz8jo9dcmlcw2654w4ynhd""",Portwest Australia,,"=""533603650852527""",Keyword Research Low Bid - BRD PHR - SD,AU,9,AUD,2025,150364,0.3126%,0.38162,470,179.36,1936.02,66
"=""amzn1.ads-account.g.95u2ty2xhpic90diqqwzt6a2s""",Portwest USA,,"=""538337297480785""",Auto Low Bid - Vendor Push December 2023 - MJC,US,5,USD,2025,417287,0.4580%,0.25901,1911,494.97,6259.57,213
"=""amzn1.ads-account.g.1pajz8jo9dcmlcw2654w4ynhd""",Portwest Australia,,"=""82479822838699""",Auto Low Bid - Unhealthy Inventory V2 - MJC,AU,2,AUD,2026,48085,0.5677%,0.20447,273,55.82,1228.88,54
"=""amzn1.ads-account.g.9zovk6zrqsgpaj8x2od1sbl53""",Portwest - BE BISS - (Pan-EU),,"=""344800929956085""",Auto All - EURO Expansion 4 - Campaign A - MJC,BE,3,EUR,2026,85960,0.8201%,0.10752,705,75.80,1481.86,74
"=""amzn1.ads-account.g.betoci5lb82z6jole1u6tt780""",Portwest FR,,"=""201893153506278""",Droppers - Profit - MJC,FR,8,EUR,2026,18098,0.2210%,0.13875,40,5.55,254.06,23
"=""amzn1.ads-account.g.1pajz8jo9dcmlcw2654w4ynhd""",Portwest Australia,,"=""483038863547527""",New Respirator Masks - Auto - MJC,AU,4,AUD,2026,48538,0.4677%,0.36326,227,82.46,651.62,46
"=""amzn1.ads-account.g.6wubx539i9z2ina5h90v21w6e""",WWD - Workwear Depot,,"=""403581243770082""",Focus Styles (Top Selling Seller) - Auto Low Bid June 2023 - MJC,US,2,USD,2025,15800,0.6519%,0.43379,103,44.68,40.99,1
"=""amzn1.ads-account.g.1pajz8jo9dcmlcw2654w4ynhd""",Portwest Australia,,"=""463416327324191""",Growers - Auto Low Bid - MJC,AU,7,AUD,2025,25206,0.6308%,0.39006,159,62.02,424.35,31
"=""amzn1.ads-account.g.8os9jbxe8uolgs0z0ka9qua0q""",Portwest ES,,"=""470198564047574""",SP - PRIME DAY - Project Candy Low Bid with Multi,ES,3,EUR,2026,1230870,0.1315%,0.18911,1618,305.98,3270.86,151
"=""amzn1.ads-account.g.95u2ty2xhpic90diqqwzt6a2s""",Portwest USA,,"=""487432728655131""",Project Candy - Push Styles Q4 2024 - Auto Low Bid - MJC,US,9,USD,2025,95705,0.4106%,0.22104,393,86.87,670.79,25
"=""amzn1.ads-account.g.1pajz8jo9dcmlcw2654w4ynhd""",Portwest Australia,,"=""129109347042612""",Display Ads Converting 2852,AU,5,AUD,2025,0,,,0,0.00,0.00,0
"=""amzn1.ads-account.g.1pajz8jo9dcmlcw2654w4ynhd""",Portwest Australia,,"=""400393817196319""",SP - Project Candy - DIY Deal Campaign - Auto Low Bid - MJC,AU,5,AUD,2025,0,,,0,0.00,0.00,0
"=""amzn1.ads-account.g.95u2ty2xhpic90diqqwzt6a2s""",Portwest USA,,"=""538337297480785""",Auto Low Bid - Vendor Push December 2023 - MJC,US,9,USD,2026,9383,1.1936%,0.22580,112,25.29,108.32,4
"=""amzn1.ads-account.g.5dfl8rvx53v3cuqmb1snnubcf""",Portwest NL,,"=""299998930456663""",SP - PBDD - Project Candy Low Bid - MJC,NL,11,EUR,2025,42950,0.6077%,0.11559,261,30.17,353.57,21
"=""amzn1.ads-account.g.6wubx539i9z2ina5h90v21w6e""",WWD - Workwear Depot,,"=""20901691149359""",T - Auto Low Bid - May 2023 - MJC,US,3,USD,2025,6898,0.2175%,0.24133,15,3.62,0.00,0
"=""amzn1.ads-account.g.bak81x0kttgh0i1ah3ezzzu2m""",Portwest PL,,"=""399671753980737""",Growers (From UK) - Auto Low Bid - MJC,PL,7,PLN,2026,516,0.0000%,,0,0.00,0.00,0
"=""amzn1.ads-account.g.bak81x0kttgh0i1ah3ezzzu2m""",Portwest PL,,"=""399671753980737""",Growers (From UK) - Auto Low Bid - MJC,PL,4,PLN,2025,6222,0.2893%,0.15167,18,2.73,0.00,0
"=""amzn1.ads-account.g.9zovk6zrqsgpaj8x2od1sbl53""",Portwest - BE BISS - (Pan-EU),,"=""457392713613897""",Droppers (From UK) - Auto Low Bid - MJC,BE,9,EUR,2025,3306,2.2989%,0.10434,76,7.93,451.05,26
"=""amzn1.ads-account.g.betoci5lb82z6jole1u6tt780""",Portwest FR,,"=""410848499689009""",Store Spotlight SB FR (2) - SD,FR,8,EUR,2026,786526,0.0572%,0.16058,450,72.26,1027.50,48
"=""amzn1.ads-account.g.1pajz8jo9dcmlcw2654w4ynhd""",Portwest Australia,,"=""411010298200586""",Store Spotlight SB - SD,AU,2,AUD,2026,231011,0.3476%,0.16143,803,129.63,4568.78,154
"=""amzn1.ads-account.g.1pajz8jo9dcmlcw2654w4ynhd""",Portwest Australia,,"=""302643831867198""",Droppers - Auto Low Bid - MJC,AU,5,AUD,2025,32436,0.4655%,0.34430,151,51.99,504.23,33
"=""amzn1.ads-account.g.1pajz8jo9dcmlcw2654w4ynhd""",Portwest Australia,,"=""328813373672013""",Aoife Keyword Res - Manual EXT - MJC 24,AU,3,AUD,2025,13835,0.4120%,0.49842,57,28.41,120.23,11
"=""amzn1.ads-account.g.95u2ty2xhpic90diqqwzt6a2s""",Portwest USA,,"=""319162604580847""",(Dayparting Test) PAT Profit EXT and EXP - Low bid Oct 2024 - JC,US,4,USD,2025,201619,0.5922%,0.26724,1194,319.09,3209.67,144
"=""amzn1.ads-account.g.9zovk6zrqsgpaj8x2od1sbl53""",Portwest - BE BISS - (Pan-EU),,"=""457392713613897""",Droppers (From UK) - Auto Low Bid - MJC,BE,6,EUR,2026,3646,1.2342%,0.10311,45,4.64,93.27,6
"=""amzn1.ads-account.g.6wubx539i9z2ina5h90v21w6e""",WWD - Workwear Depot,,"=""322086947917851""",SP - Elbow Pads - PAT - Close Competitors - Sugg Bid - MJC,UK,9,GBP,2025,3829,1.2536%,0.76229,48,36.59,49.92,6
"=""amzn1.ads-account.g.9mvvwnjt2tsmdz08926vlb17a""",Portwest DE,,"=""184430825120105""",PAT Competitor - C733 (CY),DE,12,EUR,2025,34568,0.8736%,0.37192,302,112.32,1198.78,84
"=""amzn1.ads-account.g.1pajz8jo9dcmlcw2654w4ynhd""",Portwest Australia,,"=""98881097356548""",Display Ads Top Styles Helmet & Headwear - SD,AU,4,AUD,2026,69018,0.1840%,0.85441,127,108.51,158.69,3
"=""amzn1.ads-account.g.1pajz8jo9dcmlcw2654w4ynhd""",Portwest Australia,,"=""211972647042468""",Profit Expand BRD & PHR - Low Bid - MJC,AU,6,AUD,2025,124417,0.3609%,0.24612,449,110.51,1036.85,44
"=""amzn1.ads-account.g.7qon60b3itwr4fzatg0h6r5fv""",Portwest IT,,"=""397507002813117""",Auto Low Bid - Q1 2024 - Feb Deals - MJC,IT,8,EUR,2025,416009,0.2214%,0.14344,921,132.11,635.13,20
"=""amzn1.ads-account.g.9mvvwnjt2tsmdz08926vlb17a""",Portwest DE,,"=""184430825120105""",PAT Competitor - C733 (CY),DE,3,EUR,2025,99045,0.6835%,0.36749,677,248.79,3454.22,204
"=""amzn1.ads-account.g.1pajz8jo9dcmlcw2654w4ynhd""",Portwest Australia,,"=""29521114214144""",Display Ads Convering TK50,AU,8,AUD,2026,2,0.0000%,,0,0.00,0.00,0
"=""amzn1.ads-account.g.5dfl8rvx53v3cuqmb1snnubcf""",Portwest NL,,"=""481032442344858""",Auto Low Bid - Q1 2024 - Feb Deals - MJC,NL,12,EUR,2025,12084,0.3641%,0.09023,44,3.97,22.58,4
"=""amzn1.ads-account.g.6wubx539i9z2ina5h90v21w6e""",WWD - Workwear Depot,,"=""389985294556058""",SP - Project Candy Low Bid - Active Seller List (From SD) - Sep 2025 - MJC,UK,9,GBP,2026,19692,0.4520%,0.14831,89,13.20,0.00,0
"=""amzn1.ads-account.g.1pajz8jo9dcmlcw2654w4ynhd""",Portwest Australia,,"=""327823251042498""",Display Ads Converting SP AH,AU,3,AUD,2026,44313,0.1602%,1.23408,71,87.62,846.40,26
"=""amzn1.ads-account.g.5dfl8rvx53v3cuqmb1snnubcf""",Portwest NL,,"=""475402648433849""",Bridging Promo 31 May - Project Candy Low Bid - MJC,NL,2,EUR,2026,23202,0.4224%,0.09867,98,9.67,78.60,3
"=""amzn1.ads-account.g.1pajz8jo9dcmlcw2654w4ynhd""",Portwest Australia,,"=""296844823415113""",C734_Auto_Low_Bid_AH Copy 1,AU,2,AUD,2025,214,0.0000%,,0,0.00,0.00,0
"=""amzn1.ads-account.g.1pajz8jo9dcmlcw2654w4ynhd""",Portwest Australia,,"=""274645847327056""",Display Ads Converting  FW95,AU,1,AUD,2026,3,0.0000%,,0,0.00,0.00,0
"=""amzn1.ads-account.g.8os9jbxe8uolgs0z0ka9qua0q""",Portwest ES,,"=""536026367346324""",Project Candy - Converting EXT - 20240711,ES,7,EUR,2026,10809,0.8049%,0.13690,87,11.91,145.08,11
"=""amzn1.ads-account.g.95u2ty2xhpic90diqqwzt6a2s""",Portwest USA,,"=""404384002405554""",Style Specific - UH447 - Keyword Research Low Bid (0.25) - BRD PHR - Dayparting 25 Increase Weekdays - MJC,US,7,USD,2025,7952,0.3395%,0.35704,27,9.64,81.54,1
"=""amzn1.ads-account.g.9mvvwnjt2tsmdz08926vlb17a""",Portwest DE,,"=""52065936047090""",Droppers - Profit - MJC`,DE,4,EUR,2025,26241,0.3201%,0.24393,84,20.49,376.88,20
"=""amzn1.ads-account.g.6wubx539i9z2ina5h90v21w6e""",WWD - Workwear Depot,,"=""262860660370351""",B - Auto Low Bid - May 2023 - MJC,US,7,USD,2025,412,0.2427%,0.25000,1,0.25,0.00,0
"=""amzn1.ads-account.g.8os9jbxe8uolgs0z0ka9qua0q""",Portwest ES,,"=""496172824240757""",Bridging Promo 21 May - Project Candy Low Bid - MJC,ES,12,EUR,2025,28359,0.1728%,0.17980,49,8.81,77.52,2
"=""amzn1.ads-account.g.8os9jbxe8uolgs0z0ka9qua0q""",Portwest ES,,"=""195522116641065""",Droppers - Auto Low Bid - MJC,ES,7,EUR,2026,12732,0.5498%,0.07743,70,5.42,193.63,8
"=""amzn1.ads-account.g.9mvvwnjt2tsmdz08926vlb17a""",Portwest DE,,"=""365846807361792""",Home and Garden 2025 - Project Candy - Auto Low Bid - MJC,DE,4,EUR,2026,408246,0.2663%,0.14988,1087,162.92,2147.99,84
"=""amzn1.ads-account.g.6wubx539i9z2ina5h90v21w6e""",WWD - Workwear Depot,,"=""26886441161653""",C - Auto Low Bid - May 2023 - MJC,US,7,USD,2025,322,0.3106%,0.02000,1,0.02,0.00,0
"=""amzn1.ads-account.g.95u2ty2xhpic90diqqwzt6a2s""",Portwest USA,,"=""431207786236144""",Manual Profit EXT Low Bid - Q4 - MJC,US,6,USD,2025,1327,0.6782%,0.25000,9,2.25,66.12,4
"=""amzn1.ads-account.g.bak81x0kttgh0i1ah3ezzzu2m""",Portwest PL,,"=""498483964951140""",Auto Low Bid - Q1 2024 - Feb Deals - MJC,PL,11,PLN,2025,990,0.3030%,0.10000,3,0.30,0.00,0
"=""amzn1.ads-account.g.1pajz8jo9dcmlcw2654w4ynhd""",Portwest Australia,,"=""538175312863476""",SP - PBDD - Project Candy Low Bid - with Multi - MJC,AU,11,AUD,2025,41641,0.3722%,0.07026,155,10.89,276.43,15
"=""amzn1.ads-account.g.1pajz8jo9dcmlcw2654w4ynhd""",Portwest Australia,,"=""141467539567225""",Display Ads Converting S156,AU,6,AUD,2025,0,,,0,0.00,0.00,0
"=""amzn1.ads-account.g.betoci5lb82z6jole1u6tt780""",Portwest FR,,"=""294745696953229""",Keyword Research Low Bid (Seasonal) - BRD PHR - SD,FR,6,EUR,2026,74875,0.3392%,0.17433,254,44.28,372.78,24
"=""amzn1.ads-account.g.9mvvwnjt2tsmdz08926vlb17a""",Portwest DE,,"=""339739082571714""",Auto Low Bid - Q1 2024 - Feb Deals - MJC,DE,8,EUR,2026,40470,0.3805%,0.15149,154,23.33,351.53,13
"=""amzn1.ads-account.g.9mvvwnjt2tsmdz08926vlb17a""",Portwest DE,,"=""55994507565416""",Auto Campaign - C733 (CY),DE,12,EUR,2025,12307,0.2275%,0.69036,28,19.33,66.92,5
"=""amzn1.ads-account.g.7qon60b3itwr4fzatg0h6r5fv""",Portwest IT,,"=""379427410422618""",SP - Bridging Promo 5th August 2025,IT,9,EUR,2025,1283079,0.3740%,0.16267,4799,780.63,5816.49,434
"=""amzn1.ads-account.g.bak81x0kttgh0i1ah3ezzzu2m""",Portwest PL,,"=""399671753980737""",Growers (From UK) - Auto Low Bid - MJC,PL,3,PLN,2025,11335,0.2117%,0.19042,24,4.57,0.00,0
"=""amzn1.ads-account.g.1pajz8jo9dcmlcw2654w4ynhd""",Portwest Australia,,"=""463416327324191""",Growers - Auto Low Bid - MJC,AU,3,AUD,2026,7488,0.7612%,0.20702,57,11.80,161.54,10
"=""amzn1.ads-account.g.betoci5lb82z6jole1u6tt780""",Portwest FR,,"=""293679770059445""",SP - UK Gap Products - Project Candy - Auto Low Bid - MJC,FR,3,EUR,2026,350451,0.5310%,0.13965,1861,259.89,5047.77,229
"=""amzn1.ads-account.g.6wubx539i9z2ina5h90v21w6e""",WWD - Workwear Depot,,"=""474399785060613""",SP - Project Candy Low Bid - New Styles - Phase One - MJC,US,2,USD,2026,3971,0.1763%,0.20143,7,1.41,0.00,0
"=""amzn1.ads-account.g.95u2ty2xhpic90diqqwzt6a2s""",Portwest USA,,"=""361201165946376""",Home and Garden - Project Candy - Auto Low Bid - MJC,US,6,USD,2026,17944,0.7858%,0.26943,141,37.99,63.96,4
"=""amzn1.ads-account.g.bak81x0kttgh0i1ah3ezzzu2m""",Portwest PL,,"=""457018929654451""",Auto All - EURO Expansion 4 - Campaign B - MJC,PL,5,PLN,2026,261251,0.2270%,0.40560,593,240.52,1497.15,36
"=""amzn1.ads-account.g.betoci5lb82z6jole1u6tt780""",Portwest FR,,"=""500653553293902""",Bridging Promo 17 May - Project Candy Low Bid - MJC,FR,6,EUR,2025,158926,0.2567%,0.18284,408,74.60,618.53,13
"=""amzn1.ads-account.g.95u2ty2xhpic90diqqwzt6a2s""",Portwest USA,,"=""347103425994483""",Display Ads Top Styles Converting Group 1 SD - Sep 2024 - JC,US,5,USD,2025,4978,0.2411%,1.17417,12,14.09,68.65,2
"=""amzn1.ads-account.g.1pajz8jo9dcmlcw2654w4ynhd""",Portwest Australia,,"=""102427433261746""",Display Ads Top Styles HiVis - SD,AU,4,AUD,2026,70726,0.2022%,0.71399,143,102.10,60.08,6
"=""amzn1.ads-account.g.1pajz8jo9dcmlcw2654w4ynhd""",Portwest Australia,,"=""463416327324191""",Growers - Auto Low Bid - MJC,AU,6,AUD,2026,8924,0.5939%,0.37094,53,19.66,289.60,11
"=""amzn1.ads-account.g.9zovk6zrqsgpaj8x2od1sbl53""",Portwest - BE BISS - (Pan-EU),,"=""505560042434740""",Growers (From UK) - Auto Low Bid - MJC,BE,1,EUR,2026,7334,1.1044%,0.10370,81,8.40,256.95,17
"=""amzn1.ads-account.g.9mvvwnjt2tsmdz08926vlb17a""",Portwest DE,,"=""533829515195503""",SP - UK Gap Products - Project Candy - Auto Low Bid - MJC,DE,11,EUR,2025,409114,0.3542%,0.15520,1449,224.89,2197.16,96
"=""amzn1.ads-account.g.betoci5lb82z6jole1u6tt780""",Portwest FR,,"=""512965080942787""",B2B SP Auto Low Bid - SD,FR,7,EUR,2026,463992,0.2752%,0.46369,1277,592.13,17966.19,1169
"=""amzn1.ads-account.g.bak81x0kttgh0i1ah3ezzzu2m""",Portwest PL,,"=""399671753980737""",Growers (From UK) - Auto Low Bid - MJC,PL,6,PLN,2025,5325,0.2629%,0.35857,14,5.02,86.85,1
"=""amzn1.ads-account.g.betoci5lb82z6jole1u6tt780""",Portwest FR,,"=""201893153506278""",Droppers - Profit - MJC,FR,5,EUR,2026,11336,0.2382%,0.14185,27,3.83,168.37,7
"=""amzn1.ads-account.g.9zovk6zrqsgpaj8x2od1sbl53""",Portwest - BE BISS - (Pan-EU),,"=""501480875972186""",SP - Project Candy Auto Low Bid - Bridging Promo - 22 Sep - MJC,BE,4,EUR,2026,464,0.8621%,0.07750,4,0.31,0.00,0
"=""amzn1.ads-account.g.9mvvwnjt2tsmdz08926vlb17a""",Portwest DE,,"=""368937778983831""",Manual Profit EXT Low Bid - December 2023 - MJC,DE,6,EUR,2026,30952,0.2649%,0.24110,82,19.77,262.71,14
"=""amzn1.ads-account.g.95u2ty2xhpic90diqqwzt6a2s""",Portwest USA,,"=""208932509891715""",SP - Relaunch June 2026 - Project Candy w Multi - MJC,US,6,USD,2026,22986,0.9223%,0.23925,212,50.72,367.50,9
"=""amzn1.ads-account.g.9mvvwnjt2tsmdz08926vlb17a""",Portwest DE,,"=""484663444651191""",Keyword Research Low Bid - BRD PHR - SD,DE,10,EUR,2025,1245973,0.3762%,0.23530,4687,1102.87,11708.32,593
"=""amzn1.ads-account.g.9mvvwnjt2tsmdz08926vlb17a""",Portwest DE,,"=""448372766050370""",Bridging Promo 24 May - Project Candy Low Bid - MJC,DE,8,EUR,2026,33399,0.6108%,0.18877,204,38.51,440.66,20
"=""amzn1.ads-account.g.95u2ty2xhpic90diqqwzt6a2s""",Portwest USA,,"=""408324720320680""",(B2B Multiplier Test) - Profit Expand Group 1 - Low Bid BRD & PHR - JC,US,5,USD,2025,69394,0.4669%,0.30253,324,98.02,2127.21,37
"=""amzn1.ads-account.g.9mvvwnjt2tsmdz08926vlb17a""",Portwest DE,,"=""309290485231754""",Display Ads Converting SP SD,DE,4,EUR,2026,7219,0.2770%,0.66700,20,13.34,79.12,4
"=""amzn1.ads-account.g.betoci5lb82z6jole1u6tt780""",Portwest FR,,"=""370127154989503""",Auto Low Bid - Q4 2023 - MJC,FR,2,EUR,2026,235396,0.3139%,0.14277,739,105.51,1642.01,57
"=""amzn1.ads-account.g.1pajz8jo9dcmlcw2654w4ynhd""",Portwest Australia,,"=""151330554312288""",Display Ads Converting K8112,AU,3,AUD,2025,2,0.0000%,,0,0.00,0.00,0
"=""amzn1.ads-account.g.betoci5lb82z6jole1u6tt780""",Portwest FR,,"=""408313467426953""",Store Spotlight SB FR (Homepage) - SD,FR,6,EUR,2025,959098,0.0651%,0.14683,624,91.62,643.17,34
"=""amzn1.ads-account.g.95u2ty2xhpic90diqqwzt6a2s""",Portwest USA,,"=""340748795056441""",Style Specific - UH447 - Auto Low Bid (0.25) with Dayparting - Weekdays at 50% - MJC,US,10,USD,2025,29461,0.5363%,0.48639,158,76.85,291.43,3
"=""amzn1.ads-account.g.1pajz8jo9dcmlcw2654w4ynhd""",Portwest Australia,,"=""211972647042468""",Profit Expand BRD & PHR - Low Bid - MJC,AU,1,AUD,2025,104246,0.2935%,0.26134,306,79.97,809.42,35
"=""amzn1.ads-account.g.1pajz8jo9dcmlcw2654w4ynhd""",Portwest Australia,,"=""82479822838699""",Auto Low Bid - Unhealthy Inventory V2 - MJC,AU,3,AUD,2025,208167,0.2858%,0.22640,595,134.71,1277.04,62
"=""amzn1.ads-account.g.95u2ty2xhpic90diqqwzt6a2s""",Portwest USA,,"=""523654763196797""",Profit Expand Group 3 - Low Bid BRD & PHR - JC,US,9,USD,2026,6953,0.4027%,0.31821,28,8.91,42.99,1
"=""amzn1.ads-account.g.8os9jbxe8uolgs0z0ka9qua0q""",Portwest ES,,"=""480938456434366""",SP - UK Gap Products - Project Candy - Auto Low Bid - MJC,ES,12,EUR,2025,901181,0.2553%,0.13503,2301,310.71,3027.86,132
"=""amzn1.ads-account.g.95u2ty2xhpic90diqqwzt6a2s""",Portwest USA,,"=""345133918085337""",Keyword Research Low Bid - BRD PHR - JC,US,8,USD,2026,137323,0.3342%,0.24179,459,110.98,785.72,25
"=""amzn1.ads-account.g.betoci5lb82z6jole1u6tt780""",Portwest FR,,"=""559985404216891""",SP - Project Candy Auto Low Bid - Bridging Promo - 22 Sep - MJC,FR,10,EUR,2025,235429,0.1843%,0.10641,434,46.18,370.06,22
"=""amzn1.ads-account.g.1pajz8jo9dcmlcw2654w4ynhd""",Portwest Australia,,"=""519274833218421""",Facemasks - Keyword Res - All Match Types - MJC,AU,3,AUD,2025,38999,0.3180%,0.78621,124,97.49,318.25,17
"=""amzn1.ads-account.g.7qon60b3itwr4fzatg0h6r5fv""",Portwest IT,,"=""110783796402197""",Droppers - Auto Low Bid - MJC,IT,1,EUR,2026,143016,0.4524%,0.12810,647,82.88,512.21,14
"=""amzn1.ads-account.g.95u2ty2xhpic90diqqwzt6a2s""",Portwest USA,,"=""283483470831455""",PAT Profit US440 - Low Bid Sep 2024 - JC,US,6,USD,2025,17763,1.7283%,0.23590,307,72.42,1149.70,75
"=""amzn1.ads-account.g.6wubx539i9z2ina5h90v21w6e""",WWD - Workwear Depot,,"=""474399785060613""",SP - Project Candy Low Bid - New Styles - Phase One - MJC,US,10,USD,2025,54870,0.0292%,0.16563,16,2.65,47.98,2
"=""amzn1.ads-account.g.7qon60b3itwr4fzatg0h6r5fv""",Portwest IT,,"=""365836086305490""",Keyword Research Low Bid Group 1 - BRD PHR Oct 2024 - JC,IT,2,EUR,2025,314417,0.3572%,0.17528,1123,196.84,718.35,28
"=""amzn1.ads-account.g.betoci5lb82z6jole1u6tt780""",Portwest FR,,"=""19826924345521""",Growers - Auto Low Bid - MJC,FR,3,EUR,2026,242470,0.4000%,0.16769,970,162.66,3919.44,202
"=""amzn1.ads-account.g.9mvvwnjt2tsmdz08926vlb17a""",Portwest DE,,"=""358197710343541""",Project Candy - Converting EXT - 20240711,DE,2,EUR,2025,216017,0.8999%,0.17769,1944,345.42,4387.21,173
"=""amzn1.ads-account.g.9mvvwnjt2tsmdz08926vlb17a""",Portwest DE,,"=""151460587266063""",PAT Competitor - H440 (CY),DE,12,EUR,2025,138,0.7246%,0.25000,1,0.25,0.00,0
"=""amzn1.ads-account.g.betoci5lb82z6jole1u6tt780""",Portwest FR,,"=""512965080942787""",B2B SP Auto Low Bid - SD,FR,12,EUR,2025,263955,0.4952%,0.42915,1307,560.90,11643.61,797
"=""amzn1.ads-account.g.bak81x0kttgh0i1ah3ezzzu2m""",Portwest PL,,"=""401254527269738""",Auto Low Bid - Q4 2023 - MJC,PL,3,PLN,2025,3840,0.3906%,0.09667,15,1.45,0.00,0
"=""amzn1.ads-account.g.9zovk6zrqsgpaj8x2od1sbl53""",Portwest - BE BISS - (Pan-EU),,"=""344800929956085""",Auto All - EURO Expansion 4 - Campaign A - MJC,BE,5,EUR,2026,74082,0.8099%,0.10448,600,62.69,1656.78,81
"=""amzn1.ads-account.g.6wubx539i9z2ina5h90v21w6e""",WWD - Workwear Depot,,"=""316861580179555""",Auto Low Bid April MJC 24,US,4,USD,2026,3011,0.7307%,0.23455,22,5.16,38.99,1
"=""amzn1.ads-account.g.7qon60b3itwr4fzatg0h6r5fv""",Portwest IT,,"=""378274572618736""",SP - PBDD - Project Candy Low Bid - MJC,IT,1,EUR,2026,3351377,0.3599%,0.14643,12063,1766.35,20151.03,1045
"=""amzn1.ads-account.g.5dfl8rvx53v3cuqmb1snnubcf""",Portwest NL,,"=""444011378490748""",SP - Project Candy - Bridging Promo - 5 Sep 2025 - Auto Low Bid - MJC,NL,9,EUR,2026,65495,0.4031%,0.12477,264,32.94,240.22,13
"=""amzn1.ads-account.g.betoci5lb82z6jole1u6tt780""",Portwest FR,,"=""424060741780397""",Auto Low Bid - Q1 2024 - Feb Deals - MJC,FR,8,EUR,2026,97654,0.2601%,0.14339,254,36.42,748.79,31
"=""amzn1.ads-account.g.5dfl8rvx53v3cuqmb1snnubcf""",Portwest NL,,"=""360807979703590""",Auto Low Bid - Q4 2023 - MJC,NL,2,EUR,2026,15169,0.4417%,0.09940,67,6.66,126.16,7
"=""amzn1.ads-account.g.6wubx539i9z2ina5h90v21w6e""",WWD - Workwear Depot,,"=""403581243770082""",Focus Styles (Top Selling Seller) - Auto Low Bid June 2023 - MJC,US,11,USD,2025,3829,0.7051%,0.29185,27,7.88,69.98,2
"=""amzn1.ads-account.g.betoci5lb82z6jole1u6tt780""",Portwest FR,,"=""294745696953229""",Keyword Research Low Bid (Seasonal) - BRD PHR - SD,FR,10,EUR,2025,483772,0.4845%,0.18834,2344,441.46,4131.25,278
"=""amzn1.ads-account.g.9mvvwnjt2tsmdz08926vlb17a""",Portwest DE,,"=""479578890600664""",SP - Bridging Promo until 4th Aug - Project Candy Low Bid - MJC,DE,11,EUR,2025,436791,0.2953%,0.17703,1290,228.37,2266.47,129
"=""amzn1.ads-account.g.9zovk6zrqsgpaj8x2od1sbl53""",Portwest - BE BISS - (Pan-EU),,"=""385469476566499""",Bridging Promo 31 May - Project Candy Low Bid - MJC,BE,4,EUR,2026,4555,1.0977%,0.14480,50,7.24,0.00,0
"=""amzn1.ads-account.g.9mvvwnjt2tsmdz08926vlb17a""",Portwest DE,,"=""365846807361792""",Home and Garden 2025 - Project Candy - Auto Low Bid - MJC,DE,7,EUR,2026,75715,0.5045%,0.14694,382,56.13,1293.63,57
"=""amzn1.ads-account.g.bak81x0kttgh0i1ah3ezzzu2m""",Portwest PL,,"=""457018929654451""",Auto All - EURO Expansion 4 - Campaign B - MJC,PL,1,PLN,2026,352552,0.1790%,0.36515,631,230.41,1045.92,32
"=""amzn1.ads-account.g.8os9jbxe8uolgs0z0ka9qua0q""",Portwest ES,,"=""475621571262674""",Growers - Auto Low Bid - MJC,ES,6,EUR,2026,95321,0.3735%,0.07140,356,25.42,568.94,27
"=""amzn1.ads-account.g.95u2ty2xhpic90diqqwzt6a2s""",Portwest USA,,"=""447677372993835""",PAT Profit US440 - Exact - Oct 2024 - JC,US,2,USD,2025,6693,0.8516%,0.56737,57,32.34,85.89,6
"=""amzn1.ads-account.g.9mvvwnjt2tsmdz08926vlb17a""",Portwest DE,,"=""447304808837659""",SP - PRIME DAY - Project Candy Low Bid with Multi,DE,2,EUR,2026,1595532,0.6252%,0.21547,9976,2149.54,35804.17,2099
"=""amzn1.ads-account.g.5dfl8rvx53v3cuqmb1snnubcf""",Portwest NL,,"=""420604139575816""",SP - Project Candy - Bridging Promo - 22 Sep 2025 - Auto Low Bid - MJC,NL,9,EUR,2025,28945,0.4906%,0.11176,142,15.87,332.79,14
"=""amzn1.ads-account.g.6wubx539i9z2ina5h90v21w6e""",WWD - Workwear Depot,,"=""505622175738793""",DX4 Product Launch Auto - Low Bid Oct 2024 - JC,US,6,USD,2025,1475,0.0000%,,0,0.00,0.00,0
"=""amzn1.ads-account.g.6wubx539i9z2ina5h90v21w6e""",WWD - Workwear Depot,,"=""26886441161653""",C - Auto Low Bid - May 2023 - MJC,US,2,USD,2025,365,0.0000%,,0,0.00,0.00,0
"=""amzn1.ads-account.g.betoci5lb82z6jole1u6tt780""",Portwest FR,,"=""449898276473828""",SP - PBDD - Project Candy Low Bid - MJC,FR,8,EUR,2026,384193,0.3852%,0.14429,1480,213.55,5650.15,266
"=""amzn1.ads-account.g.9mvvwnjt2tsmdz08926vlb17a""",Portwest DE,,"=""191386157012832""",Growers - Auto Low Bid - MJC,DE,9,EUR,2026,40263,0.5911%,0.16702,238,39.75,610.79,26
"=""amzn1.ads-account.g.1pajz8jo9dcmlcw2654w4ynhd""",Portwest Australia,,"=""151330554312288""",Display Ads Converting K8112,AU,2,AUD,2025,3,33.3333%,0.02000,1,0.02,0.00,0
"=""amzn1.ads-account.g.1pajz8jo9dcmlcw2654w4ynhd""",Portwest Australia,,"=""355925356602496""","Core Keywords, Close Match EXT - Suggested Bid - AH",AU,2,AUD,2025,13666,0.6220%,0.41729,85,35.47,152.79,9
"=""amzn1.ads-account.g.1pajz8jo9dcmlcw2654w4ynhd""",Portwest Australia,,"=""355925356602496""","Core Keywords, Close Match EXT - Suggested Bid - AH",AU,5,AUD,2026,25947,0.6783%,0.41063,176,72.27,597.42,28
"=""amzn1.ads-account.g.1pajz8jo9dcmlcw2654w4ynhd""",Portwest Australia,,"=""550994813216429""",SP - UK Gap Products - Project Candy - Auto Low Bid - MJC,AU,3,AUD,2025,159521,0.1624%,0.24490,259,63.43,328.74,10
"=""amzn1.ads-account.g.5dfl8rvx53v3cuqmb1snnubcf""",Portwest NL,,"=""420604139575816""",SP - Project Candy - Bridging Promo - 22 Sep 2025 - Auto Low Bid - MJC,NL,2,EUR,2026,127177,0.6267%,0.10718,797,85.42,1455.80,65
"=""amzn1.ads-account.g.5dfl8rvx53v3cuqmb1snnubcf""",Portwest NL,,"=""481032442344858""",Auto Low Bid - Q1 2024 - Feb Deals - MJC,NL,4,EUR,2025,26422,0.3331%,0.09011,88,7.93,44.92,1
"=""amzn1.ads-account.g.1pajz8jo9dcmlcw2654w4ynhd""",Portwest Australia,,"=""29521114214144""",Display Ads Convering TK50,AU,7,AUD,2026,8,0.0000%,,0,0.00,0.00,0
"=""amzn1.ads-account.g.7qon60b3itwr4fzatg0h6r5fv""",Portwest IT,,"=""344146066785323""",SP - Project Candy Auto Low Bid - Bridging Promo - 22 Sep - MJC,IT,9,EUR,2025,936851,0.2581%,0.10939,2418,264.50,1313.95,107
"=""amzn1.ads-account.g.95u2ty2xhpic90diqqwzt6a2s""",Portwest USA,,"=""363307255195676""",PAT Profit Style group 1 - Low bid Sep 2024 - JC,US,6,USD,2025,2730,0.6227%,0.26824,17,4.56,0.00,0
"=""amzn1.ads-account.g.9mvvwnjt2tsmdz08926vlb17a""",Portwest DE,,"=""447304808837659""",SP - PRIME DAY - Project Candy Low Bid with Multi,DE,8,EUR,2025,5269541,0.2538%,0.23896,13372,3195.31,34843.45,1897
"=""amzn1.ads-account.g.1pajz8jo9dcmlcw2654w4ynhd""",Portwest Australia,,"=""228877476300003""",Auto Low Bid - April 2023 - All Styles - MJC,AU,1,AUD,2026,269430,0.3110%,0.27228,838,228.17,2211.94,97
"=""amzn1.ads-account.g.9zovk6zrqsgpaj8x2od1sbl53""",Portwest - BE BISS - (Pan-EU),,"=""385469476566499""",Bridging Promo 31 May - Project Candy Low Bid - MJC,BE,9,EUR,2025,2708,1.2186%,0.14303,33,4.72,78.42,1
"=""amzn1.ads-account.g.betoci5lb82z6jole1u6tt780""",Portwest FR,,"=""294745696953229""",Keyword Research Low Bid (Seasonal) - BRD PHR - SD,FR,12,EUR,2025,806392,0.3046%,0.17627,2456,432.93,5665.05,377
"=""amzn1.ads-account.g.95u2ty2xhpic90diqqwzt6a2s""",Portwest USA,,"=""409985325957400""",PAT Profit Style group 3 - Low bid Sep 204 - JC,US,4,USD,2025,8499,0.7413%,0.27698,63,17.45,140.40,4
"=""amzn1.ads-account.g.5dfl8rvx53v3cuqmb1snnubcf""",Portwest NL,,"=""299998930456663""",SP - PBDD - Project Candy Low Bid - MJC,NL,5,EUR,2026,34486,0.4263%,0.12374,147,18.19,254.61,15
"=""amzn1.ads-account.g.8os9jbxe8uolgs0z0ka9qua0q""",Portwest ES,,"=""412217386163037""",Auto Low Bid - Q4 2023 - MJC,ES,9,EUR,2025,122412,0.2385%,0.15784,292,46.09,380.04,25
"=""amzn1.ads-account.g.1pajz8jo9dcmlcw2654w4ynhd""",Portwest Australia,,"=""529658289585474""",May Promo - Project Candy - Auto Low Bid - MJC,AU,4,AUD,2026,139165,0.3923%,0.34172,546,186.58,1407.12,99
"=""amzn1.ads-account.g.1pajz8jo9dcmlcw2654w4ynhd""",Portwest Australia,,"=""411010298200586""",Store Spotlight SB - SD,AU,8,AUD,2025,494893,0.1000%,0.20333,495,100.65,1051.18,43
"=""amzn1.ads-account.g.9mvvwnjt2tsmdz08926vlb17a""",Portwest DE,,"=""44819252859905""",Manual Targeting - S999 (CY),DE,10,EUR,2025,54160,0.9712%,0.41264,526,217.05,1550.82,63
"=""amzn1.ads-account.g.1pajz8jo9dcmlcw2654w4ynhd""",Portwest Australia,,"=""127908567131055""",Auto All Low Bid MJC,AU,8,AUD,2025,213600,0.2739%,0.19863,585,116.20,1339.58,76
"=""amzn1.ads-account.g.7qon60b3itwr4fzatg0h6r5fv""",Portwest IT,,"=""465724007904797""",Home and Garden 2025 - Project Candy - Auto Low Bid - MJC,IT,4,EUR,2026,236652,0.2252%,0.13801,533,73.56,728.51,38
"=""amzn1.ads-account.g.95u2ty2xhpic90diqqwzt6a2s""",Portwest USA,,"=""361201165946376""",Home and Garden - Project Candy - Auto Low Bid - MJC,US,9,USD,2026,622,1.1254%,0.24714,7,1.73,0.00,0
"=""amzn1.ads-account.g.7qon60b3itwr4fzatg0h6r5fv""",Portwest IT,,"=""487996402016430""",SP - B2B Auto Low Bid - MC,IT,1,EUR,2026,157178,0.4358%,0.27759,685,190.15,8606.71,411
"=""amzn1.ads-account.g.mxheehzl72t4l5it1hfsk6xz""",Portwest SE,,"=""508987492133915""",Growers (From UK) - Auto Low Bid - MJC,SE,6,SEK,2026,19593,0.3777%,1.16500,74,86.21,999.42,4
"=""amzn1.ads-account.g.95u2ty2xhpic90diqqwzt6a2s""",Portwest USA,,"=""345133918085337""",Keyword Research Low Bid - BRD PHR - JC,US,4,USD,2025,168477,0.4612%,0.23273,777,180.83,2397.39,78
"=""amzn1.ads-account.g.9mvvwnjt2tsmdz08926vlb17a""",Portwest DE,,"=""52065936047090""",Droppers - Profit - MJC`,DE,10,EUR,2025,6200,1.1774%,0.16384,73,11.96,99.06,5
"=""amzn1.ads-account.g.1pajz8jo9dcmlcw2654w4ynhd""",Portwest Australia,,"=""151330554312288""",Display Ads Converting K8112,AU,6,AUD,2025,2,0.0000%,,0,0.00,0.00,0
"=""amzn1.ads-account.g.1pajz8jo9dcmlcw2654w4ynhd""",Portwest Australia,,"=""483038863547527""",New Respirator Masks - Auto - MJC,AU,6,AUD,2026,47795,0.5210%,0.42112,249,104.86,873.62,51
"=""amzn1.ads-account.g.1pajz8jo9dcmlcw2654w4ynhd""",Portwest Australia,,"=""463416327324191""",Growers - Auto Low Bid - MJC,AU,11,AUD,2025,2788,0.8250%,0.22478,23,5.17,134.76,6
"=""amzn1.ads-account.g.betoci5lb82z6jole1u6tt780""",Portwest FR,,"=""512965080942787""",B2B SP Auto Low Bid - SD,FR,5,EUR,2026,781081,0.2753%,0.44433,2150,955.30,23452.52,1513
"=""amzn1.ads-account.g.1pajz8jo9dcmlcw2654w4ynhd""",Portwest Australia,,"=""328813373672013""",Aoife Keyword Res - Manual EXT - MJC 24,AU,8,AUD,2025,14298,0.1888%,0.40815,27,11.02,36.86,3
"=""amzn1.ads-account.g.9mvvwnjt2tsmdz08926vlb17a""",Portwest DE,,"=""368937778983831""",Manual Profit EXT Low Bid - December 2023 - MJC,DE,7,EUR,2026,13368,0.5087%,0.24000,68,16.32,157.34,9
"=""amzn1.ads-account.g.bak81x0kttgh0i1ah3ezzzu2m""",Portwest PL,,"=""411231244404388""",Project Candy - Target Styles Q4 2024 - Auto Low Bid - MJC,PL,2,PLN,2025,10645,0.4227%,0.42489,45,19.12,170.80,10
"=""amzn1.ads-account.g.8os9jbxe8uolgs0z0ka9qua0q""",Portwest ES,,"=""449211671742243""",Keyword Research Low Bid - BRD PHR - SD,ES,5,EUR,2026,34182,0.2194%,0.18333,75,13.75,388.95,13
"=""amzn1.ads-account.g.5dfl8rvx53v3cuqmb1snnubcf""",Portwest NL,,"=""299998930456663""",SP - PBDD - Project Candy Low Bid - MJC,NL,9,EUR,2026,22695,0.5728%,0.12854,130,16.71,449.07,24
"=""amzn1.ads-account.g.bak81x0kttgh0i1ah3ezzzu2m""",Portwest PL,,"=""490065738750316""",Droppers (From UK) - Auto Low Bid - MJC,PL,4,PLN,2025,7770,0.1673%,0.21846,13,2.84,0.00,0
"=""amzn1.ads-account.g.9mvvwnjt2tsmdz08926vlb17a""",Portwest DE,,"=""368937778983831""",Manual Profit EXT Low Bid - December 2023 - MJC,DE,9,EUR,2026,23579,0.2757%,0.24138,65,15.69,151.01,9
"=""amzn1.ads-account.g.9mvvwnjt2tsmdz08926vlb17a""",Portwest DE,,"=""447304808837659""",SP - PRIME DAY - Project Candy Low Bid with Multi,DE,9,EUR,2026,709662,0.4477%,0.22795,3177,724.20,9165.51,705
"=""amzn1.ads-account.g.9zovk6zrqsgpaj8x2od1sbl53""",Portwest - BE BISS - (Pan-EU),,"=""377546417761236""",Auto All - EURO Expansion 4 - Campaign B - MJC,BE,4,EUR,2026,90368,0.7790%,0.10466,704,73.68,1193.53,64
"=""amzn1.ads-account.g.1pajz8jo9dcmlcw2654w4ynhd""",Portwest Australia,,"=""355925356602496""","Core Keywords, Close Match EXT - Suggested Bid - AH",AU,12,AUD,2025,4596,0.8486%,0.34949,39,13.63,128.74,4
"=""amzn1.ads-account.g.mxheehzl72t4l5it1hfsk6xz""",Portwest SE,,"=""506264653748482""",SP - Project Candy - Bridging Promo - 22 Sep 2025 - Auto Low Bid - MJC,SE,2,SEK,2026,32166,0.3855%,1.46371,124,181.50,944.50,4
"=""amzn1.ads-account.g.5dfl8rvx53v3cuqmb1snnubcf""",Portwest NL,,"=""332773737266901""",Droppers (From UK) - Auto Low Bid - MJC,NL,1,EUR,2025,30607,0.3300%,0.04832,101,4.88,213.01,9
"=""amzn1.ads-account.g.9mvvwnjt2tsmdz08926vlb17a""",Portwest DE,,"=""488971604344142""",Keyword Research Low Bid (New Selection) - BRD PHR - SD,DE,1,EUR,2026,491232,0.3750%,0.23631,1842,435.28,4226.72,226
"=""amzn1.ads-account.g.5dfl8rvx53v3cuqmb1snnubcf""",Portwest NL,,"=""299998930456663""",SP - PBDD - Project Candy Low Bid - MJC,NL,7,EUR,2026,19174,0.4590%,0.13045,88,11.48,115.39,11
"=""amzn1.ads-account.g.9mvvwnjt2tsmdz08926vlb17a""",Portwest DE,,"=""365846807361792""",Home and Garden 2025 - Project Candy - Auto Low Bid - MJC,DE,8,EUR,2026,205087,0.3833%,0.14827,786,116.54,1488.57,79
"=""amzn1.ads-account.g.5dfl8rvx53v3cuqmb1snnubcf""",Portwest NL,,"=""392977465332326""",Growers (From UK) - Auto Low Bid - MJC,NL,9,EUR,2026,2173,0.2761%,0.04000,6,0.24,19.83,1
"=""amzn1.ads-account.g.6wubx539i9z2ina5h90v21w6e""",WWD - Workwear Depot,,"=""278469250312380""",A - Auto Low Bid - May 2023 - MJC,US,9,USD,2025,43,0.0000%,,0,0.00,0.00,0
"=""amzn1.ads-account.g.1pajz8jo9dcmlcw2654w4ynhd""",Portwest Australia,,"=""483038863547527""",New Respirator Masks - Auto - MJC,AU,8,AUD,2026,20473,0.4543%,0.45011,93,41.86,409.41,25
"=""amzn1.ads-account.g.9mvvwnjt2tsmdz08926vlb17a""",Portwest DE,,"=""533829515195503""",SP - UK Gap Products - Project Candy - Auto Low Bid - MJC,DE,7,EUR,2025,829055,0.4571%,0.14451,3790,547.70,7708.33,452
"=""amzn1.ads-account.g.9mvvwnjt2tsmdz08926vlb17a""",Portwest DE,,"=""358197710343541""",Project Candy - Converting EXT - 20240711,DE,2,EUR,2026,47038,0.3635%,0.23339,171,39.91,322.70,20
"=""amzn1.ads-account.g.9mvvwnjt2tsmdz08926vlb17a""",Portwest DE,,"=""561617050692541""",Auto Low Bid - Q4 2023 - MJC,DE,12,EUR,2025,127856,0.1987%,0.16079,254,40.84,584.02,17
"=""amzn1.ads-account.g.1pajz8jo9dcmlcw2654w4ynhd""",Portwest Australia,,"=""396025250237617""",Manual Profit EXT Low Bid - Q2 2024 - MJC,AU,3,AUD,2026,7387,0.4603%,0.25176,34,8.56,75.77,5
"=""amzn1.ads-account.g.8os9jbxe8uolgs0z0ka9qua0q""",Portwest ES,,"=""412217386163037""",Auto Low Bid - Q4 2023 - MJC,ES,1,EUR,2025,422202,0.1580%,0.15138,667,100.97,646.16,32
"=""amzn1.ads-account.g.95u2ty2xhpic90diqqwzt6a2s""",Portwest USA,,"=""309149749478686""",Portwest Brand Terms Only - JC,US,8,USD,2025,67109,0.0894%,0.65883,60,39.53,41.97,3
"=""amzn1.ads-account.g.8os9jbxe8uolgs0z0ka9qua0q""",Portwest ES,,"=""449211671742243""",Keyword Research Low Bid - BRD PHR - SD,ES,9,EUR,2025,836449,0.1453%,0.17009,1215,206.66,1466.48,48
"=""amzn1.ads-account.g.6wubx539i9z2ina5h90v21w6e""",WWD - Workwear Depot,,"=""92810336598365""",E - Auto Low Bid - May 2023 - MJC,US,2,USD,2026,8,0.0000%,,0,0.00,0.00,0
"=""amzn1.ads-account.g.6wubx539i9z2ina5h90v21w6e""",WWD - Workwear Depot,,"=""556415255169728""",PW365 Auto Relaunch - Low Bid Nov 2024 - JC,US,2,USD,2025,3023,0.6616%,0.23700,20,4.74,155.03,1
"=""amzn1.ads-account.g.1pajz8jo9dcmlcw2654w4ynhd""",Portwest Australia,,"=""302643831867198""",Droppers - Auto Low Bid - MJC,AU,3,AUD,2025,24184,0.4921%,0.29378,119,34.96,425.84,30
"=""amzn1.ads-account.g.bak81x0kttgh0i1ah3ezzzu2m""",Portwest PL,,"=""490065738750316""",Droppers (From UK) - Auto Low Bid - MJC,PL,6,PLN,2026,23811,0.3444%,0.41829,82,34.30,47.72,1
"=""amzn1.ads-account.g.6wubx539i9z2ina5h90v21w6e""",WWD - Workwear Depot,,"=""316861580179555""",Auto Low Bid April MJC 24,US,1,USD,2025,4795,0.2503%,0.21000,12,2.52,0.00,0
"=""amzn1.ads-account.g.9mvvwnjt2tsmdz08926vlb17a""",Portwest DE,,"=""145924525357081""",Droppers - Auto Low Bid - MJC,DE,9,EUR,2026,16230,0.9057%,0.16980,147,24.96,613.20,30
"=""amzn1.ads-account.g.9mvvwnjt2tsmdz08926vlb17a""",Portwest DE,,"=""456161439841495""",Store Spotlight (DE) SB - Homepage - SD,DE,6,EUR,2026,332385,0.0596%,0.16263,198,32.20,209.21,7
"=""amzn1.ads-account.g.6wubx539i9z2ina5h90v21w6e""",WWD - Workwear Depot,,"=""20901691149359""",T - Auto Low Bid - May 2023 - MJC,US,4,USD,2025,1504,0.5319%,0.25000,8,2.00,0.00,0
"=""amzn1.ads-account.g.8os9jbxe8uolgs0z0ka9qua0q""",Portwest ES,,"=""195522116641065""",Droppers - Auto Low Bid - MJC,ES,11,EUR,2025,247183,0.3997%,0.16749,988,165.48,1018.58,98
"=""amzn1.ads-account.g.8os9jbxe8uolgs0z0ka9qua0q""",Portwest ES,,"=""195522116641065""",Droppers - Auto Low Bid - MJC,ES,5,EUR,2026,52762,0.3108%,0.08415,164,13.80,641.80,35
"=""amzn1.ads-account.g.5dfl8rvx53v3cuqmb1snnubcf""",Portwest NL,,"=""443819118758041""",Bridging Promo 24 May - Project Candy Low Bid - MJC,NL,1,EUR,2026,10991,0.4003%,0.11273,44,4.96,0.00,0
"=""amzn1.ads-account.g.betoci5lb82z6jole1u6tt780""",Portwest FR,,"=""559985404216891""",SP - Project Candy Auto Low Bid - Bridging Promo - 22 Sep - MJC,FR,11,EUR,2025,175093,0.3969%,0.10991,695,76.39,576.71,54
"=""amzn1.ads-account.g.8os9jbxe8uolgs0z0ka9qua0q""",Portwest ES,,"=""311119177054404""",SP - PBDD - Project Candy Low Bid - MJC,ES,7,EUR,2026,158731,0.4441%,0.13776,705,97.12,1459.76,103
"=""amzn1.ads-account.g.betoci5lb82z6jole1u6tt780""",Portwest FR,,"=""201893153506278""",Droppers - Profit - MJC,FR,2,EUR,2025,32218,0.3663%,0.17847,118,21.06,178.64,12
"=""amzn1.ads-account.g.1pajz8jo9dcmlcw2654w4ynhd""",Portwest Australia,,"=""396025250237617""",Manual Profit EXT Low Bid - Q2 2024 - MJC,AU,5,AUD,2025,15298,0.4903%,0.26653,75,19.99,56.55,3
"=""amzn1.ads-account.g.6wubx539i9z2ina5h90v21w6e""",WWD - Workwear Depot,,"=""92810336598365""",E - Auto Low Bid - May 2023 - MJC,US,7,USD,2025,114,0.0000%,,0,0.00,0.00,0
"=""amzn1.ads-account.g.7qon60b3itwr4fzatg0h6r5fv""",Portwest IT,,"=""110783796402197""",Droppers - Auto Low Bid - MJC,IT,6,EUR,2025,69236,0.5344%,0.13516,370,50.01,1186.64,53
"=""amzn1.ads-account.g.6wubx539i9z2ina5h90v21w6e""",WWD - Workwear Depot,,"=""123049042264341""",Portwest + Style Code - Manual EXACT - MJC,US,8,USD,2025,134,11.1940%,0.29467,15,4.42,197.95,6
"=""amzn1.ads-account.g.1pajz8jo9dcmlcw2654w4ynhd""",Portwest Australia,,"=""327823251042498""",Display Ads Converting SP AH,AU,7,AUD,2025,20192,0.2229%,0.75956,45,34.18,101.62,3
"=""amzn1.ads-account.g.95u2ty2xhpic90diqqwzt6a2s""",Portwest USA,,"=""319162604580847""",(Dayparting Test) PAT Profit EXT and EXP - Low bid Oct 2024 - JC,US,8,USD,2026,33742,0.9810%,0.32039,331,106.05,1150.84,52
"=""amzn1.ads-account.g.9mvvwnjt2tsmdz08926vlb17a""",Portwest DE,,"=""358197710343541""",Project Candy - Converting EXT - 20240711,DE,6,EUR,2025,123269,0.3480%,0.24408,429,104.71,1414.09,85
"=""amzn1.ads-account.g.1pajz8jo9dcmlcw2654w4ynhd""",Portwest Australia,,"=""533603650852527""",Keyword Research Low Bid - BRD PHR - SD,AU,5,AUD,2026,187138,0.2052%,0.52013,384,199.73,2321.08,63
"=""amzn1.ads-account.g.6wubx539i9z2ina5h90v21w6e""",WWD - Workwear Depot,,"=""129758628454478""",UH440 - Auto - May 2023,US,4,USD,2026,10888,0.3306%,0.50722,36,18.26,75.98,2
"=""amzn1.ads-account.g.6wubx539i9z2ina5h90v21w6e""",WWD - Workwear Depot,,"=""403581243770082""",Focus Styles (Top Selling Seller) - Auto Low Bid June 2023 - MJC,US,6,USD,2026,650,0.1538%,0.25000,1,0.25,0.00,0
"=""amzn1.ads-account.g.7qon60b3itwr4fzatg0h6r5fv""",Portwest IT,,"=""365836086305490""",Keyword Research Low Bid Group 1 - BRD PHR Oct 2024 - JC,IT,10,EUR,2025,241061,0.2033%,0.15073,490,73.86,427.02,15
"=""amzn1.ads-account.g.5dfl8rvx53v3cuqmb1snnubcf""",Portwest NL,,"=""360807979703590""",Auto Low Bid - Q4 2023 - MJC,NL,8,EUR,2025,22126,0.4972%,0.10018,110,11.02,232.90,11
"=""amzn1.ads-account.g.6wubx539i9z2ina5h90v21w6e""",WWD - Workwear Depot,,"=""157714611577244""",M - Auto Low Bid - May 2023 - MJC,US,4,USD,2025,299,0.0000%,,0,0.00,0.00,0
"=""amzn1.ads-account.g.betoci5lb82z6jole1u6tt780""",Portwest FR,,"=""19826924345521""",Growers - Auto Low Bid - MJC,FR,3,EUR,2025,670127,0.4353%,0.16320,2917,476.06,9467.14,552
"=""amzn1.ads-account.g.betoci5lb82z6jole1u6tt780""",Portwest FR,,"=""375571445949915""",Keyword Research Low Bid - BRD PHR - SD,FR,3,EUR,2026,487958,0.2312%,0.17232,1128,194.38,3066.14,132
"=""amzn1.ads-account.g.1pajz8jo9dcmlcw2654w4ynhd""",Portwest Australia,,"=""44561946864050""",B2B SP Auto Low Bid - SD,AU,8,AUD,2026,3109,0.6433%,0.29500,20,5.90,0.00,0
"=""amzn1.ads-account.g.9zovk6zrqsgpaj8x2od1sbl53""",Portwest - BE BISS - (Pan-EU),,"=""501480875972186""",SP - Project Candy Auto Low Bid - Bridging Promo - 22 Sep - MJC,BE,7,EUR,2026,140,0.7143%,0.11000,1,0.11,0.00,0
"=""amzn1.ads-account.g.95u2ty2xhpic90diqqwzt6a2s""",Portwest USA,,"=""309149749478686""",Portwest Brand Terms Only - JC,US,3,USD,2025,49013,0.0898%,0.43091,44,18.96,0.00,0
"=""amzn1.ads-account.g.95u2ty2xhpic90diqqwzt6a2s""",Portwest USA,,"=""533532889300124""",Auto Low Bid - Vendor Push May 2024 - MJC,US,8,USD,2026,21091,1.1284%,0.24487,238,58.28,592.80,14
"=""amzn1.ads-account.g.1pajz8jo9dcmlcw2654w4ynhd""",Portwest Australia,,"=""274645847327056""",Display Ads Converting  FW95,AU,12,AUD,2025,4,0.0000%,,0,0.00,0.00,0
"=""amzn1.ads-account.g.9mvvwnjt2tsmdz08926vlb17a""",Portwest DE,,"=""145924525357081""",Droppers - Auto Low Bid - MJC,DE,2,EUR,2025,496714,0.3368%,0.17406,1673,291.20,7243.85,350
"=""amzn1.ads-account.g.1pajz8jo9dcmlcw2654w4ynhd""",Portwest Australia,,"=""82479822838699""",Auto Low Bid - Unhealthy Inventory V2 - MJC,AU,8,AUD,2025,86303,0.5214%,0.15842,450,71.29,1164.81,52
"=""amzn1.ads-account.g.95u2ty2xhpic90diqqwzt6a2s""",Portwest USA,,"=""409985325957400""",PAT Profit Style group 3 - Low bid Sep 204 - JC,US,6,USD,2026,69,2.8986%,0.23500,2,0.47,0.00,0
"=""amzn1.ads-account.g.9mvvwnjt2tsmdz08926vlb17a""",Portwest DE,,"=""324958907979592""",Project Candy - Focus Styles from SD - Auto Low Bid - Q4 2024 - MJC,DE,8,EUR,2026,94870,0.2962%,0.21520,281,60.47,1029.66,62
"=""amzn1.ads-account.g.5dfl8rvx53v3cuqmb1snnubcf""",Portwest NL,,"=""392977465332326""",Growers (From UK) - Auto Low Bid - MJC,NL,10,EUR,2025,11168,0.5104%,0.07965,57,4.54,214.66,7
"=""amzn1.ads-account.g.1pajz8jo9dcmlcw2654w4ynhd""",Portwest Australia,,"=""127908567131055""",Auto All Low Bid MJC,AU,3,AUD,2026,94873,0.2424%,0.24883,230,57.23,509.85,32
"=""amzn1.ads-account.g.1pajz8jo9dcmlcw2654w4ynhd""",Portwest Australia,,"=""328813373672013""",Aoife Keyword Res - Manual EXT - MJC 24,AU,4,AUD,2025,15277,0.2749%,0.38952,42,16.36,34.75,3
"=""amzn1.ads-account.g.mxheehzl72t4l5it1hfsk6xz""",Portwest SE,,"=""329244351830333""",Droppers (From UK) - Auto Low Bid - MJC,SE,12,SEK,2025,9941,0.3219%,0.82219,32,26.31,925.62,12
"=""amzn1.ads-account.g.6wubx539i9z2ina5h90v21w6e""",WWD - Workwear Depot,,"=""157714611577244""",M - Auto Low Bid - May 2023 - MJC,US,5,USD,2025,228,0.4386%,0.25000,1,0.25,0.00,0
"=""amzn1.ads-account.g.9mvvwnjt2tsmdz08926vlb17a""",Portwest DE,,"=""324958907979592""",Project Candy - Focus Styles from SD - Auto Low Bid - Q4 2024 - MJC,DE,4,EUR,2026,65051,0.5473%,0.22587,356,80.41,2054.75,119
"=""amzn1.ads-account.g.bak81x0kttgh0i1ah3ezzzu2m""",Portwest PL,,"=""442163708910699""",Auto All - EURO Expansion 4 - Campaign A - MJC,PL,4,PLN,2026,430038,0.1856%,0.37936,798,302.73,1277.62,46
"=""amzn1.ads-account.g.6wubx539i9z2ina5h90v21w6e""",WWD - Workwear Depot,,"=""549574665294693""",SP - Catch All Low Bid - All Live Product - with Multi - MJC,US,4,USD,2026,93177,0.7770%,0.19914,724,144.18,1156.78,28
"=""amzn1.ads-account.g.9mvvwnjt2tsmdz08926vlb17a""",Portwest DE,,"=""309290485231754""",Display Ads Converting SP SD,DE,2,EUR,2026,10283,0.2431%,0.44880,25,11.22,75.21,3
"=""amzn1.ads-account.g.bak81x0kttgh0i1ah3ezzzu2m""",Portwest PL,,"=""401254527269738""",Auto Low Bid - Q4 2023 - MJC,PL,9,PLN,2025,1595,0.0627%,0.15000,1,0.15,0.00,0
"=""amzn1.ads-account.g.1pajz8jo9dcmlcw2654w4ynhd""",Portwest Australia,,"=""96146253128422""",Display Ads Converting H441,AU,9,AUD,2026,2,0.0000%,,0,0.00,0.00,0
"=""amzn1.ads-account.g.betoci5lb82z6jole1u6tt780""",Portwest FR,,"=""343852336066323""",SP - Bridging Promo 5th August 2025,FR,10,EUR,2025,796107,0.6037%,0.16135,4806,775.44,6817.51,574
"=""amzn1.ads-account.g.9zovk6zrqsgpaj8x2od1sbl53""",Portwest - BE BISS - (Pan-EU),,"=""377546417761236""",Auto All - EURO Expansion 4 - Campaign B - MJC,BE,10,EUR,2025,143517,1.0096%,0.10649,1449,154.30,3537.35,199
"=""amzn1.ads-account.g.95u2ty2xhpic90diqqwzt6a2s""",Portwest USA,,"=""361201165946376""",Home and Garden - Project Candy - Auto Low Bid - MJC,US,7,USD,2025,63523,0.3054%,0.21866,194,42.42,309.59,14
"=""amzn1.ads-account.g.5dfl8rvx53v3cuqmb1snnubcf""",Portwest NL,,"=""469105961672637""",SP - Project Candy Auto Low Bid - Bridging Promo - 22 Sep - MJC,NL,2,EUR,2026,554,0.7220%,0.08500,4,0.34,0.00,0
"=""amzn1.ads-account.g.1pajz8jo9dcmlcw2654w4ynhd""",Portwest Australia,,"=""96146253128422""",Display Ads Converting H441,AU,9,AUD,2025,3,0.0000%,,0,0.00,0.00,0
"=""amzn1.ads-account.g.1pajz8jo9dcmlcw2654w4ynhd""",Portwest Australia,,"=""371634636717287""",Manual Profit Expand BRD PHR Low Bid - Q2 2024 - MJC,AU,9,AUD,2026,13602,0.6984%,0.19958,95,18.96,280.07,11
"=""amzn1.ads-account.g.8os9jbxe8uolgs0z0ka9qua0q""",Portwest ES,,"=""468167772243698""",Home and Garden 2025 - Project Candy - Auto Low Bid - MJC,ES,1,EUR,2026,2022726,0.2522%,0.13044,5102,665.51,5641.04,262
"=""amzn1.ads-account.g.8os9jbxe8uolgs0z0ka9qua0q""",Portwest ES,,"=""412217386163037""",Auto Low Bid - Q4 2023 - MJC,ES,4,EUR,2025,252079,0.2313%,0.15732,583,91.72,713.98,44
"=""amzn1.ads-account.g.1pajz8jo9dcmlcw2654w4ynhd""",Portwest Australia,,"=""476491807026648""",2852 - Top Seller - Auto Low Bid - MJC,AU,8,AUD,2025,562,1.7794%,0.47900,10,4.79,162.63,7
"=""amzn1.ads-account.g.6wubx539i9z2ina5h90v21w6e""",WWD - Workwear Depot,,"=""552489117768110""",SP - Project Candy Low Bid - Catch All - Active Only - MJC,UK,7,GBP,2026,135752,0.9525%,0.28350,1293,366.56,2160.68,58
"=""amzn1.ads-account.g.1pajz8jo9dcmlcw2654w4ynhd""",Portwest Australia,,"=""217891372626753""",Display Ads Converting S841,AU,5,AUD,2025,0,,,0,0.00,0.00,0
"=""amzn1.ads-account.g.1pajz8jo9dcmlcw2654w4ynhd""",Portwest Australia,,"=""108617369848228""",Display Ads Converting FW90,AU,4,AUD,2025,309,0.9709%,0.02000,3,0.06,0.00,0
"=""amzn1.ads-account.g.9mvvwnjt2tsmdz08926vlb17a""",Portwest DE,,"=""533829515195503""",SP - UK Gap Products - Project Candy - Auto Low Bid - MJC,DE,4,EUR,2026,223091,0.3227%,0.15254,720,109.83,840.94,38
"=""amzn1.ads-account.g.1pajz8jo9dcmlcw2654w4ynhd""",Portwest Australia,,"=""463416327324191""",Growers - Auto Low Bid - MJC,AU,1,AUD,2026,1237,0.7276%,0.19889,9,1.79,0.00,0
"=""amzn1.ads-account.g.95u2ty2xhpic90diqqwzt6a2s""",Portwest USA,,"=""541135041482838""",Vendor Auto Low Bid - Focus Ranges - Nov 2023 - MJC,US,5,USD,2025,20141,0.8689%,0.23549,175,41.21,1508.43,33
"=""amzn1.ads-account.g.1pajz8jo9dcmlcw2654w4ynhd""",Portwest Australia,,"=""96146253128422""",Display Ads Converting H441,AU,8,AUD,2026,3,0.0000%,,0,0.00,0.00,0
"=""amzn1.ads-account.g.betoci5lb82z6jole1u6tt780""",Portwest FR,,"=""424060741780397""",Auto Low Bid - Q1 2024 - Feb Deals - MJC,FR,4,EUR,2026,240130,0.3082%,0.13882,740,102.73,802.54,31
"=""amzn1.ads-account.g.9mvvwnjt2tsmdz08926vlb17a""",Portwest DE,,"=""420256858234177""",SP - Bridging Promo 5th August 2025,DE,9,EUR,2025,1380859,0.4022%,0.17277,5554,959.55,11015.62,862
"=""amzn1.ads-account.g.95u2ty2xhpic90diqqwzt6a2s""",Portwest USA,,"=""345133918085337""",Keyword Research Low Bid - BRD PHR - JC,US,9,USD,2025,333064,0.1862%,0.23900,620,148.18,2297.21,73
"=""amzn1.ads-account.g.9mvvwnjt2tsmdz08926vlb17a""",Portwest DE,,"=""145924525357081""",Droppers - Auto Low Bid - MJC,DE,6,EUR,2025,380633,0.6347%,0.22361,2416,540.25,7448.37,450
"=""amzn1.ads-account.g.5dfl8rvx53v3cuqmb1snnubcf""",Portwest NL,,"=""485435109277305""",Home and Garden 2025 - Project Candy - Auto Low Bid - MJC,NL,3,EUR,2026,752,0.6649%,0.11000,5,0.55,0.00,0
"=""amzn1.ads-account.g.betoci5lb82z6jole1u6tt780""",Portwest FR,,"=""293679770059445""",SP - UK Gap Products - Project Candy - Auto Low Bid - MJC,FR,10,EUR,2025,173302,0.3503%,0.14013,607,85.06,928.93,31
"=""amzn1.ads-account.g.6wubx539i9z2ina5h90v21w6e""",WWD - Workwear Depot,,"=""552489117768110""",SP - Project Candy Low Bid - Catch All - Active Only - MJC,UK,8,GBP,2026,194467,0.8042%,0.28048,1564,438.67,1969.30,63
"=""amzn1.ads-account.g.7qon60b3itwr4fzatg0h6r5fv""",Portwest IT,,"=""499173945259706""",Project Candy - Target Styles Q4 2024 - Auto Low Bid - MJC,IT,8,EUR,2025,636624,0.4285%,0.19153,2728,522.50,6659.61,417
"=""amzn1.ads-account.g.9mvvwnjt2tsmdz08926vlb17a""",Portwest DE,,"=""36483538164733""",Portwest Missed Opportunities DE,DE,9,EUR,2026,7400,0.0946%,0.72143,7,5.05,0.00,0
"=""amzn1.ads-account.g.7qon60b3itwr4fzatg0h6r5fv""",Portwest IT,,"=""285411610871437""",SP - Project Candy - Bridging Promo - 22 Sep 2025 - Auto Low Bid - MJC,IT,9,EUR,2025,1653041,0.1844%,0.16360,3048,498.65,2496.35,144
"=""amzn1.ads-account.g.7qon60b3itwr4fzatg0h6r5fv""",Portwest IT,,"=""344146066785323""",SP - Project Candy Auto Low Bid - Bridging Promo - 22 Sep - MJC,IT,5,EUR,2026,1360003,0.2305%,0.10819,3135,339.17,4479.60,208
"=""amzn1.ads-account.g.7qon60b3itwr4fzatg0h6r5fv""",Portwest IT,,"=""378274572618736""",SP - PBDD - Project Candy Low Bid - MJC,IT,5,EUR,2026,1777852,0.3310%,0.14884,5884,875.79,10769.92,721
"=""amzn1.ads-account.g.95u2ty2xhpic90diqqwzt6a2s""",Portwest USA,,"=""537725771300092""",Profit Focus Top Styles group 2 - Exact - Oct 2024 - JC,US,4,USD,2025,9463,0.3804%,1.13111,36,40.72,640.08,35
"=""amzn1.ads-account.g.1pajz8jo9dcmlcw2654w4ynhd""",Portwest Australia,,"=""56584912532417""",Converting from Other Channels - MJC,AU,7,AUD,2025,1596,0.3133%,0.63200,5,3.16,17.15,1
"=""amzn1.ads-account.g.8os9jbxe8uolgs0z0ka9qua0q""",Portwest ES,,"=""475621571262674""",Growers - Auto Low Bid - MJC,ES,2,EUR,2026,483486,0.3245%,0.08269,1569,129.74,3240.55,160
"=""amzn1.ads-account.g.8os9jbxe8uolgs0z0ka9qua0q""",Portwest ES,,"=""422930302495331""",SP - Project Candy - Bridging Promo - 22 Sep 2025 - Auto Low Bid - MJC,ES,9,EUR,2025,1746142,0.1746%,0.16315,3048,497.27,2157.90,150
"=""amzn1.ads-account.g.1pajz8jo9dcmlcw2654w4ynhd""",Portwest Australia,,"=""533603650852527""",Keyword Research Low Bid - BRD PHR - SD,AU,6,AUD,2025,305992,0.2569%,0.45707,786,359.26,2564.17,90
"=""amzn1.ads-account.g.95u2ty2xhpic90diqqwzt6a2s""",Portwest USA,,"=""390173334565299""",High ROAS US440 - Medium bid Oct 2024 - JC,US,3,USD,2025,4761,0.8822%,0.69643,42,29.25,83.18,6
"=""amzn1.ads-account.g.1pajz8jo9dcmlcw2654w4ynhd""",Portwest Australia,,"=""257891712755572""",Profit MJC,AU,9,AUD,2026,3327,0.9017%,0.76067,30,22.82,63.54,2
"=""amzn1.ads-account.g.95u2ty2xhpic90diqqwzt6a2s""",Portwest USA,,"=""390173334565299""",High ROAS US440 - Medium bid Oct 2024 - JC,US,2,USD,2025,12342,1.1262%,0.71921,139,99.97,414.46,27
"=""amzn1.ads-account.g.9zovk6zrqsgpaj8x2od1sbl53""",Portwest - BE BISS - (Pan-EU),,"=""377546417761236""",Auto All - EURO Expansion 4 - Campaign B - MJC,BE,1,EUR,2025,101669,0.7180%,0.10405,730,75.96,1711.61,80
"=""amzn1.ads-account.g.1pajz8jo9dcmlcw2654w4ynhd""",Portwest Australia,,"=""302643831867198""",Droppers - Auto Low Bid - MJC,AU,1,AUD,2025,26032,0.3188%,0.26566,83,22.05,222.19,17
"=""amzn1.ads-account.g.8os9jbxe8uolgs0z0ka9qua0q""",Portwest ES,,"=""195522116641065""",Droppers - Auto Low Bid - MJC,ES,6,EUR,2025,119692,0.4111%,0.16486,492,81.11,955.65,46
"=""amzn1.ads-account.g.95u2ty2xhpic90diqqwzt6a2s""",Portwest USA,,"=""533532889300124""",Auto Low Bid - Vendor Push May 2024 - MJC,US,5,USD,2025,347696,0.9399%,0.22381,3268,731.41,4548.48,253
"=""amzn1.ads-account.g.95u2ty2xhpic90diqqwzt6a2s""",Portwest USA,,"=""408324720320680""",(B2B Multiplier Test) - Profit Expand Group 1 - Low Bid BRD & PHR - JC,US,12,USD,2025,0,,,0,0.00,0.00,0
"=""amzn1.ads-account.g.7qon60b3itwr4fzatg0h6r5fv""",Portwest IT,,"=""397507002813117""",Auto Low Bid - Q1 2024 - Feb Deals - MJC,IT,7,EUR,2025,360238,0.2093%,0.14021,754,105.72,547.53,25
"=""amzn1.ads-account.g.8os9jbxe8uolgs0z0ka9qua0q""",Portwest ES,,"=""468167772243698""",Home and Garden 2025 - Project Candy - Auto Low Bid - MJC,ES,4,EUR,2026,967731,0.1998%,0.13709,1934,265.13,2272.19,96
"=""amzn1.ads-account.g.1pajz8jo9dcmlcw2654w4ynhd""",Portwest Australia,,"=""257891712755572""",Profit MJC,AU,7,AUD,2026,23365,1.1684%,1.00403,273,274.10,1960.57,65
"=""amzn1.ads-account.g.7qon60b3itwr4fzatg0h6r5fv""",Portwest IT,,"=""491583009841605""",SP - Bridging Promo until 4th Aug - Project Candy Low Bid - MJC,IT,1,EUR,2026,258071,0.3274%,0.15173,845,128.21,992.71,51
"=""amzn1.ads-account.g.9mvvwnjt2tsmdz08926vlb17a""",Portwest DE,,"=""547494018872329""",Keyword Research Low Bid (Seasonal) - BRD PHR - SD,DE,3,EUR,2025,475063,0.2000%,0.18985,950,180.36,2514.22,117
"=""amzn1.ads-account.g.7qon60b3itwr4fzatg0h6r5fv""",Portwest IT,,"=""501655278304804""",Growers - Auto Low Bid - MJC,IT,5,EUR,2025,460712,0.4875%,0.13694,2246,307.56,6440.06,294
"=""amzn1.ads-account.g.7qon60b3itwr4fzatg0h6r5fv""",Portwest IT,,"=""520727786291595""",Bridging Promo 24 May - Project Candy Low Bid - MJC,IT,9,EUR,2025,13402,0.1492%,0.17400,20,3.48,38.16,3
"=""amzn1.ads-account.g.9mvvwnjt2tsmdz08926vlb17a""",Portwest DE,,"=""533829515195503""",SP - UK Gap Products - Project Candy - Auto Low Bid - MJC,DE,3,EUR,2025,1183607,0.2943%,0.14642,3483,509.97,6700.41,303
"=""amzn1.ads-account.g.8os9jbxe8uolgs0z0ka9qua0q""",Portwest ES,,"=""367290865442505""",SP - Project Candy - Bridging Promo - 5 Sep 2025 - Auto Low Bid - MJC,ES,11,EUR,2025,1278811,0.2399%,0.16014,3068,491.31,1932.86,127
"=""amzn1.ads-account.g.5dfl8rvx53v3cuqmb1snnubcf""",Portwest NL,,"=""360807979703590""",Auto Low Bid - Q4 2023 - MJC,NL,9,EUR,2025,28507,0.3683%,0.09229,105,9.69,83.60,4
"=""amzn1.ads-account.g.6wubx539i9z2ina5h90v21w6e""",WWD - Workwear Depot,,"=""129758628454478""",UH440 - Auto - May 2023,US,2,USD,2025,10765,0.1208%,0.61385,13,7.98,0.00,0
"=""amzn1.ads-account.g.6wubx539i9z2ina5h90v21w6e""",WWD - Workwear Depot,,"=""92810336598365""",E - Auto Low Bid - May 2023 - MJC,US,9,USD,2025,71,2.8169%,0.25000,2,0.50,0.00,0
"=""amzn1.ads-account.g.betoci5lb82z6jole1u6tt780""",Portwest FR,,"=""512965080942787""",B2B SP Auto Low Bid - SD,FR,6,EUR,2026,773256,0.2790%,0.46661,2157,1006.47,25367.59,1748
"=""amzn1.ads-account.g.95u2ty2xhpic90diqqwzt6a2s""",Portwest USA,,"=""431207786236144""",Manual Profit EXT Low Bid - Q4 - MJC,US,3,USD,2025,1575,1.0159%,0.24500,16,3.92,0.00,0
"=""amzn1.ads-account.g.1pajz8jo9dcmlcw2654w4ynhd""",Portwest Australia,,"=""480370204072590""",PAT Profit Low Bid - Q2 2024 - MJC,AU,6,AUD,2025,7133,0.9673%,0.26812,69,18.50,215.46,7
"=""amzn1.ads-account.g.5dfl8rvx53v3cuqmb1snnubcf""",Portwest NL,,"=""389075736151395""",Auto All - EURO Expansion 4 - Campaign B - MJC,NL,6,EUR,2025,85022,0.4622%,0.06155,393,24.19,650.79,48
"=""amzn1.ads-account.g.1pajz8jo9dcmlcw2654w4ynhd""",Portwest Australia,,"=""110745821211934""",Display Ads Converting A310,AU,3,AUD,2025,1,0.0000%,,0,0.00,0.00,0
"=""amzn1.ads-account.g.1pajz8jo9dcmlcw2654w4ynhd""",Portwest Australia,,"=""411010298200586""",Store Spotlight SB - SD,AU,4,AUD,2025,516371,0.1030%,0.23107,532,122.93,779.53,31
"=""amzn1.ads-account.g.9mvvwnjt2tsmdz08926vlb17a""",Portwest DE,,"=""533829515195503""",SP - UK Gap Products - Project Candy - Auto Low Bid - MJC,DE,12,EUR,2025,725388,0.2396%,0.14910,1738,259.14,2428.07,81
"=""amzn1.ads-account.g.6wubx539i9z2ina5h90v21w6e""",WWD - Workwear Depot,,"=""26886441161653""",C - Auto Low Bid - May 2023 - MJC,US,6,USD,2026,210,0.4762%,0.25000,1,0.25,0.00,0
"=""amzn1.ads-account.g.7qon60b3itwr4fzatg0h6r5fv""",Portwest IT,,"=""394086876968340""",PAT Profit Style - Low bid EXT and EXP Oct 2024 - JC,IT,4,EUR,2026,72653,0.5423%,0.15470,394,60.95,457.78,21
"=""amzn1.ads-account.g.5dfl8rvx53v3cuqmb1snnubcf""",Portwest NL,,"=""392977465332326""",Growers (From UK) - Auto Low Bid - MJC,NL,1,EUR,2026,5810,0.6024%,0.05743,35,2.01,25.05,1
"=""amzn1.ads-account.g.8os9jbxe8uolgs0z0ka9qua0q""",Portwest ES,,"=""480938456434366""",SP - UK Gap Products - Project Candy - Auto Low Bid - MJC,ES,3,EUR,2025,824990,0.2389%,0.13981,1971,275.57,2656.89,151
"=""amzn1.ads-account.g.9mvvwnjt2tsmdz08926vlb17a""",Portwest DE,,"=""55994507565416""",Auto Campaign - C733 (CY),DE,5,EUR,2025,21351,0.1499%,0.54969,32,17.59,168.15,10
"=""amzn1.ads-account.g.bak81x0kttgh0i1ah3ezzzu2m""",Portwest PL,,"=""401254527269738""",Auto Low Bid - Q4 2023 - MJC,PL,12,PLN,2025,58,0.0000%,,0,0.00,0.00,0
"=""amzn1.ads-account.g.5dfl8rvx53v3cuqmb1snnubcf""",Portwest NL,,"=""444011378490748""",SP - Project Candy - Bridging Promo - 5 Sep 2025 - Auto Low Bid - MJC,NL,1,EUR,2026,109839,0.5517%,0.11749,606,71.20,682.37,49
"=""amzn1.ads-account.g.8os9jbxe8uolgs0z0ka9qua0q""",Portwest ES,,"=""195522116641065""",Droppers - Auto Low Bid - MJC,ES,5,EUR,2025,212677,0.3696%,0.16575,786,130.28,1385.23,82
"=""amzn1.ads-account.g.1pajz8jo9dcmlcw2654w4ynhd""",Portwest Australia,,"=""550994813216429""",SP - UK Gap Products - Project Candy - Auto Low Bid - MJC,AU,7,AUD,2025,101633,0.2470%,0.27709,251,69.55,59.09,2
"=""amzn1.ads-account.g.1pajz8jo9dcmlcw2654w4ynhd""",Portwest Australia,,"=""257891712755572""",Profit MJC,AU,10,AUD,2025,13802,0.8549%,1.05212,118,124.15,895.18,31
"=""amzn1.ads-account.g.1pajz8jo9dcmlcw2654w4ynhd""",Portwest Australia,,"=""355925356602496""","Core Keywords, Close Match EXT - Suggested Bid - AH",AU,7,AUD,2026,40134,0.6453%,0.40544,259,105.01,679.79,33
"=""amzn1.ads-account.g.9zovk6zrqsgpaj8x2od1sbl53""",Portwest - BE BISS - (Pan-EU),,"=""377546417761236""",Auto All - EURO Expansion 4 - Campaign B - MJC,BE,9,EUR,2026,47758,0.9318%,0.11279,445,50.19,902.49,57
"=""amzn1.ads-account.g.5dfl8rvx53v3cuqmb1snnubcf""",Portwest NL,,"=""444011378490748""",SP - Project Candy - Bridging Promo - 5 Sep 2025 - Auto Low Bid - MJC,NL,3,EUR,2026,5260,0.5703%,0.12033,30,3.61,28.25,4
"=""amzn1.ads-account.g.7qon60b3itwr4fzatg0h6r5fv""",Portwest IT,,"=""344146066785323""",SP - Project Candy Auto Low Bid - Bridging Promo - 22 Sep - MJC,IT,4,EUR,2026,1326661,0.2117%,0.10870,2809,305.34,2557.51,104
"=""amzn1.ads-account.g.9mvvwnjt2tsmdz08926vlb17a""",Portwest DE,,"=""52065936047090""",Droppers - Profit - MJC`,DE,1,EUR,2025,25269,0.3957%,0.17730,100,17.73,359.61,20
"=""amzn1.ads-account.g.1pajz8jo9dcmlcw2654w4ynhd""",Portwest Australia,,"=""519274833218421""",Facemasks - Keyword Res - All Match Types - MJC,AU,2,AUD,2025,39666,0.2445%,0.66258,97,64.27,217.13,12
"=""amzn1.ads-account.g.7qon60b3itwr4fzatg0h6r5fv""",Portwest IT,,"=""325147263942313""",Keyword Research Low Bid Group 2 - BRD PHR Oct 2024 - JC,IT,7,EUR,2026,110390,0.5109%,0.17982,564,101.42,812.87,65
"=""amzn1.ads-account.g.9zovk6zrqsgpaj8x2od1sbl53""",Portwest - BE BISS - (Pan-EU),,"=""385469476566499""",Bridging Promo 31 May - Project Candy Low Bid - MJC,BE,8,EUR,2026,6514,0.7522%,0.15245,49,7.47,0.00,0
"=""amzn1.ads-account.g.9mvvwnjt2tsmdz08926vlb17a""",Portwest DE,,"=""191386157012832""",Growers - Auto Low Bid - MJC,DE,7,EUR,2026,65495,0.5619%,0.16008,368,58.91,1049.72,41
"=""amzn1.ads-account.g.6wubx539i9z2ina5h90v21w6e""",WWD - Workwear Depot,,"=""455322468550172""",SP - Catch All B2B - All Live Product - with Multi - MJC,US,9,USD,2026,6420,0.5919%,0.58263,38,22.14,385.88,8
"=""amzn1.ads-account.g.95u2ty2xhpic90diqqwzt6a2s""",Portwest USA,,"=""446556638681330""",Keyword Research 3 Low Bid - BRD PHR - JC,US,6,USD,2025,40250,0.7006%,0.26982,282,76.09,536.32,24
"=""amzn1.ads-account.g.9mvvwnjt2tsmdz08926vlb17a""",Portwest DE,,"=""456161439841495""",Store Spotlight (DE) SB - Homepage - SD,DE,5,EUR,2025,120089,0.1124%,0.16089,135,21.72,339.07,10
"=""amzn1.ads-account.g.9mvvwnjt2tsmdz08926vlb17a""",Portwest DE,,"=""309290485231754""",Display Ads Converting SP SD,DE,8,EUR,2025,11235,0.2047%,0.59087,23,13.59,48.61,4
"=""amzn1.ads-account.g.5dfl8rvx53v3cuqmb1snnubcf""",Portwest NL,,"=""392977465332326""",Growers (From UK) - Auto Low Bid - MJC,NL,1,EUR,2025,22313,0.3092%,0.06203,69,4.28,108.10,3
"=""amzn1.ads-account.g.1pajz8jo9dcmlcw2654w4ynhd""",Portwest Australia,,"=""228877476300003""",Auto Low Bid - April 2023 - All Styles - MJC,AU,3,AUD,2026,192037,0.4395%,0.32296,844,272.58,4691.41,158
"=""amzn1.ads-account.g.95u2ty2xhpic90diqqwzt6a2s""",Portwest USA,,"=""409985325957400""",PAT Profit Style group 3 - Low bid Sep 204 - JC,US,8,USD,2026,1315,0.9125%,0.24750,12,2.97,15.99,1
"=""amzn1.ads-account.g.bak81x0kttgh0i1ah3ezzzu2m""",Portwest PL,,"=""470065526594997""",SP - Project Candy - Bridging Promo - 5 Sep 2025 - Auto Low Bid - MJC,PL,12,PLN,2025,394,0.5076%,0.24500,2,0.49,0.00,0
"=""amzn1.ads-account.g.betoci5lb82z6jole1u6tt780""",Portwest FR,,"=""456555263277852""",Keyword Research Low Bid (New Selection) - BRD PHR - SD,FR,10,EUR,2025,322087,0.3524%,0.17514,1135,198.78,3795.30,237
"=""amzn1.ads-account.g.bak81x0kttgh0i1ah3ezzzu2m""",Portwest PL,,"=""457018929654451""",Auto All - EURO Expansion 4 - Campaign B - MJC,PL,2,PLN,2026,362363,0.1617%,0.43119,586,252.68,570.13,12
"=""amzn1.ads-account.g.1pajz8jo9dcmlcw2654w4ynhd""",Portwest Australia,,"=""110745821211934""",Display Ads Converting A310,AU,6,AUD,2026,1,0.0000%,,0,0.00,0.00,0
"=""amzn1.ads-account.g.5dfl8rvx53v3cuqmb1snnubcf""",Portwest NL,,"=""360807979703590""",Auto Low Bid - Q4 2023 - MJC,NL,6,EUR,2025,29556,0.3316%,0.09776,98,9.58,132.53,12
"=""amzn1.ads-account.g.1pajz8jo9dcmlcw2654w4ynhd""",Portwest Australia,,"=""514462827169654""",SP - PRIME DAY - Project Candy Low Bid with Multi,AU,8,AUD,2025,299025,0.3725%,0.34144,1114,380.36,4641.90,159
"=""amzn1.ads-account.g.6wubx539i9z2ina5h90v21w6e""",WWD - Workwear Depot,,"=""549574665294693""",SP - Catch All Low Bid - All Live Product - with Multi - MJC,US,9,USD,2026,20492,0.8394%,0.23605,172,40.60,409.99,6
"=""amzn1.ads-account.g.5dfl8rvx53v3cuqmb1snnubcf""",Portwest NL,,"=""481032442344858""",Auto Low Bid - Q1 2024 - Feb Deals - MJC,NL,11,EUR,2025,22119,0.4024%,0.10270,89,9.14,55.99,2
"=""amzn1.ads-account.g.9mvvwnjt2tsmdz08926vlb17a""",Portwest DE,,"=""52065936047090""",Droppers - Profit - MJC`,DE,8,EUR,2026,6949,0.5037%,0.22657,35,7.93,85.68,3
"=""amzn1.ads-account.g.6wubx539i9z2ina5h90v21w6e""",WWD - Workwear Depot,,"=""499053194388859""",SP - Project Candy Low Bid - PAT Profit - EXT - MJC,US,8,USD,2026,7,14.2857%,0.15000,1,0.15,0.00,0
"=""amzn1.ads-account.g.7qon60b3itwr4fzatg0h6r5fv""",Portwest IT,,"=""325147263942313""",Keyword Research Low Bid Group 2 - BRD PHR Oct 2024 - JC,IT,9,EUR,2025,417358,0.5149%,0.17132,2149,368.17,3892.18,295
"=""amzn1.ads-account.g.7qon60b3itwr4fzatg0h6r5fv""",Portwest IT,,"=""344146066785323""",SP - Project Candy Auto Low Bid - Bridging Promo - 22 Sep - MJC,IT,6,EUR,2026,649213,0.2468%,0.10864,1602,174.04,2394.58,104
"=""amzn1.ads-account.g.6wubx539i9z2ina5h90v21w6e""",WWD - Workwear Depot,,"=""403581243770082""",Focus Styles (Top Selling Seller) - Auto Low Bid June 2023 - MJC,US,5,USD,2025,6549,0.5497%,0.44250,36,15.93,162.20,4
"=""amzn1.ads-account.g.95u2ty2xhpic90diqqwzt6a2s""",Portwest USA,,"=""401424375599724""",Store Spotlight 2 SB - Nov 2024 - JC,US,6,USD,2025,268116,0.1201%,0.23189,322,74.67,1117.72,37
"=""amzn1.ads-account.g.betoci5lb82z6jole1u6tt780""",Portwest FR,,"=""408313467426953""",Store Spotlight SB FR (Homepage) - SD,FR,4,EUR,2025,897473,0.0466%,0.14720,418,61.53,421.28,22
"=""amzn1.ads-account.g.9mvvwnjt2tsmdz08926vlb17a""",Portwest DE,,"=""524187804468115""",Store Spotlight SB DE (2) - SD,DE,7,EUR,2025,532236,0.0376%,0.16670,200,33.34,188.19,9
"=""amzn1.ads-account.g.5dfl8rvx53v3cuqmb1snnubcf""",Portwest NL,,"=""444011378490748""",SP - Project Candy - Bridging Promo - 5 Sep 2025 - Auto Low Bid - MJC,NL,8,EUR,2026,289307,0.3301%,0.14299,955,136.56,478.51,67
"=""amzn1.ads-account.g.9mvvwnjt2tsmdz08926vlb17a""",Portwest DE,,"=""479578890600664""",SP - Bridging Promo until 4th Aug - Project Candy Low Bid - MJC,DE,7,EUR,2025,18868,0.2544%,0.16729,48,8.03,43.69,4
"=""amzn1.ads-account.g.1pajz8jo9dcmlcw2654w4ynhd""",Portwest Australia,,"=""96146253128422""",Display Ads Converting H441,AU,2,AUD,2025,9,0.0000%,,0,0.00,0.00,0
"=""amzn1.ads-account.g.7qon60b3itwr4fzatg0h6r5fv""",Portwest IT,,"=""556865623922826""",Auto Low Bid - Q4 2023 - MJC,IT,12,EUR,2025,0,,,0,0.00,0.00,0
"=""amzn1.ads-account.g.betoci5lb82z6jole1u6tt780""",Portwest FR,,"=""294745696953229""",Keyword Research Low Bid (Seasonal) - BRD PHR - SD,FR,1,EUR,2025,1023528,0.4637%,0.19468,4746,923.97,10432.86,479
"=""amzn1.ads-account.g.95u2ty2xhpic90diqqwzt6a2s""",Portwest USA,,"=""533532889300124""",Auto Low Bid - Vendor Push May 2024 - MJC,US,9,USD,2025,19782,0.4802%,0.22095,95,20.99,208.72,11
"=""amzn1.ads-account.g.6wubx539i9z2ina5h90v21w6e""",WWD - Workwear Depot,,"=""345431107373344""",SP - B2B Auto Low Bid - MC,US,7,USD,2026,5681,0.6513%,0.34865,37,12.90,0.00,0
"=""amzn1.ads-account.g.mxheehzl72t4l5it1hfsk6xz""",Portwest SE,,"=""508987492133915""",Growers (From UK) - Auto Low Bid - MJC,SE,12,SEK,2025,13866,0.4399%,0.84672,61,51.65,69.15,1
"=""amzn1.ads-account.g.bak81x0kttgh0i1ah3ezzzu2m""",Portwest PL,,"=""556011119851583""",SP - Project Candy - Bridging Promo - 22 Sep 2025 - Auto Low Bid - MJC,PL,9,PLN,2025,788,1.0152%,0.55000,8,4.40,50.58,1
"=""amzn1.ads-account.g.1pajz8jo9dcmlcw2654w4ynhd""",Portwest Australia,,"=""313517393614726""",Push Q1 2024 - Auto Low Bid - MJC,AU,12,AUD,2025,92689,0.3172%,0.35241,294,103.61,1077.24,58
"=""amzn1.ads-account.g.1pajz8jo9dcmlcw2654w4ynhd""",Portwest Australia,,"=""257891712755572""",Profit MJC,AU,11,AUD,2025,5785,1.6940%,1.14449,98,112.16,843.04,32
"=""amzn1.ads-account.g.mxheehzl72t4l5it1hfsk6xz""",Portwest SE,,"=""293264327574712""",Auto All - EURO Expansion 4 V2 - Campaign A - MJC,SE,7,SEK,2026,161263,0.4192%,0.98920,676,668.70,6519.93,44
"=""amzn1.ads-account.g.6wubx539i9z2ina5h90v21w6e""",WWD - Workwear Depot,,"=""552489117768110""",SP - Project Candy Low Bid - Catch All - Active Only - MJC,UK,2,GBP,2026,349252,0.7215%,0.27800,2520,700.57,1713.86,74
"=""amzn1.ads-account.g.95u2ty2xhpic90diqqwzt6a2s""",Portwest USA,,"=""520372994666385""",SP - VIP Keywords (July 2025) - EXT - Our Bid - MJC,US,9,USD,2025,361887,0.4421%,0.70918,1600,1134.68,5180.56,161
"=""amzn1.ads-account.g.betoci5lb82z6jole1u6tt780""",Portwest FR,,"=""293679770059445""",SP - UK Gap Products - Project Candy - Auto Low Bid - MJC,FR,7,EUR,2025,293682,0.4801%,0.13348,1410,188.20,2480.39,163
"=""amzn1.ads-account.g.95u2ty2xhpic90diqqwzt6a2s""",Portwest USA,,"=""415107248963968""",Profit Focus Top Styles - Exact - Oct 2024 - JC,US,6,USD,2025,3153,0.5709%,0.59500,18,10.71,0.00,0
"=""amzn1.ads-account.g.7qon60b3itwr4fzatg0h6r5fv""",Portwest IT,,"=""370228643995043""",Project Candy - Converting EXT - 20240711,IT,1,EUR,2026,56801,0.4525%,0.13603,257,34.96,368.27,26
"=""amzn1.ads-account.g.5dfl8rvx53v3cuqmb1snnubcf""",Portwest NL,,"=""492525007470072""",Auto All - EURO Expansion 4 - Campaign A - MJC,NL,4,EUR,2026,49233,0.3473%,0.07865,171,13.45,271.77,33
"=""amzn1.ads-account.g.7qon60b3itwr4fzatg0h6r5fv""",Portwest IT,,"=""556865623922826""",Auto Low Bid - Q4 2023 - MJC,IT,8,EUR,2025,133323,0.2408%,0.14542,321,46.68,320.99,17
"=""amzn1.ads-account.g.95u2ty2xhpic90diqqwzt6a2s""",Portwest USA,,"=""435667212887349""",Profit Expand Group 2 - Low Bid BRD & PHR - JC,US,5,USD,2025,187425,0.3260%,0.28989,611,177.12,1181.24,55
"=""amzn1.ads-account.g.bak81x0kttgh0i1ah3ezzzu2m""",Portwest PL,,"=""401254527269738""",Auto Low Bid - Q4 2023 - MJC,PL,2,PLN,2025,12790,0.0625%,0.08000,8,0.64,0.00,0
"=""amzn1.ads-account.g.95u2ty2xhpic90diqqwzt6a2s""",Portwest USA,,"=""312353717160459""",SP - PRIME DAY - Project Candy Low Bid with Multi,US,12,USD,2025,0,,,0,0.00,0.00,0
"=""amzn1.ads-account.g.95u2ty2xhpic90diqqwzt6a2s""",Portwest USA,,"=""415107248963968""",Profit Focus Top Styles - Exact - Oct 2024 - JC,US,7,USD,2026,445,0.2247%,0.66000,1,0.66,50.75,1
"=""amzn1.ads-account.g.5dfl8rvx53v3cuqmb1snnubcf""",Portwest NL,,"=""420604139575816""",SP - Project Candy - Bridging Promo - 22 Sep 2025 - Auto Low Bid - MJC,NL,1,EUR,2026,138592,0.6566%,0.10368,910,94.35,1769.65,86
"=""amzn1.ads-account.g.betoci5lb82z6jole1u6tt780""",Portwest FR,,"=""500653553293902""",Bridging Promo 17 May - Project Candy Low Bid - MJC,FR,5,EUR,2025,128292,0.2424%,0.18598,311,57.84,679.57,12
"=""amzn1.ads-account.g.6wubx539i9z2ina5h90v21w6e""",WWD - Workwear Depot,,"=""505622175738793""",DX4 Product Launch Auto - Low Bid Oct 2024 - JC,US,11,USD,2025,564,0.1773%,0.25000,1,0.25,0.00,0
"=""amzn1.ads-account.g.1pajz8jo9dcmlcw2654w4ynhd""",Portwest Australia,,"=""74703476074231""",Profit PAT MJC,AU,9,AUD,2026,1362,0.8076%,0.19727,11,2.17,0.00,0
"=""amzn1.ads-account.g.betoci5lb82z6jole1u6tt780""",Portwest FR,,"=""424060741780397""",Auto Low Bid - Q1 2024 - Feb Deals - MJC,FR,9,EUR,2025,193460,0.1825%,0.14598,353,51.53,828.00,39
"=""amzn1.ads-account.g.8os9jbxe8uolgs0z0ka9qua0q""",Portwest ES,,"=""480938456434366""",SP - UK Gap Products - Project Candy - Auto Low Bid - MJC,ES,3,EUR,2026,835265,0.2731%,0.13559,2281,309.27,4091.34,166
"=""amzn1.ads-account.g.7qon60b3itwr4fzatg0h6r5fv""",Portwest IT,,"=""432140609662787""",SP - UK Gap Products - Project Candy - Auto Low Bid - MJC,IT,1,EUR,2026,998333,0.2362%,0.13158,2358,310.26,6232.28,309
"=""amzn1.ads-account.g.8os9jbxe8uolgs0z0ka9qua0q""",Portwest ES,,"=""449211671742243""",Keyword Research Low Bid - BRD PHR - SD,ES,1,EUR,2026,84677,0.3496%,0.17091,296,50.59,507.04,22
"=""amzn1.ads-account.g.9mvvwnjt2tsmdz08926vlb17a""",Portwest DE,,"=""420256858234177""",SP - Bridging Promo 5th August 2025,DE,11,EUR,2025,1463031,0.3138%,0.17435,4591,800.44,5188.08,370
"=""amzn1.ads-account.g.9zovk6zrqsgpaj8x2od1sbl53""",Portwest - BE BISS - (Pan-EU),,"=""344800929956085""",Auto All - EURO Expansion 4 - Campaign A - MJC,BE,6,EUR,2025,53515,0.7867%,0.10432,421,43.92,676.20,50
"=""amzn1.ads-account.g.95u2ty2xhpic90diqqwzt6a2s""",Portwest USA,,"=""360269261984589""",Vendor Purchased - Not Advertised (Sep 2023) - Auto Low Bid - MJC,US,5,USD,2025,100535,0.5341%,0.18600,537,99.88,513.24,11
"=""amzn1.ads-account.g.6wubx539i9z2ina5h90v21w6e""",WWD - Workwear Depot,,"=""34836128487965""",B2B SP Auto Low Bid - SD,UK,9,GBP,2026,9660,0.2899%,0.25000,28,7.00,184.20,9
"=""amzn1.ads-account.g.5dfl8rvx53v3cuqmb1snnubcf""",Portwest NL,,"=""485435109277305""",Home and Garden 2025 - Project Candy - Auto Low Bid - MJC,NL,6,EUR,2026,19192,0.3439%,0.10348,66,6.83,119.09,4
"=""amzn1.ads-account.g.betoci5lb82z6jole1u6tt780""",Portwest FR,,"=""201893153506278""",Droppers - Profit - MJC,FR,4,EUR,2025,17311,0.2888%,0.14020,50,7.01,103.01,6
"=""amzn1.ads-account.g.betoci5lb82z6jole1u6tt780""",Portwest FR,,"=""157283469880101""",SP - Amazon Business Project Candy - Missing Styles June 2026 - Low Bid - MJC (A),FR,8,EUR,2026,37199,0.2016%,0.25893,75,19.42,126.14,11
"=""amzn1.ads-account.g.7qon60b3itwr4fzatg0h6r5fv""",Portwest IT,,"=""421546352398518""",SP - PRIME DAY - Project Candy Low Bid with Multi,IT,5,EUR,2026,633688,0.2129%,0.20104,1349,271.20,2079.15,104
"=""amzn1.ads-account.g.7qon60b3itwr4fzatg0h6r5fv""",Portwest IT,,"=""325147263942313""",Keyword Research Low Bid Group 2 - BRD PHR Oct 2024 - JC,IT,1,EUR,2025,354935,0.6917%,0.17095,2455,419.68,3327.30,201
"=""amzn1.ads-account.g.6wubx539i9z2ina5h90v21w6e""",WWD - Workwear Depot,,"=""123049042264341""",Portwest + Style Code - Manual EXACT - MJC,US,3,USD,2025,296,5.0676%,0.35800,15,5.37,105.56,3
"=""amzn1.ads-account.g.5dfl8rvx53v3cuqmb1snnubcf""",Portwest NL,,"=""481032442344858""",Auto Low Bid - Q1 2024 - Feb Deals - MJC,NL,10,EUR,2025,21795,0.3487%,0.09947,76,7.56,22.05,2
"=""amzn1.ads-account.g.95u2ty2xhpic90diqqwzt6a2s""",Portwest USA,,"=""431207786236144""",Manual Profit EXT Low Bid - Q4 - MJC,US,2,USD,2025,3027,0.4955%,0.24667,15,3.70,56.60,3
"=""amzn1.ads-account.g.5dfl8rvx53v3cuqmb1snnubcf""",Portwest NL,,"=""332773737266901""",Droppers (From UK) - Auto Low Bid - MJC,NL,9,EUR,2025,8809,0.6244%,0.07545,55,4.15,97.40,8
"=""amzn1.ads-account.g.7qon60b3itwr4fzatg0h6r5fv""",Portwest IT,,"=""378274572618736""",SP - PBDD - Project Candy Low Bid - MJC,IT,6,EUR,2026,1082697,0.4117%,0.14989,4457,668.07,8782.85,593
"=""amzn1.ads-account.g.8os9jbxe8uolgs0z0ka9qua0q""",Portwest ES,,"=""468167772243698""",Home and Garden 2025 - Project Candy - Auto Low Bid - MJC,ES,5,EUR,2026,1366044,0.1921%,0.13704,2624,359.59,3354.39,152
"=""amzn1.ads-account.g.1pajz8jo9dcmlcw2654w4ynhd""",Portwest Australia,,"=""480370204072590""",PAT Profit Low Bid - Q2 2024 - MJC,AU,3,AUD,2025,4901,0.4693%,0.23174,23,5.33,144.69,4
"=""amzn1.ads-account.g.5dfl8rvx53v3cuqmb1snnubcf""",Portwest NL,,"=""469105961672637""",SP - Project Candy Auto Low Bid - Bridging Promo - 22 Sep - MJC,NL,11,EUR,2025,3856,0.5705%,0.07636,22,1.68,0.00,0
"=""amzn1.ads-account.g.9mvvwnjt2tsmdz08926vlb17a""",Portwest DE,,"=""324958907979592""",Project Candy - Focus Styles from SD - Auto Low Bid - Q4 2024 - MJC,DE,10,EUR,2025,418819,0.3472%,0.22291,1454,324.11,3454.60,244
"=""amzn1.ads-account.g.1pajz8jo9dcmlcw2654w4ynhd""",Portwest Australia,,"=""141467539567225""",Display Ads Converting S156,AU,5,AUD,2025,1,0.0000%,,0,0.00,0.00,0
"=""amzn1.ads-account.g.8os9jbxe8uolgs0z0ka9qua0q""",Portwest ES,,"=""311119177054404""",SP - PBDD - Project Candy Low Bid - MJC,ES,11,EUR,2025,1665922,0.3469%,0.15575,5779,900.08,9524.68,716
"=""amzn1.ads-account.g.8os9jbxe8uolgs0z0ka9qua0q""",Portwest ES,,"=""480938456434366""",SP - UK Gap Products - Project Candy - Auto Low Bid - MJC,ES,7,EUR,2025,828474,0.2585%,0.13960,2142,299.02,1891.54,139
"=""amzn1.ads-account.g.95u2ty2xhpic90diqqwzt6a2s""",Portwest USA,,"=""390173334565299""",High ROAS US440 - Medium bid Oct 2024 - JC,US,6,USD,2025,7431,0.2422%,0.67667,18,12.18,27.28,2
"=""amzn1.ads-account.g.9mvvwnjt2tsmdz08926vlb17a""",Portwest DE,,"=""44819252859905""",Manual Targeting - S999 (CY),DE,5,EUR,2025,8412,0.2853%,0.52375,24,12.57,203.68,8
"=""amzn1.ads-account.g.betoci5lb82z6jole1u6tt780""",Portwest FR,,"=""375571445949915""",Keyword Research Low Bid - BRD PHR - SD,FR,2,EUR,2026,596921,0.2608%,0.17084,1557,266.00,3088.26,109
"=""amzn1.ads-account.g.bak81x0kttgh0i1ah3ezzzu2m""",Portwest PL,,"=""470065526594997""",SP - Project Candy - Bridging Promo - 5 Sep 2025 - Auto Low Bid - MJC,PL,9,PLN,2025,10277,0.7590%,0.44282,78,34.54,173.43,4
"=""amzn1.ads-account.g.mxheehzl72t4l5it1hfsk6xz""",Portwest SE,,"=""293264327574712""",Auto All - EURO Expansion 4 V2 - Campaign A - MJC,SE,11,SEK,2025,172317,0.3772%,0.70174,650,456.13,5475.54,32
"=""amzn1.ads-account.g.9mvvwnjt2tsmdz08926vlb17a""",Portwest DE,,"=""288384587728489""",Bridging Promo 17 May - Project Candy Low Bid - MJC,DE,10,EUR,2025,131185,0.4231%,0.15059,555,83.58,640.02,22
"=""amzn1.ads-account.g.1pajz8jo9dcmlcw2654w4ynhd""",Portwest Australia,,"=""396025250237617""",Manual Profit EXT Low Bid - Q2 2024 - MJC,AU,3,AUD,2025,10014,0.7989%,0.26463,80,21.17,252.04,12
"=""amzn1.ads-account.g.betoci5lb82z6jole1u6tt780""",Portwest FR,,"=""533713501725385""",SP - Project Candy - Bridging Promo - 5 Sep 2025 - Auto Low Bid - MJC,FR,10,EUR,2025,811698,0.2441%,0.16389,1981,324.66,2551.09,132
"=""amzn1.ads-account.g.7qon60b3itwr4fzatg0h6r5fv""",Portwest IT,,"=""421546352398518""",SP - PRIME DAY - Project Candy Low Bid with Multi,IT,4,EUR,2026,638014,0.2342%,0.20043,1494,299.44,3501.20,158
"=""amzn1.ads-account.g.95u2ty2xhpic90diqqwzt6a2s""",Portwest USA,,"=""538337297480785""",Auto Low Bid - Vendor Push December 2023 - MJC,US,8,USD,2026,18817,1.0576%,0.23613,199,46.99,476.91,19
"=""amzn1.ads-account.g.8os9jbxe8uolgs0z0ka9qua0q""",Portwest ES,,"=""470198564047574""",SP - PRIME DAY - Project Candy Low Bid with Multi,ES,2,EUR,2026,1924828,0.1824%,0.18934,3511,664.78,6709.09,270
"=""amzn1.ads-account.g.bak81x0kttgh0i1ah3ezzzu2m""",Portwest PL,,"=""490065738750316""",Droppers (From UK) - Auto Low Bid - MJC,PL,5,PLN,2026,17027,0.4522%,0.41312,77,31.81,522.51,5
"=""amzn1.ads-account.g.5dfl8rvx53v3cuqmb1snnubcf""",Portwest NL,,"=""389075736151395""",Auto All - EURO Expansion 4 - Campaign B - MJC,NL,3,EUR,2025,151042,0.4184%,0.05204,632,32.89,814.60,53
"=""amzn1.ads-account.g.6wubx539i9z2ina5h90v21w6e""",WWD - Workwear Depot,,"=""349831502064744""",SP - Project Candy Low Bid - Seller Focus Styles - MJC,US,4,USD,2026,42258,0.7360%,0.20010,311,62.23,537.87,13
"=""amzn1.ads-account.g.9mvvwnjt2tsmdz08926vlb17a""",Portwest DE,,"=""339739082571714""",Auto Low Bid - Q1 2024 - Feb Deals - MJC,DE,7,EUR,2025,350342,0.2423%,0.17649,849,149.84,1812.03,97
"=""amzn1.ads-account.g.6wubx539i9z2ina5h90v21w6e""",WWD - Workwear Depot,,"=""317606326104162""",Auto Low Bid - Seller Push May 2024 - MJC,US,2,USD,2026,6053,0.6774%,0.21146,41,8.67,35.00,1
"=""amzn1.ads-account.g.8os9jbxe8uolgs0z0ka9qua0q""",Portwest ES,,"=""414379648842481""",SP - B2B Auto Low Bid - MC,ES,9,EUR,2026,104907,0.2526%,0.29204,265,77.39,1849.66,102
"=""amzn1.ads-account.g.95u2ty2xhpic90diqqwzt6a2s""",Portwest USA,,"=""541135041482838""",Vendor Auto Low Bid - Focus Ranges - Nov 2023 - MJC,US,2,USD,2025,156739,0.1142%,0.22972,179,41.12,1591.93,35
"=""amzn1.ads-account.g.5dfl8rvx53v3cuqmb1snnubcf""",Portwest NL,,"=""443819118758041""",Bridging Promo 24 May - Project Candy Low Bid - MJC,NL,7,EUR,2025,8478,0.3657%,0.13161,31,4.08,34.04,2
"=""amzn1.ads-account.g.95u2ty2xhpic90diqqwzt6a2s""",Portwest USA,,"=""462325957755715""",B2B Only 500% Multi Test - Project Candy Low Bid - MJC,US,10,USD,2025,54816,0.5309%,0.45746,291,133.12,1760.65,49
"=""amzn1.ads-account.g.1pajz8jo9dcmlcw2654w4ynhd""",Portwest Australia,,"=""538175312863476""",SP - PBDD - Project Candy Low Bid - with Multi - MJC,AU,2,AUD,2026,28721,0.6650%,0.07162,191,13.68,424.82,24
"=""amzn1.ads-account.g.1pajz8jo9dcmlcw2654w4ynhd""",Portwest Australia,,"=""74703476074231""",Profit PAT MJC,AU,10,AUD,2025,6011,1.1812%,0.23408,71,16.62,187.58,5
"=""amzn1.ads-account.g.betoci5lb82z6jole1u6tt780""",Portwest FR,,"=""370127154989503""",Auto Low Bid - Q4 2023 - MJC,FR,3,EUR,2025,746365,0.2401%,0.15068,1792,270.02,4126.53,156
"=""amzn1.ads-account.g.betoci5lb82z6jole1u6tt780""",Portwest FR,,"=""431361080682482""",SP - PRIME DAY - Project Candy Low Bid with Multi,FR,11,EUR,2025,11263407,0.3140%,0.20906,35365,7393.49,68024.56,2618
"=""amzn1.ads-account.g.1pajz8jo9dcmlcw2654w4ynhd""",Portwest Australia,,"=""534285577334243""",Project Candy V3 - Top 100 (May 2025) - Auto Low Bid with Multi - MJC,AU,12,AUD,2025,90632,0.5351%,0.31955,485,154.98,1692.49,105
"=""amzn1.ads-account.g.9zovk6zrqsgpaj8x2od1sbl53""",Portwest - BE BISS - (Pan-EU),,"=""377546417761236""",Auto All - EURO Expansion 4 - Campaign B - MJC,BE,5,EUR,2026,120917,0.8543%,0.10894,1033,112.54,1985.98,123
"=""amzn1.ads-account.g.5dfl8rvx53v3cuqmb1snnubcf""",Portwest NL,,"=""492525007470072""",Auto All - EURO Expansion 4 - Campaign A - MJC,NL,1,EUR,2026,100993,0.3634%,0.06921,367,25.40,899.01,71
"=""amzn1.ads-account.g.9mvvwnjt2tsmdz08926vlb17a""",Portwest DE,,"=""324958907979592""",Project Candy - Focus Styles from SD - Auto Low Bid - Q4 2024 - MJC,DE,7,EUR,2025,456092,0.2929%,0.20481,1336,273.62,3117.37,212
"=""amzn1.ads-account.g.9mvvwnjt2tsmdz08926vlb17a""",Portwest DE,,"=""55994507565416""",Auto Campaign - C733 (CY),DE,10,EUR,2025,63784,0.2446%,0.55558,156,86.67,628.62,32
"=""amzn1.ads-account.g.1pajz8jo9dcmlcw2654w4ynhd""",Portwest Australia,,"=""480370204072590""",PAT Profit Low Bid - Q2 2024 - MJC,AU,1,AUD,2026,4269,0.9604%,0.27829,41,11.41,260.78,12
"=""amzn1.ads-account.g.6wubx539i9z2ina5h90v21w6e""",WWD - Workwear Depot,,"=""552489117768110""",SP - Project Candy Low Bid - Catch All - Active Only - MJC,UK,3,GBP,2026,534776,0.5548%,0.26126,2967,775.16,3086.26,74
"=""amzn1.ads-account.g.6wubx539i9z2ina5h90v21w6e""",WWD - Workwear Depot,,"=""505622175738793""",DX4 Product Launch Auto - Low Bid Oct 2024 - JC,US,12,USD,2025,890,0.0000%,,0,0.00,0.00,0
"=""amzn1.ads-account.g.betoci5lb82z6jole1u6tt780""",Portwest FR,,"=""533713501725385""",SP - Project Candy - Bridging Promo - 5 Sep 2025 - Auto Low Bid - MJC,FR,12,EUR,2025,54076,0.2349%,0.16323,127,20.73,88.05,11
"=""amzn1.ads-account.g.9zovk6zrqsgpaj8x2od1sbl53""",Portwest - BE BISS - (Pan-EU),,"=""289395542376704""",Bridging Promo 24 May - Project Candy Low Bid - MJC,BE,8,EUR,2026,2586,0.2320%,0.08167,6,0.49,0.00,0
"=""amzn1.ads-account.g.9zovk6zrqsgpaj8x2od1sbl53""",Portwest - BE BISS - (Pan-EU),,"=""501480875972186""",SP - Project Candy Auto Low Bid - Bridging Promo - 22 Sep - MJC,BE,11,EUR,2025,508,0.0000%,,0,0.00,0.00,0
"=""amzn1.ads-account.g.1pajz8jo9dcmlcw2654w4ynhd""",Portwest Australia,,"=""127908567131055""",Auto All Low Bid MJC,AU,4,AUD,2025,261354,0.2081%,0.19131,544,104.07,1160.41,69
"=""amzn1.ads-account.g.bak81x0kttgh0i1ah3ezzzu2m""",Portwest PL,,"=""490065738750316""",Droppers (From UK) - Auto Low Bid - MJC,PL,12,PLN,2025,18696,0.2888%,0.24611,54,13.29,19.19,1
"=""amzn1.ads-account.g.8os9jbxe8uolgs0z0ka9qua0q""",Portwest ES,,"=""547962426196207""",Auto Low Bid - Q1 2024 - Feb Deals - MJC,ES,8,EUR,2026,92537,0.2918%,0.14137,270,38.17,632.87,19
"=""amzn1.ads-account.g.betoci5lb82z6jole1u6tt780""",Portwest FR,,"=""375571445949915""",Keyword Research Low Bid - BRD PHR - SD,FR,3,EUR,2025,1026538,0.2593%,0.18428,2662,490.56,6958.84,264
"=""amzn1.ads-account.g.5dfl8rvx53v3cuqmb1snnubcf""",Portwest NL,,"=""332773737266901""",Droppers (From UK) - Auto Low Bid - MJC,NL,2,EUR,2025,25606,0.2343%,0.05317,60,3.19,26.41,1
"=""amzn1.ads-account.g.7qon60b3itwr4fzatg0h6r5fv""",Portwest IT,,"=""501655278304804""",Growers - Auto Low Bid - MJC,IT,8,EUR,2025,242647,0.5016%,0.15900,1217,193.50,3098.25,164
"=""amzn1.ads-account.g.5dfl8rvx53v3cuqmb1snnubcf""",Portwest NL,,"=""389075736151395""",Auto All - EURO Expansion 4 - Campaign B - MJC,NL,10,EUR,2025,136088,0.4005%,0.06780,545,36.95,1629.65,90
"=""amzn1.ads-account.g.9mvvwnjt2tsmdz08926vlb17a""",Portwest DE,,"=""339739082571714""",Auto Low Bid - Q1 2024 - Feb Deals - MJC,DE,9,EUR,2025,341554,0.2199%,0.17107,751,128.47,1301.60,60
"=""amzn1.ads-account.g.8os9jbxe8uolgs0z0ka9qua0q""",Portwest ES,,"=""367290865442505""",SP - Project Candy - Bridging Promo - 5 Sep 2025 - Auto Low Bid - MJC,ES,10,EUR,2025,1889120,0.2162%,0.16240,4084,663.25,2585.95,149
"=""amzn1.ads-account.g.1pajz8jo9dcmlcw2654w4ynhd""",Portwest Australia,,"=""529658289585474""",May Promo - Project Candy - Auto Low Bid - MJC,AU,1,AUD,2026,202807,0.2712%,0.29769,550,163.73,1219.90,67
"=""amzn1.ads-account.g.9mvvwnjt2tsmdz08926vlb17a""",Portwest DE,,"=""505347070762714""",SP - Project Candy - Bridging Promo - 22 Sep 2025 - Auto Low Bid - MJC,DE,11,EUR,2025,852263,0.3629%,0.17491,3093,541.00,3372.83,130
"=""amzn1.ads-account.g.9mvvwnjt2tsmdz08926vlb17a""",Portwest DE,,"=""55994507565416""",Auto Campaign - C733 (CY),DE,11,EUR,2025,84125,0.1759%,0.62662,148,92.74,270.59,16
"=""amzn1.ads-account.g.betoci5lb82z6jole1u6tt780""",Portwest FR,,"=""201893153506278""",Droppers - Profit - MJC,FR,3,EUR,2025,24633,0.3288%,0.15346,81,12.43,288.87,14
"=""amzn1.ads-account.g.7qon60b3itwr4fzatg0h6r5fv""",Portwest IT,,"=""370228643995043""",Project Candy - Converting EXT - 20240711,IT,6,EUR,2026,41177,0.2696%,0.12820,111,14.23,376.22,17
"=""amzn1.ads-account.g.7qon60b3itwr4fzatg0h6r5fv""",Portwest IT,,"=""365836086305490""",Keyword Research Low Bid Group 1 - BRD PHR Oct 2024 - JC,IT,12,EUR,2025,85143,0.4369%,0.15527,372,57.76,516.52,20
"=""amzn1.ads-account.g.8os9jbxe8uolgs0z0ka9qua0q""",Portwest ES,,"=""496172824240757""",Bridging Promo 21 May - Project Candy Low Bid - MJC,ES,9,EUR,2025,207412,0.2348%,0.18641,487,90.78,283.13,8
"=""amzn1.ads-account.g.6wubx539i9z2ina5h90v21w6e""",WWD - Workwear Depot,,"=""262860660370351""",B - Auto Low Bid - May 2023 - MJC,US,12,USD,2025,611,0.0000%,,0,0.00,0.00,0
"=""amzn1.ads-account.g.95u2ty2xhpic90diqqwzt6a2s""",Portwest USA,,"=""319162604580847""",(Dayparting Test) PAT Profit EXT and EXP - Low bid Oct 2024 - JC,US,3,USD,2025,299094,0.5159%,0.26043,1543,401.85,5650.59,252
"=""amzn1.ads-account.g.mxheehzl72t4l5it1hfsk6xz""",Portwest SE,,"=""376936864967411""",Auto All - EURO Expansion 4 V2 - Campaign B - MJC,SE,10,SEK,2025,473,0.0000%,,0,0.00,0.00,0
"=""amzn1.ads-account.g.1pajz8jo9dcmlcw2654w4ynhd""",Portwest Australia,,"=""68131641215038""",Display Ads Converting S440,AU,12,AUD,2025,2,0.0000%,,0,0.00,0.00,0
"=""amzn1.ads-account.g.95u2ty2xhpic90diqqwzt6a2s""",Portwest USA,,"=""537725771300092""",Profit Focus Top Styles group 2 - Exact - Oct 2024 - JC,US,3,USD,2025,8187,0.2565%,0.92667,21,19.46,431.63,37
"=""amzn1.ads-account.g.8os9jbxe8uolgs0z0ka9qua0q""",Portwest ES,,"=""449211671742243""",Keyword Research Low Bid - BRD PHR - SD,ES,7,EUR,2025,499754,0.1101%,0.17595,550,96.77,822.88,23
"=""amzn1.ads-account.g.1pajz8jo9dcmlcw2654w4ynhd""",Portwest Australia,,"=""296844823415113""",C734_Auto_Low_Bid_AH Copy 1,AU,7,AUD,2025,1,0.0000%,,0,0.00,0.00,0
"=""amzn1.ads-account.g.1pajz8jo9dcmlcw2654w4ynhd""",Portwest Australia,,"=""56584912532417""",Converting from Other Channels - MJC,AU,9,AUD,2026,157,0.0000%,,0,0.00,0.00,0
"=""amzn1.ads-account.g.9zovk6zrqsgpaj8x2od1sbl53""",Portwest - BE BISS - (Pan-EU),,"=""344800929956085""",Auto All - EURO Expansion 4 - Campaign A - MJC,BE,9,EUR,2025,86150,1.1109%,0.10863,957,103.96,2612.41,164
"=""amzn1.ads-account.g.1pajz8jo9dcmlcw2654w4ynhd""",Portwest Australia,,"=""413015514693012""",New Respirator Masks - PAT (From Aoife) - MJC,AU,7,AUD,2026,91,1.0989%,0.06000,1,0.06,0.00,0
"=""amzn1.ads-account.g.betoci5lb82z6jole1u6tt780""",Portwest FR,,"=""370127154989503""",Auto Low Bid - Q4 2023 - MJC,FR,4,EUR,2025,625621,0.2465%,0.15374,1542,237.07,2683.21,89
"=""amzn1.ads-account.g.betoci5lb82z6jole1u6tt780""",Portwest FR,,"=""431361080682482""",SP - PRIME DAY - Project Candy Low Bid with Multi,FR,9,EUR,2026,516706,0.2818%,0.20416,1456,297.25,8102.37,403
"=""amzn1.ads-account.g.5dfl8rvx53v3cuqmb1snnubcf""",Portwest NL,,"=""420604139575816""",SP - Project Candy - Bridging Promo - 22 Sep 2025 - Auto Low Bid - MJC,NL,9,EUR,2026,98490,0.3026%,0.12513,298,37.29,184.88,7
"=""amzn1.ads-account.g.6wubx539i9z2ina5h90v21w6e""",WWD - Workwear Depot,,"=""26886441161653""",C - Auto Low Bid - May 2023 - MJC,US,1,USD,2026,2427,0.5356%,0.24000,13,3.12,0.00,0
"=""amzn1.ads-account.g.5dfl8rvx53v3cuqmb1snnubcf""",Portwest NL,,"=""492525007470072""",Auto All - EURO Expansion 4 - Campaign A - MJC,NL,6,EUR,2026,87452,0.3659%,0.09197,320,29.43,766.26,59
"=""amzn1.ads-account.g.mxheehzl72t4l5it1hfsk6xz""",Portwest SE,,"=""508987492133915""",Growers (From UK) - Auto Low Bid - MJC,SE,3,SEK,2025,14835,0.4921%,0.80753,73,58.95,2083.52,8
"=""amzn1.ads-account.g.7qon60b3itwr4fzatg0h6r5fv""",Portwest IT,,"=""556865623922826""",Auto Low Bid - Q4 2023 - MJC,IT,4,EUR,2025,174667,0.2319%,0.13921,405,56.38,406.27,15
"=""amzn1.ads-account.g.6wubx539i9z2ina5h90v21w6e""",WWD - Workwear Depot,,"=""262860660370351""",B - Auto Low Bid - May 2023 - MJC,US,11,USD,2025,573,0.0000%,,0,0.00,0.00,0
"=""amzn1.ads-account.g.95u2ty2xhpic90diqqwzt6a2s""",Portwest USA,,"=""537725771300092""",Profit Focus Top Styles group 2 - Exact - Oct 2024 - JC,US,7,USD,2025,4503,0.6218%,0.83536,28,23.39,183.75,14
"=""amzn1.ads-account.g.6wubx539i9z2ina5h90v21w6e""",WWD - Workwear Depot,,"=""316861580179555""",Auto Low Bid April MJC 24,US,7,USD,2025,7745,0.7360%,0.23158,57,13.20,56.96,3
"=""amzn1.ads-account.g.1pajz8jo9dcmlcw2654w4ynhd""",Portwest Australia,,"=""108617369848228""",Display Ads Converting FW90,AU,3,AUD,2025,460,0.8696%,0.02000,4,0.08,31.67,1
"=""amzn1.ads-account.g.mxheehzl72t4l5it1hfsk6xz""",Portwest SE,,"=""329244351830333""",Droppers (From UK) - Auto Low Bid - MJC,SE,4,SEK,2026,13073,0.5431%,1.01535,71,72.09,1986.04,15
"=""amzn1.ads-account.g.8os9jbxe8uolgs0z0ka9qua0q""",Portwest ES,,"=""475621571262674""",Growers - Auto Low Bid - MJC,ES,4,EUR,2025,258189,0.4985%,0.12137,1287,156.20,1964.02,102
"=""amzn1.ads-account.g.9mvvwnjt2tsmdz08926vlb17a""",Portwest DE,,"=""145924525357081""",Droppers - Auto Low Bid - MJC,DE,9,EUR,2025,177200,0.8747%,0.24867,1550,385.44,4717.59,363
"=""amzn1.ads-account.g.5dfl8rvx53v3cuqmb1snnubcf""",Portwest NL,,"=""392977465332326""",Growers (From UK) - Auto Low Bid - MJC,NL,8,EUR,2026,4799,0.5626%,0.07148,27,1.93,11.26,1
"=""amzn1.ads-account.g.1pajz8jo9dcmlcw2654w4ynhd""",Portwest Australia,,"=""327823251042498""",Display Ads Converting SP AH,AU,6,AUD,2026,35460,0.1946%,0.59420,69,41.00,373.37,9
"=""amzn1.ads-account.g.6wubx539i9z2ina5h90v21w6e""",WWD - Workwear Depot,,"=""322086947917851""",SP - Elbow Pads - PAT - Close Competitors - Sugg Bid - MJC,UK,5,GBP,2025,10821,1.7189%,0.82645,186,153.72,124.80,15
"=""amzn1.ads-account.g.95u2ty2xhpic90diqqwzt6a2s""",Portwest USA,,"=""401424375599724""",Store Spotlight 2 SB - Nov 2024 - JC,US,9,USD,2025,901980,0.0701%,0.21123,632,133.50,778.28,32
"=""amzn1.ads-account.g.8os9jbxe8uolgs0z0ka9qua0q""",Portwest ES,,"=""414379648842481""",SP - B2B Auto Low Bid - MC,ES,7,EUR,2026,124175,0.2899%,0.26881,360,96.77,4134.45,217
"=""amzn1.ads-account.g.5dfl8rvx53v3cuqmb1snnubcf""",Portwest NL,,"=""443819118758041""",Bridging Promo 24 May - Project Candy Low Bid - MJC,NL,12,EUR,2025,10661,0.3095%,0.12152,33,4.01,23.75,2
"=""amzn1.ads-account.g.9mvvwnjt2tsmdz08926vlb17a""",Portwest DE,,"=""465312229304951""",SP - Project Candy Auto Low Bid - Bridging Promo - 22 Sep - MJC,DE,12,EUR,2025,22143,0.2981%,0.11303,66,7.46,50.91,2
"=""amzn1.ads-account.g.1pajz8jo9dcmlcw2654w4ynhd""",Portwest Australia,,"=""274645847327056""",Display Ads Converting  FW95,AU,9,AUD,2025,3,0.0000%,,0,0.00,0.00,0
"=""amzn1.ads-account.g.6wubx539i9z2ina5h90v21w6e""",WWD - Workwear Depot,,"=""389985294556058""",SP - Project Candy Low Bid - Active Seller List (From SD) - Sep 2025 - MJC,UK,11,GBP,2025,386829,0.5093%,0.14574,1970,287.11,2129.20,64
"=""amzn1.ads-account.g.1pajz8jo9dcmlcw2654w4ynhd""",Portwest Australia,,"=""56584912532417""",Converting from Other Channels - MJC,AU,5,AUD,2025,2870,0.3484%,0.72900,10,7.29,89.45,4
"=""amzn1.ads-account.g.5dfl8rvx53v3cuqmb1snnubcf""",Portwest NL,,"=""469105961672637""",SP - Project Candy Auto Low Bid - Bridging Promo - 22 Sep - MJC,NL,12,EUR,2025,1700,0.1765%,0.10667,3,0.32,0.00,0
"=""amzn1.ads-account.g.6wubx539i9z2ina5h90v21w6e""",WWD - Workwear Depot,,"=""362238157932910""",SP - BASE - Launch - Project Candy Auto Med Bid - MJC,UK,9,GBP,2025,127348,0.2419%,0.30412,308,93.67,724.16,5
"=""amzn1.ads-account.g.95u2ty2xhpic90diqqwzt6a2s""",Portwest USA,,"=""319162604580847""",(Dayparting Test) PAT Profit EXT and EXP - Low bid Oct 2024 - JC,US,6,USD,2025,175707,1.0125%,0.32241,1779,573.57,7745.63,365
"=""amzn1.ads-account.g.95u2ty2xhpic90diqqwzt6a2s""",Portwest USA,,"=""521897769563799""",PAT Profit Style group 2 - Low bid Sep 204 - JC,US,5,USD,2025,8612,1.1844%,0.27020,102,27.56,831.44,37
"=""amzn1.ads-account.g.1pajz8jo9dcmlcw2654w4ynhd""",Portwest Australia,,"=""302643831867198""",Droppers - Auto Low Bid - MJC,AU,6,AUD,2026,30870,0.6511%,0.43741,201,87.92,948.37,53
"=""amzn1.ads-account.g.7qon60b3itwr4fzatg0h6r5fv""",Portwest IT,,"=""556865623922826""",Auto Low Bid - Q4 2023 - MJC,IT,7,EUR,2025,127876,0.3050%,0.14231,390,55.50,427.72,19
"=""amzn1.ads-account.g.95u2ty2xhpic90diqqwzt6a2s""",Portwest USA,,"=""363307255195676""",PAT Profit Style group 1 - Low bid Sep 2024 - JC,US,3,USD,2025,5804,1.1199%,0.27077,65,17.60,884.84,13
"=""amzn1.ads-account.g.9mvvwnjt2tsmdz08926vlb17a""",Portwest DE,,"=""52065936047090""",Droppers - Profit - MJC`,DE,7,EUR,2026,2798,0.4646%,0.22385,13,2.91,67.99,2
"=""amzn1.ads-account.g.95u2ty2xhpic90diqqwzt6a2s""",Portwest USA,,"=""541135041482838""",Vendor Auto Low Bid - Focus Ranges - Nov 2023 - MJC,US,7,USD,2026,31590,0.6426%,0.22867,203,46.42,212.98,11
"=""amzn1.ads-account.g.5dfl8rvx53v3cuqmb1snnubcf""",Portwest NL,,"=""475402648433849""",Bridging Promo 31 May - Project Candy Low Bid - MJC,NL,4,EUR,2026,11613,0.4478%,0.12865,52,6.69,0.00,0
"=""amzn1.ads-account.g.1pajz8jo9dcmlcw2654w4ynhd""",Portwest Australia,,"=""96146253128422""",Display Ads Converting H441,AU,3,AUD,2026,5,0.0000%,,0,0.00,0.00,0
"=""amzn1.ads-account.g.6wubx539i9z2ina5h90v21w6e""",WWD - Workwear Depot,,"=""389985294556058""",SP - Project Candy Low Bid - Active Seller List (From SD) - Sep 2025 - MJC,UK,3,GBP,2026,74032,0.6227%,0.14425,461,66.50,806.59,18
"=""amzn1.ads-account.g.bak81x0kttgh0i1ah3ezzzu2m""",Portwest PL,,"=""399671753980737""",Growers (From UK) - Auto Low Bid - MJC,PL,7,PLN,2025,6900,0.2609%,0.25944,18,4.67,429.71,4
"=""amzn1.ads-account.g.1pajz8jo9dcmlcw2654w4ynhd""",Portwest Australia,,"=""480370204072590""",PAT Profit Low Bid - Q2 2024 - MJC,AU,4,AUD,2026,3067,0.8151%,0.29080,25,7.27,28.58,2
"=""amzn1.ads-account.g.6wubx539i9z2ina5h90v21w6e""",WWD - Workwear Depot,,"=""349831502064744""",SP - Project Candy Low Bid - Seller Focus Styles - MJC,US,10,USD,2025,224685,0.6124%,0.21124,1376,290.66,1219.81,20
"=""amzn1.ads-account.g.1pajz8jo9dcmlcw2654w4ynhd""",Portwest Australia,,"=""476491807026648""",2852 - Top Seller - Auto Low Bid - MJC,AU,7,AUD,2025,404,0.9901%,0.58000,4,2.32,381.24,12
"=""amzn1.ads-account.g.95u2ty2xhpic90diqqwzt6a2s""",Portwest USA,,"=""371243070537578""","Style Specific - UH447 - Core Keywords, Close Match EXT - Suggested Bid - MJC",US,3,USD,2025,154,0.6494%,1.42000,1,1.42,0.00,0
"=""amzn1.ads-account.g.95u2ty2xhpic90diqqwzt6a2s""",Portwest USA,,"=""415107248963968""",Profit Focus Top Styles - Exact - Oct 2024 - JC,US,9,USD,2025,4089,0.8315%,0.64971,34,22.09,34.34,2
"=""amzn1.ads-account.g.1pajz8jo9dcmlcw2654w4ynhd""",Portwest Australia,,"=""302643831867198""",Droppers - Auto Low Bid - MJC,AU,4,AUD,2025,25737,0.5789%,0.29893,149,44.54,638.20,47
"=""amzn1.ads-account.g.9mvvwnjt2tsmdz08926vlb17a""",Portwest DE,,"=""191386157012832""",Growers - Auto Low Bid - MJC,DE,11,EUR,2025,191348,0.5973%,0.24870,1143,284.26,3811.44,225
"=""amzn1.ads-account.g.betoci5lb82z6jole1u6tt780""",Portwest FR,,"=""456555263277852""",Keyword Research Low Bid (New Selection) - BRD PHR - SD,FR,4,EUR,2025,335303,0.2821%,0.18422,946,174.27,1830.11,120
"=""amzn1.ads-account.g.6wubx539i9z2ina5h90v21w6e""",WWD - Workwear Depot,,"=""349831502064744""",SP - Project Candy Low Bid - Seller Focus Styles - MJC,US,7,USD,2026,18267,0.5912%,0.19963,108,21.56,25.99,1
"=""amzn1.ads-account.g.6wubx539i9z2ina5h90v21w6e""",WWD - Workwear Depot,,"=""505622175738793""",DX4 Product Launch Auto - Low Bid Oct 2024 - JC,US,4,USD,2025,2192,0.2737%,0.25000,6,1.50,0.00,0
"=""amzn1.ads-account.g.mxheehzl72t4l5it1hfsk6xz""",Portwest SE,,"=""376936864967411""",Auto All - EURO Expansion 4 V2 - Campaign B - MJC,SE,8,SEK,2025,3212,0.2491%,0.90625,8,7.25,0.00,0
"=""amzn1.ads-account.g.9zovk6zrqsgpaj8x2od1sbl53""",Portwest - BE BISS - (Pan-EU),,"=""314375037758059""",SP - Project Candy - Bridging Promo - 5 Sep 2025 - Auto Low Bid - MJC,BE,11,EUR,2025,36069,0.8900%,0.12698,321,40.76,588.09,29
"=""amzn1.ads-account.g.bak81x0kttgh0i1ah3ezzzu2m""",Portwest PL,,"=""490065738750316""",Droppers (From UK) - Auto Low Bid - MJC,PL,2,PLN,2026,14749,0.4068%,0.36983,60,22.19,181.40,2
"=""amzn1.ads-account.g.6wubx539i9z2ina5h90v21w6e""",WWD - Workwear Depot,,"=""26886441161653""",C - Auto Low Bid - May 2023 - MJC,US,12,USD,2025,1431,0.0699%,0.25000,1,0.25,0.00,0
"=""amzn1.ads-account.g.betoci5lb82z6jole1u6tt780""",Portwest FR,,"=""294745696953229""",Keyword Research Low Bid (Seasonal) - BRD PHR - SD,FR,7,EUR,2025,269620,0.3557%,0.21503,959,206.21,2105.91,141
"=""amzn1.ads-account.g.1pajz8jo9dcmlcw2654w4ynhd""",Portwest Australia,,"=""274645847327056""",Display Ads Converting  FW95,AU,5,AUD,2025,40,0.0000%,,0,0.00,0.00,0
"=""amzn1.ads-account.g.1pajz8jo9dcmlcw2654w4ynhd""",Portwest Australia,,"=""411010298200586""",Store Spotlight SB - SD,AU,11,AUD,2025,518342,0.1269%,0.17809,658,117.18,3108.50,121
"=""amzn1.ads-account.g.1pajz8jo9dcmlcw2654w4ynhd""",Portwest Australia,,"=""529658289585474""",May Promo - Project Candy - Auto Low Bid - MJC,AU,3,AUD,2026,165550,0.3401%,0.34835,563,196.12,1729.14,105
"=""amzn1.ads-account.g.7qon60b3itwr4fzatg0h6r5fv""",Portwest IT,,"=""320546710532715""",Bridging Promo 31 May - Project Candy Low Bid - MJC,IT,2,EUR,2026,77404,0.5013%,0.12588,388,48.84,389.56,17
"=""amzn1.ads-account.g.9mvvwnjt2tsmdz08926vlb17a""",Portwest DE,,"=""324958907979592""",Project Candy - Focus Styles from SD - Auto Low Bid - Q4 2024 - MJC,DE,4,EUR,2025,525096,0.2238%,0.20550,1175,241.46,2660.15,128
"=""amzn1.ads-account.g.1pajz8jo9dcmlcw2654w4ynhd""",Portwest Australia,,"=""413015514693012""",New Respirator Masks - PAT (From Aoife) - MJC,AU,6,AUD,2025,26,0.0000%,,0,0.00,0.00,0
"=""amzn1.ads-account.g.6wubx539i9z2ina5h90v21w6e""",WWD - Workwear Depot,,"=""505622175738793""",DX4 Product Launch Auto - Low Bid Oct 2024 - JC,US,3,USD,2026,2606,1.3047%,0.16765,34,5.70,0.00,0
"=""amzn1.ads-account.g.6wubx539i9z2ina5h90v21w6e""",WWD - Workwear Depot,,"=""345431107373344""",SP - B2B Auto Low Bid - MC,US,9,USD,2026,1796,0.5011%,0.39444,9,3.55,0.00,0
"=""amzn1.ads-account.g.8os9jbxe8uolgs0z0ka9qua0q""",Portwest ES,,"=""475621571262674""",Growers - Auto Low Bid - MJC,ES,8,EUR,2026,72748,0.3382%,0.11057,246,27.20,561.15,25
"=""amzn1.ads-account.g.betoci5lb82z6jole1u6tt780""",Portwest FR,,"=""449898276473828""",SP - PBDD - Project Candy Low Bid - MJC,FR,11,EUR,2025,3288641,0.4101%,0.15950,13487,2151.18,24387.68,1436
"=""amzn1.ads-account.g.5dfl8rvx53v3cuqmb1snnubcf""",Portwest NL,,"=""332773737266901""",Droppers (From UK) - Auto Low Bid - MJC,NL,8,EUR,2025,8723,0.3783%,0.06303,33,2.08,279.71,10
"=""amzn1.ads-account.g.5dfl8rvx53v3cuqmb1snnubcf""",Portwest NL,,"=""389075736151395""",Auto All - EURO Expansion 4 - Campaign B - MJC,NL,5,EUR,2026,90489,0.3879%,0.07670,351,26.92,413.75,25
"=""amzn1.ads-account.g.1pajz8jo9dcmlcw2654w4ynhd""",Portwest Australia,,"=""74703476074231""",Profit PAT MJC,AU,11,AUD,2025,5711,1.5584%,0.24337,89,21.66,349.15,12
"=""amzn1.ads-account.g.betoci5lb82z6jole1u6tt780""",Portwest FR,,"=""512965080942787""",B2B SP Auto Low Bid - SD,FR,3,EUR,2026,954413,0.3113%,0.43561,2971,1294.20,30927.59,1843
"=""amzn1.ads-account.g.95u2ty2xhpic90diqqwzt6a2s""",Portwest USA,,"=""290980976603020""",Auto Low Bid - BTR Push August 2024 - JC,US,11,USD,2025,2329,0.0859%,0.31000,2,0.62,0.00,0
"=""amzn1.ads-account.g.8os9jbxe8uolgs0z0ka9qua0q""",Portwest ES,,"=""547962426196207""",Auto Low Bid - Q1 2024 - Feb Deals - MJC,ES,3,EUR,2025,1369563,0.1980%,0.14016,2712,380.11,3390.91,126
"=""amzn1.ads-account.g.6wubx539i9z2ina5h90v21w6e""",WWD - Workwear Depot,,"=""389985294556058""",SP - Project Candy Low Bid - Active Seller List (From SD) - Sep 2025 - MJC,UK,10,GBP,2025,304399,0.4254%,0.14606,1295,189.15,1230.41,33
"=""amzn1.ads-account.g.betoci5lb82z6jole1u6tt780""",Portwest FR,,"=""330209804597144""",SP - Bridging Promo until 4th Aug - Project Candy Low Bid - MJC,FR,9,EUR,2026,89758,0.1515%,0.14662,136,19.94,404.46,19
"=""amzn1.ads-account.g.bak81x0kttgh0i1ah3ezzzu2m""",Portwest PL,,"=""411231244404388""",Project Candy - Target Styles Q4 2024 - Auto Low Bid - MJC,PL,10,PLN,2025,19980,0.4104%,0.56012,82,45.93,63.47,6
"=""amzn1.ads-account.g.5dfl8rvx53v3cuqmb1snnubcf""",Portwest NL,,"=""443819118758041""",Bridging Promo 24 May - Project Candy Low Bid - MJC,NL,9,EUR,2026,16579,0.3317%,0.10800,55,5.94,85.92,2
"=""amzn1.ads-account.g.betoci5lb82z6jole1u6tt780""",Portwest FR,,"=""481907341387279""",Home and Garden 2025 - Project Candy - Auto Low Bid - MJC,FR,4,EUR,2026,667095,0.3269%,0.13044,2181,284.48,3829.98,146
"=""amzn1.ads-account.g.9mvvwnjt2tsmdz08926vlb17a""",Portwest DE,,"=""561617050692541""",Auto Low Bid - Q4 2023 - MJC,DE,9,EUR,2025,122358,0.2705%,0.22390,331,74.11,989.98,54
"=""amzn1.ads-account.g.betoci5lb82z6jole1u6tt780""",Portwest FR,,"=""410848499689009""",Store Spotlight SB FR (2) - SD,FR,9,EUR,2026,304484,0.0650%,0.16510,198,32.69,630.17,29
"=""amzn1.ads-account.g.6wubx539i9z2ina5h90v21w6e""",WWD - Workwear Depot,,"=""474399785060613""",SP - Project Candy Low Bid - New Styles - Phase One - MJC,US,9,USD,2026,1696,0.4717%,0.19000,8,1.52,0.00,0
"=""amzn1.ads-account.g.betoci5lb82z6jole1u6tt780""",Portwest FR,,"=""408313467426953""",Store Spotlight SB FR (Homepage) - SD,FR,11,EUR,2025,975607,0.1371%,0.15953,1338,213.45,605.86,37
"=""amzn1.ads-account.g.95u2ty2xhpic90diqqwzt6a2s""",Portwest USA,,"=""303569566619173""",High ROAS Top Styles - Medium bid Oct 2024 - JC,US,1,USD,2025,6745,0.7116%,0.80604,48,38.69,239.75,6
"=""amzn1.ads-account.g.8os9jbxe8uolgs0z0ka9qua0q""",Portwest ES,,"=""466433429362650""",Keyword Research Low Bid (Top Sellers) - BRD PHR - SD,ES,4,EUR,2026,173195,0.3655%,0.16297,633,103.16,1372.45,93
"=""amzn1.ads-account.g.9zovk6zrqsgpaj8x2od1sbl53""",Portwest - BE BISS - (Pan-EU),,"=""467986707928067""",SP - Project Candy - Bridging Promo - 22 Sep 2025 - Auto Low Bid - MJC,BE,2,EUR,2026,32720,0.9077%,0.12939,297,38.43,185.64,8
"=""amzn1.ads-account.g.6wubx539i9z2ina5h90v21w6e""",WWD - Workwear Depot,,"=""353455736089883""",SP - Project Candy Low Bid - Winning Terms - Profit - EXT - MJC,US,3,USD,2026,21187,0.6513%,0.23486,138,32.41,592.94,9
"=""amzn1.ads-account.g.mxheehzl72t4l5it1hfsk6xz""",Portwest SE,,"=""299122560843700""",SP - PBDD - Project Candy Low Bid - MJC,SE,9,SEK,2026,1730,0.2312%,1.64750,4,6.59,251.33,1
"=""amzn1.ads-account.g.6wubx539i9z2ina5h90v21w6e""",WWD - Workwear Depot,,"=""505622175738793""",DX4 Product Launch Auto - Low Bid Oct 2024 - JC,US,5,USD,2026,4152,1.3728%,0.23895,57,13.62,0.00,0
"=""amzn1.ads-account.g.6wubx539i9z2ina5h90v21w6e""",WWD - Workwear Depot,,"=""549574665294693""",SP - Catch All Low Bid - All Live Product - with Multi - MJC,US,2,USD,2026,144780,0.5988%,0.22502,867,195.09,1767.76,34
"=""amzn1.ads-account.g.95u2ty2xhpic90diqqwzt6a2s""",Portwest USA,,"=""347103425994483""",Display Ads Top Styles Converting Group 1 SD - Sep 2024 - JC,US,2,USD,2025,9140,0.4267%,1.23103,39,48.01,311.74,6
"=""amzn1.ads-account.g.1pajz8jo9dcmlcw2654w4ynhd""",Portwest Australia,,"=""313517393614726""",Push Q1 2024 - Auto Low Bid - MJC,AU,4,AUD,2025,85640,0.3678%,0.32143,315,101.25,1337.88,87
"=""amzn1.ads-account.g.95u2ty2xhpic90diqqwzt6a2s""",Portwest USA,,"=""457626057170726""",PAT Profit Top Styles - Exact - Oct 2024 - JC,US,7,USD,2025,3066,1.4351%,0.43477,44,19.13,239.70,7
"=""amzn1.ads-account.g.1pajz8jo9dcmlcw2654w4ynhd""",Portwest Australia,,"=""96146253128422""",Display Ads Converting H441,AU,5,AUD,2025,17,5.8824%,0.10000,1,0.10,0.00,0
"=""amzn1.ads-account.g.5dfl8rvx53v3cuqmb1snnubcf""",Portwest NL,,"=""475402648433849""",Bridging Promo 31 May - Project Candy Low Bid - MJC,NL,8,EUR,2026,32325,0.2939%,0.11926,95,11.33,59.36,3
"=""amzn1.ads-account.g.95u2ty2xhpic90diqqwzt6a2s""",Portwest USA,,"=""312353717160459""",SP - PRIME DAY - Project Candy Low Bid with Multi,US,10,USD,2025,1353656,0.4216%,0.33777,5707,1927.66,15390.68,288
"=""amzn1.ads-account.g.7qon60b3itwr4fzatg0h6r5fv""",Portwest IT,,"=""491583009841605""",SP - Bridging Promo until 4th Aug - Project Candy Low Bid - MJC,IT,11,EUR,2025,520270,0.4217%,0.16201,2194,355.46,2701.59,235
"=""amzn1.ads-account.g.7qon60b3itwr4fzatg0h6r5fv""",Portwest IT,,"=""365836086305490""",Keyword Research Low Bid Group 1 - BRD PHR Oct 2024 - JC,IT,3,EUR,2026,54095,0.4122%,0.11691,223,26.07,444.69,24
"=""amzn1.ads-account.g.8os9jbxe8uolgs0z0ka9qua0q""",Portwest ES,,"=""552946921964248""",Bridging Promo 31 May - Project Candy Low Bid - MJC,ES,11,EUR,2025,308404,0.2435%,0.17293,751,129.87,1184.22,36
"=""amzn1.ads-account.g.6wubx539i9z2ina5h90v21w6e""",WWD - Workwear Depot,,"=""92810336598365""",E - Auto Low Bid - May 2023 - MJC,US,5,USD,2025,7,0.0000%,,0,0.00,0.00,0
"=""amzn1.ads-account.g.8os9jbxe8uolgs0z0ka9qua0q""",Portwest ES,,"=""449211671742243""",Keyword Research Low Bid - BRD PHR - SD,ES,6,EUR,2026,13784,0.1669%,0.17696,23,4.07,0.00,0
"=""amzn1.ads-account.g.betoci5lb82z6jole1u6tt780""",Portwest FR,,"=""456555263277852""",Keyword Research Low Bid (New Selection) - BRD PHR - SD,FR,9,EUR,2025,431662,0.5293%,0.18221,2285,416.35,6903.30,389
"=""amzn1.ads-account.g.9mvvwnjt2tsmdz08926vlb17a""",Portwest DE,,"=""382463996411738""",SP - Project Candy - Bridging Promo - 5 Sep 2025 - Auto Low Bid - MJC,DE,10,EUR,2025,1135019,0.2489%,0.17350,2825,490.13,3538.20,171
"=""amzn1.ads-account.g.95u2ty2xhpic90diqqwzt6a2s""",Portwest USA,,"=""409405592960837""",Profit Expand Group 4 - Low Bid BRD & PHR - JC,US,7,USD,2025,256092,0.8458%,0.29594,2166,641.01,5893.18,381
"=""amzn1.ads-account.g.6wubx539i9z2ina5h90v21w6e""",WWD - Workwear Depot,,"=""349831502064744""",SP - Project Candy Low Bid - Seller Focus Styles - MJC,US,9,USD,2025,91453,0.4232%,0.20090,387,77.75,821.83,19
"=""amzn1.ads-account.g.95u2ty2xhpic90diqqwzt6a2s""",Portwest USA,,"=""449935138966310""",Project Candy V3 - Top 100 (May 2025) - Auto Low Bid with Multi - MJC,US,6,USD,2026,9656,1.3774%,0.27346,133,36.37,419.19,16
"=""amzn1.ads-account.g.5dfl8rvx53v3cuqmb1snnubcf""",Portwest NL,,"=""420604139575816""",SP - Project Candy - Bridging Promo - 22 Sep 2025 - Auto Low Bid - MJC,NL,12,EUR,2025,106418,0.4999%,0.11211,532,59.64,880.61,38
"=""amzn1.ads-account.g.1pajz8jo9dcmlcw2654w4ynhd""",Portwest Australia,,"=""82479822838699""",Auto Low Bid - Unhealthy Inventory V2 - MJC,AU,1,AUD,2025,240852,0.2632%,0.25244,634,160.05,1300.11,64
"=""amzn1.ads-account.g.95u2ty2xhpic90diqqwzt6a2s""",Portwest USA,,"=""303569566619173""",High ROAS Top Styles - Medium bid Oct 2024 - JC,US,9,USD,2025,1727,0.4632%,0.70000,8,5.60,0.00,0
"=""amzn1.ads-account.g.8os9jbxe8uolgs0z0ka9qua0q""",Portwest ES,,"=""416857271027890""",SP - Bridging Promo 5th August 2025,ES,9,EUR,2025,1506882,0.3719%,0.16021,5604,897.80,4840.12,520
"=""amzn1.ads-account.g.95u2ty2xhpic90diqqwzt6a2s""",Portwest USA,,"=""404384002405554""",Style Specific - UH447 - Keyword Research Low Bid (0.25) - BRD PHR - Dayparting 25 Increase Weekdays - MJC,US,12,USD,2025,0,,,0,0.00,0.00,0
"=""amzn1.ads-account.g.1pajz8jo9dcmlcw2654w4ynhd""",Portwest Australia,,"=""313517393614726""",Push Q1 2024 - Auto Low Bid - MJC,AU,2,AUD,2026,119995,0.3825%,0.36771,459,168.78,1579.06,88
"=""amzn1.ads-account.g.9mvvwnjt2tsmdz08926vlb17a""",Portwest DE,,"=""309290485231754""",Display Ads Converting SP SD,DE,11,EUR,2025,8649,0.2544%,0.50136,22,11.03,42.34,2
"=""amzn1.ads-account.g.7qon60b3itwr4fzatg0h6r5fv""",Portwest IT,,"=""365836086305490""",Keyword Research Low Bid Group 1 - BRD PHR Oct 2024 - JC,IT,7,EUR,2025,64641,0.2599%,0.14798,168,24.86,201.45,11
"=""amzn1.ads-account.g.9mvvwnjt2tsmdz08926vlb17a""",Portwest DE,,"=""358197710343541""",Project Candy - Converting EXT - 20240711,DE,6,EUR,2026,41050,0.4482%,0.23380,184,43.02,608.61,41
"=""amzn1.ads-account.g.5dfl8rvx53v3cuqmb1snnubcf""",Portwest NL,,"=""475402648433849""",Bridging Promo 31 May - Project Candy Low Bid - MJC,NL,5,EUR,2026,22357,0.3355%,0.09507,75,7.13,144.70,3
"=""amzn1.ads-account.g.1pajz8jo9dcmlcw2654w4ynhd""",Portwest Australia,,"=""185974181413231""",SP - Keyword Gaps vs UK - PHR EXT - Fixed Bid (0.6) - MJC,AU,6,AUD,2026,16774,0.8227%,0.52406,138,72.32,623.82,27
"=""amzn1.ads-account.g.9zovk6zrqsgpaj8x2od1sbl53""",Portwest - BE BISS - (Pan-EU),,"=""377546417761236""",Auto All - EURO Expansion 4 - Campaign B - MJC,BE,5,EUR,2025,71275,0.8755%,0.09827,624,61.32,1479.66,100
"=""amzn1.ads-account.g.7qon60b3itwr4fzatg0h6r5fv""",Portwest IT,,"=""394086876968340""",PAT Profit Style - Low bid EXT and EXP Oct 2024 - JC,IT,7,EUR,2026,33840,0.6383%,0.16343,216,35.30,580.51,23
"=""amzn1.ads-account.g.6wubx539i9z2ina5h90v21w6e""",WWD - Workwear Depot,,"=""317606326104162""",Auto Low Bid - Seller Push May 2024 - MJC,US,1,USD,2026,8550,0.7018%,0.22700,60,13.62,0.00,0
"=""amzn1.ads-account.g.1pajz8jo9dcmlcw2654w4ynhd""",Portwest Australia,,"=""127908567131055""",Auto All Low Bid MJC,AU,1,AUD,2025,96292,0.1932%,0.17699,186,32.92,399.67,19
"=""amzn1.ads-account.g.8os9jbxe8uolgs0z0ka9qua0q""",Portwest ES,,"=""547962426196207""",Auto Low Bid - Q1 2024 - Feb Deals - MJC,ES,11,EUR,2025,456275,0.2196%,0.13987,1002,140.15,499.56,23
"=""amzn1.ads-account.g.1pajz8jo9dcmlcw2654w4ynhd""",Portwest Australia,,"=""74703476074231""",Profit PAT MJC,AU,8,AUD,2026,2508,1.3557%,0.34441,34,11.71,106.83,6
"=""amzn1.ads-account.g.6wubx539i9z2ina5h90v21w6e""",WWD - Workwear Depot,,"=""316861580179555""",Auto Low Bid April MJC 24,US,7,USD,2026,296,2.0270%,0.21000,6,1.26,35.99,1
"=""amzn1.ads-account.g.95u2ty2xhpic90diqqwzt6a2s""",Portwest USA,,"=""345133918085337""",Keyword Research Low Bid - BRD PHR - JC,US,1,USD,2025,408297,0.4129%,0.28228,1686,475.92,4567.85,112
"=""amzn1.ads-account.g.9zovk6zrqsgpaj8x2od1sbl53""",Portwest - BE BISS - (Pan-EU),,"=""480650557145400""",SP - PBDD - Project Candy Low Bid - MJC,BE,1,EUR,2026,10043,1.2446%,0.12816,125,16.02,440.82,12
"=""amzn1.ads-account.g.8os9jbxe8uolgs0z0ka9qua0q""",Portwest ES,,"=""480938456434366""",SP - UK Gap Products - Project Candy - Auto Low Bid - MJC,ES,7,EUR,2026,96645,0.4398%,0.13452,425,57.17,894.71,47
"=""amzn1.ads-account.g.1pajz8jo9dcmlcw2654w4ynhd""",Portwest Australia,,"=""519274833218421""",Facemasks - Keyword Res - All Match Types - MJC,AU,11,AUD,2025,14456,0.8647%,0.74720,125,93.40,395.82,27
"=""amzn1.ads-account.g.7qon60b3itwr4fzatg0h6r5fv""",Portwest IT,,"=""432140609662787""",SP - UK Gap Products - Project Candy - Auto Low Bid - MJC,IT,6,EUR,2025,649986,0.3357%,0.13760,2182,300.24,3337.76,172
"=""amzn1.ads-account.g.1pajz8jo9dcmlcw2654w4ynhd""",Portwest Australia,,"=""313517393614726""",Push Q1 2024 - Auto Low Bid - MJC,AU,7,AUD,2026,166464,0.4457%,0.44478,742,330.03,1859.75,82
"=""amzn1.ads-account.g.1pajz8jo9dcmlcw2654w4ynhd""",Portwest Australia,,"=""413015514693012""",New Respirator Masks - PAT (From Aoife) - MJC,AU,11,AUD,2025,11,0.0000%,,0,0.00,0.00,0
"=""amzn1.ads-account.g.1pajz8jo9dcmlcw2654w4ynhd""",Portwest Australia,,"=""463416327324191""",Growers - Auto Low Bid - MJC,AU,4,AUD,2025,42635,0.3987%,0.29953,170,50.92,219.43,13
"=""amzn1.ads-account.g.9mvvwnjt2tsmdz08926vlb17a""",Portwest DE,,"=""358197710343541""",Project Candy - Converting EXT - 20240711,DE,4,EUR,2026,34368,0.4626%,0.23667,159,37.63,612.93,35
"=""amzn1.ads-account.g.5dfl8rvx53v3cuqmb1snnubcf""",Portwest NL,,"=""360807979703590""",Auto Low Bid - Q4 2023 - MJC,NL,3,EUR,2026,1033,0.1936%,0.13500,2,0.27,0.00,0
"=""amzn1.ads-account.g.1pajz8jo9dcmlcw2654w4ynhd""",Portwest Australia,,"=""514462827169654""",SP - PRIME DAY - Project Candy Low Bid with Multi,AU,7,AUD,2025,715637,0.3960%,0.35068,2834,993.83,7678.38,324
"=""amzn1.ads-account.g.9mvvwnjt2tsmdz08926vlb17a""",Portwest DE,,"=""184430825120105""",PAT Competitor - C733 (CY),DE,4,EUR,2025,60378,0.7933%,0.39148,479,187.52,2250.06,134
"=""amzn1.ads-account.g.95u2ty2xhpic90diqqwzt6a2s""",Portwest USA,,"=""552636415923349""",Auto Low Bid - Vendor Push March 2024 - MJC,US,9,USD,2025,44325,0.5099%,0.23106,226,52.22,336.86,16
"=""amzn1.ads-account.g.9mvvwnjt2tsmdz08926vlb17a""",Portwest DE,,"=""505347070762714""",SP - Project Candy - Bridging Promo - 22 Sep 2025 - Auto Low Bid - MJC,DE,10,EUR,2025,1273724,0.2538%,0.17498,3233,565.70,2778.25,151
"=""amzn1.ads-account.g.6wubx539i9z2ina5h90v21w6e""",WWD - Workwear Depot,,"=""367477579971086""",SP - Project Candy Low Bid - Converting Terms - Profit Expand - PHR - MJC,US,9,USD,2026,309,0.6472%,0.20000,2,0.40,0.00,0
"=""amzn1.ads-account.g.95u2ty2xhpic90diqqwzt6a2s""",Portwest USA,,"=""466909516541266""",Keyword Research 2 Low Bid - BRD PHR - JC,US,1,USD,2025,272202,0.0937%,0.28584,255,72.89,2888.16,107
"=""amzn1.ads-account.g.1pajz8jo9dcmlcw2654w4ynhd""",Portwest Australia,,"=""371634636717287""",Manual Profit Expand BRD PHR Low Bid - Q2 2024 - MJC,AU,8,AUD,2026,21528,0.7804%,0.19548,168,32.84,301.48,17
"=""amzn1.ads-account.g.6wubx539i9z2ina5h90v21w6e""",WWD - Workwear Depot,,"=""129758628454478""",UH440 - Auto - May 2023,US,6,USD,2025,12641,0.7436%,0.63319,94,59.52,192.88,5
"=""amzn1.ads-account.g.betoci5lb82z6jole1u6tt780""",Portwest FR,,"=""375571445949915""",Keyword Research Low Bid - BRD PHR - SD,FR,7,EUR,2026,121977,0.2173%,0.16457,265,43.61,1354.82,63
"=""amzn1.ads-account.g.8os9jbxe8uolgs0z0ka9qua0q""",Portwest ES,,"=""440075957309509""",SP - Bridging Promo until 4th Aug - Project Candy Low Bid - MJC,ES,8,EUR,2025,1064376,0.2985%,0.16131,3177,512.49,2851.06,353
"=""amzn1.ads-account.g.betoci5lb82z6jole1u6tt780""",Portwest FR,,"=""456555263277852""",Keyword Research Low Bid (New Selection) - BRD PHR - SD,FR,7,EUR,2025,178149,0.2447%,0.18234,436,79.50,902.16,53
"=""amzn1.ads-account.g.1pajz8jo9dcmlcw2654w4ynhd""",Portwest Australia,,"=""483038863547527""",New Respirator Masks - Auto - MJC,AU,11,AUD,2025,24351,0.7145%,0.34287,174,59.66,895.15,57
"=""amzn1.ads-account.g.6wubx539i9z2ina5h90v21w6e""",WWD - Workwear Depot,,"=""278469250312380""",A - Auto Low Bid - May 2023 - MJC,US,9,USD,2026,95,0.0000%,,0,0.00,0.00,0
"=""amzn1.ads-account.g.1pajz8jo9dcmlcw2654w4ynhd""",Portwest Australia,,"=""296844823415113""",C734_Auto_Low_Bid_AH Copy 1,AU,5,AUD,2025,260,0.7692%,0.07500,2,0.15,0.00,0
"=""amzn1.ads-account.g.mxheehzl72t4l5it1hfsk6xz""",Portwest SE,,"=""329244351830333""",Droppers (From UK) - Auto Low Bid - MJC,SE,2,SEK,2026,10555,0.3979%,1.01071,42,42.45,4155.98,21
"=""amzn1.ads-account.g.mxheehzl72t4l5it1hfsk6xz""",Portwest SE,,"=""508987492133915""",Growers (From UK) - Auto Low Bid - MJC,SE,8,SEK,2026,22746,0.5100%,1.30138,116,150.96,918.47,5
"=""amzn1.ads-account.g.9mvvwnjt2tsmdz08926vlb17a""",Portwest DE,,"=""234439264649803""",PAT Competitor - S999 (CY),DE,11,EUR,2025,10394,0.3656%,0.40395,38,15.35,17.42,1
"=""amzn1.ads-account.g.95u2ty2xhpic90diqqwzt6a2s""",Portwest USA,,"=""310313949746032""",Growers - Auto Low Bid - MJC,US,4,USD,2025,146949,0.3818%,0.24481,561,137.34,1727.46,55
"=""amzn1.ads-account.g.8os9jbxe8uolgs0z0ka9qua0q""",Portwest ES,,"=""536026367346324""",Project Candy - Converting EXT - 20240711,ES,4,EUR,2025,14046,0.3560%,0.15220,50,7.61,265.95,6
"=""amzn1.ads-account.g.1pajz8jo9dcmlcw2654w4ynhd""",Portwest Australia,,"=""519485767745737""",Keyword Research Low Bid - BRD PHR - AH,AU,1,AUD,2026,16695,0.7248%,0.46091,121,55.77,594.68,14
"=""amzn1.ads-account.g.betoci5lb82z6jole1u6tt780""",Portwest FR,,"=""148284969926993""",Droppers - Auto Low Bid - MJC,FR,3,EUR,2025,595784,0.4574%,0.15596,2725,424.99,8010.14,472
"=""amzn1.ads-account.g.1pajz8jo9dcmlcw2654w4ynhd""",Portwest Australia,,"=""257891712755572""",Profit MJC,AU,4,AUD,2025,7765,0.9530%,0.81581,74,60.37,910.86,34
"=""amzn1.ads-account.g.95u2ty2xhpic90diqqwzt6a2s""",Portwest USA,,"=""462325957755715""",B2B Only 500% Multi Test - Project Candy Low Bid - MJC,US,9,USD,2026,6209,0.9180%,0.58263,57,33.21,656.00,25
"=""amzn1.ads-account.g.5dfl8rvx53v3cuqmb1snnubcf""",Portwest NL,,"=""485435109277305""",Home and Garden 2025 - Project Candy - Auto Low Bid - MJC,NL,7,EUR,2026,15767,0.3235%,0.10549,51,5.38,0.00,0
"=""amzn1.ads-account.g.betoci5lb82z6jole1u6tt780""",Portwest FR,,"=""408313467426953""",Store Spotlight SB FR (Homepage) - SD,FR,5,EUR,2025,1062278,0.0478%,0.14630,508,74.32,274.18,10
"=""amzn1.ads-account.g.7qon60b3itwr4fzatg0h6r5fv""",Portwest IT,,"=""499173945259706""",Project Candy - Target Styles Q4 2024 - Auto Low Bid - MJC,IT,4,EUR,2026,218416,0.5938%,0.19540,1297,253.43,3337.64,151
"=""amzn1.ads-account.g.6wubx539i9z2ina5h90v21w6e""",WWD - Workwear Depot,,"=""403581243770082""",Focus Styles (Top Selling Seller) - Auto Low Bid June 2023 - MJC,US,12,USD,2025,28608,0.5348%,0.37203,153,56.92,69.98,2
"=""amzn1.ads-account.g.8os9jbxe8uolgs0z0ka9qua0q""",Portwest ES,,"=""536026367346324""",Project Candy - Converting EXT - 20240711,ES,3,EUR,2025,16234,0.4004%,0.14231,65,9.25,102.02,7
"=""amzn1.ads-account.g.95u2ty2xhpic90diqqwzt6a2s""",Portwest USA,,"=""533532889300124""",Auto Low Bid - Vendor Push May 2024 - MJC,US,7,USD,2025,144982,0.6394%,0.23485,927,217.71,1394.45,77
"=""amzn1.ads-account.g.9mvvwnjt2tsmdz08926vlb17a""",Portwest DE,,"=""55994507565416""",Auto Campaign - C733 (CY),DE,4,EUR,2025,12224,0.1800%,0.38955,22,8.57,97.06,6
"=""amzn1.ads-account.g.6wubx539i9z2ina5h90v21w6e""",WWD - Workwear Depot,,"=""367477579971086""",SP - Project Candy Low Bid - Converting Terms - Profit Expand - PHR - MJC,US,6,USD,2026,5000,0.3600%,0.19056,18,3.43,0.00,0
"=""amzn1.ads-account.g.9mvvwnjt2tsmdz08926vlb17a""",Portwest DE,,"=""533829515195503""",SP - UK Gap Products - Project Candy - Auto Low Bid - MJC,DE,10,EUR,2025,573827,0.3457%,0.15328,1984,304.10,2406.72,105
"=""amzn1.ads-account.g.95u2ty2xhpic90diqqwzt6a2s""",Portwest USA,,"=""401424375599724""",Store Spotlight 2 SB - Nov 2024 - JC,US,1,USD,2025,288407,0.0985%,0.20944,284,59.48,602.36,19
"=""amzn1.ads-account.g.95u2ty2xhpic90diqqwzt6a2s""",Portwest USA,,"=""415107248963968""",Profit Focus Top Styles - Exact - Oct 2024 - JC,US,10,USD,2025,4245,0.4476%,0.77105,19,14.65,77.98,2
"=""amzn1.ads-account.g.9mvvwnjt2tsmdz08926vlb17a""",Portwest DE,,"=""382463996411738""",SP - Project Candy - Bridging Promo - 5 Sep 2025 - Auto Low Bid - MJC,DE,11,EUR,2025,774740,0.2976%,0.17503,2306,403.62,3399.83,157
"=""amzn1.ads-account.g.9mvvwnjt2tsmdz08926vlb17a""",Portwest DE,,"=""339739082571714""",Auto Low Bid - Q1 2024 - Feb Deals - MJC,DE,5,EUR,2025,560557,0.2349%,0.17898,1317,235.72,3770.23,131
"=""amzn1.ads-account.g.7qon60b3itwr4fzatg0h6r5fv""",Portwest IT,,"=""421546352398518""",SP - PRIME DAY - Project Candy Low Bid with Multi,IT,12,EUR,2025,7137369,0.2434%,0.19551,17375,3397.00,20056.63,610
"=""amzn1.ads-account.g.95u2ty2xhpic90diqqwzt6a2s""",Portwest USA,,"=""378183114449311""",Store Spotlight SB - Oct 2024 - JC,US,10,USD,2025,726201,0.0383%,0.19924,278,55.39,374.08,12
"=""amzn1.ads-account.g.95u2ty2xhpic90diqqwzt6a2s""",Portwest USA,,"=""401424375599724""",Store Spotlight 2 SB - Nov 2024 - JC,US,11,USD,2025,11203,0.9640%,0.26278,108,28.38,0.00,0
"=""amzn1.ads-account.g.1pajz8jo9dcmlcw2654w4ynhd""",Portwest Australia,,"=""411010298200586""",Store Spotlight SB - SD,AU,4,AUD,2026,474913,0.1491%,0.19705,708,139.51,2441.92,70
"=""amzn1.ads-account.g.8os9jbxe8uolgs0z0ka9qua0q""",Portwest ES,,"=""440075957309509""",SP - Bridging Promo until 4th Aug - Project Candy Low Bid - MJC,ES,10,EUR,2025,440123,0.3951%,0.15631,1739,271.83,1952.81,166
"=""amzn1.ads-account.g.1pajz8jo9dcmlcw2654w4ynhd""",Portwest Australia,,"=""476491807026648""",2852 - Top Seller - Auto Low Bid - MJC,AU,9,AUD,2025,803,0.6227%,0.53800,5,2.69,0.00,0
"=""amzn1.ads-account.g.6wubx539i9z2ina5h90v21w6e""",WWD - Workwear Depot,,"=""452633343590190""",SP - Elbow Pads - Auto Sugg Bid - MJC,UK,2,GBP,2025,14121,0.7011%,0.87768,99,86.89,41.60,5
"=""amzn1.ads-account.g.1pajz8jo9dcmlcw2654w4ynhd""",Portwest Australia,,"=""483038863547527""",New Respirator Masks - Auto - MJC,AU,10,AUD,2025,39674,0.5545%,0.38973,220,85.74,1061.50,63
"=""amzn1.ads-account.g.1pajz8jo9dcmlcw2654w4ynhd""",Portwest Australia,,"=""228877476300003""",Auto Low Bid - April 2023 - All Styles - MJC,AU,7,AUD,2025,499472,0.4002%,0.21862,1999,437.02,7148.61,284
"=""amzn1.ads-account.g.7qon60b3itwr4fzatg0h6r5fv""",Portwest IT,,"=""320546710532715""",Bridging Promo 31 May - Project Candy Low Bid - MJC,IT,9,EUR,2025,347358,0.4520%,0.18332,1570,287.81,2359.43,106
"=""amzn1.ads-account.g.6wubx539i9z2ina5h90v21w6e""",WWD - Workwear Depot,,"=""345431107373344""",SP - B2B Auto Low Bid - MC,US,3,USD,2026,15034,0.4922%,0.35324,74,26.14,2148.21,60
"=""amzn1.ads-account.g.7qon60b3itwr4fzatg0h6r5fv""",Portwest IT,,"=""501655278304804""",Growers - Auto Low Bid - MJC,IT,6,EUR,2026,114892,0.5414%,0.08969,622,55.79,1469.00,90
"=""amzn1.ads-account.g.betoci5lb82z6jole1u6tt780""",Portwest FR,,"=""431361080682482""",SP - PRIME DAY - Project Candy Low Bid with Multi,FR,1,EUR,2026,2052492,0.3238%,0.18931,6646,1258.16,22172.99,818
"=""amzn1.ads-account.g.95u2ty2xhpic90diqqwzt6a2s""",Portwest USA,,"=""415107248963968""",Profit Focus Top Styles - Exact - Oct 2024 - JC,US,2,USD,2025,10323,0.7362%,0.55803,76,42.41,2243.74,31
"=""amzn1.ads-account.g.7qon60b3itwr4fzatg0h6r5fv""",Portwest IT,,"=""487996402016430""",SP - B2B Auto Low Bid - MC,IT,12,EUR,2025,101472,0.4711%,0.27571,478,131.79,5845.56,246
"=""amzn1.ads-account.g.5dfl8rvx53v3cuqmb1snnubcf""",Portwest NL,,"=""389075736151395""",Auto All - EURO Expansion 4 - Campaign B - MJC,NL,5,EUR,2025,108096,0.3830%,0.05089,414,21.07,892.85,61
"=""amzn1.ads-account.g.95u2ty2xhpic90diqqwzt6a2s""",Portwest USA,,"=""361201165946376""",Home and Garden - Project Candy - Auto Low Bid - MJC,US,7,USD,2026,40588,0.9264%,0.26699,376,100.39,43.58,2
"=""amzn1.ads-account.g.7qon60b3itwr4fzatg0h6r5fv""",Portwest IT,,"=""379427410422618""",SP - Bridging Promo 5th August 2025,IT,8,EUR,2025,1936997,0.3152%,0.16362,6105,998.93,5534.23,502
"=""amzn1.ads-account.g.95u2ty2xhpic90diqqwzt6a2s""",Portwest USA,,"=""457626057170726""",PAT Profit Top Styles - Exact - Oct 2024 - JC,US,1,USD,2025,17409,1.5796%,0.62982,275,173.20,790.07,36
"=""amzn1.ads-account.g.7qon60b3itwr4fzatg0h6r5fv""",Portwest IT,,"=""344146066785323""",SP - Project Candy Auto Low Bid - Bridging Promo - 22 Sep - MJC,IT,3,EUR,2026,1600596,0.2438%,0.10822,3903,422.38,3838.75,143
"=""amzn1.ads-account.g.6wubx539i9z2ina5h90v21w6e""",WWD - Workwear Depot,,"=""92810336598365""",E - Auto Low Bid - May 2023 - MJC,US,3,USD,2025,160,0.0000%,,0,0.00,0.00,0
"=""amzn1.ads-account.g.1pajz8jo9dcmlcw2654w4ynhd""",Portwest Australia,,"=""110745821211934""",Display Ads Converting A310,AU,12,AUD,2025,4,0.0000%,,0,0.00,0.00,0
"=""amzn1.ads-account.g.1pajz8jo9dcmlcw2654w4ynhd""",Portwest Australia,,"=""86138486298904""",Display Ads Converting A620,AU,6,AUD,2026,1,0.0000%,,0,0.00,0.00,0
"=""amzn1.ads-account.g.9zovk6zrqsgpaj8x2od1sbl53""",Portwest - BE BISS - (Pan-EU),,"=""385469476566499""",Bridging Promo 31 May - Project Candy Low Bid - MJC,BE,10,EUR,2025,3968,1.1845%,0.13979,47,6.57,137.30,5
"=""amzn1.ads-account.g.1pajz8jo9dcmlcw2654w4ynhd""",Portwest Australia,,"=""56584912532417""",Converting from Other Channels - MJC,AU,5,AUD,2026,1231,0.0812%,0.95000,1,0.95,0.00,0
"=""amzn1.ads-account.g.1pajz8jo9dcmlcw2654w4ynhd""",Portwest Australia,,"=""327823251042498""",Display Ads Converting SP AH,AU,12,AUD,2025,7948,0.2265%,0.62556,18,11.26,0.00,0
"=""amzn1.ads-account.g.1pajz8jo9dcmlcw2654w4ynhd""",Portwest Australia,,"=""483038863547527""",New Respirator Masks - Auto - MJC,AU,8,AUD,2025,37232,0.6500%,0.36302,242,87.85,947.18,61
"=""amzn1.ads-account.g.8os9jbxe8uolgs0z0ka9qua0q""",Portwest ES,,"=""414379648842481""",SP - B2B Auto Low Bid - MC,ES,4,EUR,2026,48298,0.4617%,0.26767,223,59.69,2441.68,135
"=""amzn1.ads-account.g.betoci5lb82z6jole1u6tt780""",Portwest FR,,"=""375571445949915""",Keyword Research Low Bid - BRD PHR - SD,FR,1,EUR,2026,489871,0.3446%,0.17336,1688,292.63,3772.02,140
"=""amzn1.ads-account.g.7qon60b3itwr4fzatg0h6r5fv""",Portwest IT,,"=""499173945259706""",Project Candy - Target Styles Q4 2024 - Auto Low Bid - MJC,IT,3,EUR,2025,1506543,0.2645%,0.17907,3985,713.59,7155.15,336
"=""amzn1.ads-account.g.6wubx539i9z2ina5h90v21w6e""",WWD - Workwear Depot,,"=""345431107373344""",SP - B2B Auto Low Bid - MC,US,4,USD,2026,7918,0.7578%,0.36850,60,22.11,1188.41,31
"=""amzn1.ads-account.g.1pajz8jo9dcmlcw2654w4ynhd""",Portwest Australia,,"=""411010298200586""",Store Spotlight SB - SD,AU,5,AUD,2026,488058,0.1572%,0.19030,767,145.96,3300.97,86
"=""amzn1.ads-account.g.6wubx539i9z2ina5h90v21w6e""",WWD - Workwear Depot,,"=""549574665294693""",SP - Catch All Low Bid - All Live Product - with Multi - MJC,US,1,USD,2026,134891,0.5256%,0.20639,709,146.33,1274.76,24
"=""amzn1.ads-account.g.bak81x0kttgh0i1ah3ezzzu2m""",Portwest PL,,"=""399671753980737""",Growers (From UK) - Auto Low Bid - MJC,PL,8,PLN,2025,7328,0.2729%,0.28100,20,5.62,59.76,1
"=""amzn1.ads-account.g.1pajz8jo9dcmlcw2654w4ynhd""",Portwest Australia,,"=""396025250237617""",Manual Profit EXT Low Bid - Q2 2024 - MJC,AU,6,AUD,2025,12795,0.5002%,0.26641,64,17.05,178.70,6
"=""amzn1.ads-account.g.7qon60b3itwr4fzatg0h6r5fv""",Portwest IT,,"=""365836086305490""",Keyword Research Low Bid Group 1 - BRD PHR Oct 2024 - JC,IT,9,EUR,2025,127661,0.4152%,0.13632,530,72.25,594.21,36
"=""amzn1.ads-account.g.mxheehzl72t4l5it1hfsk6xz""",Portwest SE,,"=""508987492133915""",Growers (From UK) - Auto Low Bid - MJC,SE,1,SEK,2025,10810,0.4533%,0.71939,49,35.25,690.53,2
"=""amzn1.ads-account.g.95u2ty2xhpic90diqqwzt6a2s""",Portwest USA,,"=""408324720320680""",(B2B Multiplier Test) - Profit Expand Group 1 - Low Bid BRD & PHR - JC,US,9,USD,2025,46486,0.6152%,0.28839,286,82.48,666.49,13
"=""amzn1.ads-account.g.1pajz8jo9dcmlcw2654w4ynhd""",Portwest Australia,,"=""413015514693012""",New Respirator Masks - PAT (From Aoife) - MJC,AU,4,AUD,2026,29,0.0000%,,0,0.00,0.00,0
"=""amzn1.ads-account.g.1pajz8jo9dcmlcw2654w4ynhd""",Portwest Australia,,"=""534285577334243""",Project Candy V3 - Top 100 (May 2025) - Auto Low Bid with Multi - MJC,AU,4,AUD,2026,257983,0.6415%,0.45022,1655,745.12,7624.21,382
"=""amzn1.ads-account.g.9mvvwnjt2tsmdz08926vlb17a""",Portwest DE,,"=""191386157012832""",Growers - Auto Low Bid - MJC,DE,6,EUR,2025,361423,0.3821%,0.20120,1381,277.86,3673.12,225
"=""amzn1.ads-account.g.95u2ty2xhpic90diqqwzt6a2s""",Portwest USA,,"=""547236964747932""",Manual Profit EXT Low Bid - December 2023 - MJC,US,11,USD,2025,943,0.1060%,0.25000,1,0.25,0.00,0
"=""amzn1.ads-account.g.mxheehzl72t4l5it1hfsk6xz""",Portwest SE,,"=""523189388917025""",SP - Project Candy Auto Low Bid - Bridging Promo - 22 Sep - MJC,SE,3,SEK,2026,13639,0.2786%,1.12026,38,42.57,113.22,1
"=""amzn1.ads-account.g.1pajz8jo9dcmlcw2654w4ynhd""",Portwest Australia,,"=""74703476074231""",Profit PAT MJC,AU,1,AUD,2025,4369,0.5493%,0.22125,24,5.31,17.18,1
"=""amzn1.ads-account.g.5dfl8rvx53v3cuqmb1snnubcf""",Portwest NL,,"=""481032442344858""",Auto Low Bid - Q1 2024 - Feb Deals - MJC,NL,8,EUR,2026,79412,0.1549%,0.12179,123,14.98,72.97,6
"=""amzn1.ads-account.g.5dfl8rvx53v3cuqmb1snnubcf""",Portwest NL,,"=""389075736151395""",Auto All - EURO Expansion 4 - Campaign B - MJC,NL,2,EUR,2026,93149,0.4552%,0.07502,424,31.81,850.18,46
"=""amzn1.ads-account.g.1pajz8jo9dcmlcw2654w4ynhd""",Portwest Australia,,"=""519485767745737""",Keyword Research Low Bid - BRD PHR - AH,AU,7,AUD,2026,76943,0.4575%,0.42082,352,148.13,2603.39,59
"=""amzn1.ads-account.g.betoci5lb82z6jole1u6tt780""",Portwest FR,,"=""201893153506278""",Droppers - Profit - MJC,FR,9,EUR,2026,4689,0.2772%,0.15923,13,2.07,6.66,1
"=""amzn1.ads-account.g.7qon60b3itwr4fzatg0h6r5fv""",Portwest IT,,"=""320546710532715""",Bridging Promo 31 May - Project Candy Low Bid - MJC,IT,9,EUR,2026,20493,0.9369%,0.14391,192,27.63,580.56,18
"=""amzn1.ads-account.g.6wubx539i9z2ina5h90v21w6e""",WWD - Workwear Depot,,"=""129758628454478""",UH440 - Auto - May 2023,US,5,USD,2026,12447,0.2410%,0.49300,30,14.79,95.98,2
"=""amzn1.ads-account.g.mxheehzl72t4l5it1hfsk6xz""",Portwest SE,,"=""329244351830333""",Droppers (From UK) - Auto Low Bid - MJC,SE,3,SEK,2025,10189,0.4122%,0.80714,42,33.90,866.16,3
"=""amzn1.ads-account.g.95u2ty2xhpic90diqqwzt6a2s""",Portwest USA,,"=""290980976603020""",Auto Low Bid - BTR Push August 2024 - JC,US,4,USD,2025,490,0.4082%,0.17000,2,0.34,0.00,0
"=""amzn1.ads-account.g.1pajz8jo9dcmlcw2654w4ynhd""",Portwest Australia,,"=""411010298200586""",Store Spotlight SB - SD,AU,12,AUD,2025,256217,0.1315%,0.17009,337,57.32,1062.81,34
"=""amzn1.ads-account.g.95u2ty2xhpic90diqqwzt6a2s""",Portwest USA,,"=""360269261984589""",Vendor Purchased - Not Advertised (Sep 2023) - Auto Low Bid - MJC,US,6,USD,2025,80949,0.6028%,0.18158,488,88.61,432.41,11
"=""amzn1.ads-account.g.95u2ty2xhpic90diqqwzt6a2s""",Portwest USA,,"=""449935138966310""",Project Candy V3 - Top 100 (May 2025) - Auto Low Bid with Multi - MJC,US,8,USD,2026,29141,1.8428%,0.28939,537,155.40,1638.70,56
"=""amzn1.ads-account.g.95u2ty2xhpic90diqqwzt6a2s""",Portwest USA,,"=""541135041482838""",Vendor Auto Low Bid - Focus Ranges - Nov 2023 - MJC,US,9,USD,2025,3366,0.4456%,0.20467,15,3.07,128.42,3
"=""amzn1.ads-account.g.8os9jbxe8uolgs0z0ka9qua0q""",Portwest ES,,"=""391149768868824""",Bridging Promo 17 May - Project Candy Low Bid - MJC,ES,7,EUR,2025,196548,0.2086%,0.18439,410,75.60,630.40,21
"=""amzn1.ads-account.g.betoci5lb82z6jole1u6tt780""",Portwest FR,,"=""456555263277852""",Keyword Research Low Bid (New Selection) - BRD PHR - SD,FR,8,EUR,2025,318059,0.2751%,0.17795,875,155.71,2510.04,155
"=""amzn1.ads-account.g.bak81x0kttgh0i1ah3ezzzu2m""",Portwest PL,,"=""538515140167827""",Bridging Promo 31 May - Project Candy Low Bid - MJC,PL,9,PLN,2025,31325,0.0830%,0.48462,26,12.60,0.00,0
"=""amzn1.ads-account.g.betoci5lb82z6jole1u6tt780""",Portwest FR,,"=""370127154989503""",Auto Low Bid - Q4 2023 - MJC,FR,12,EUR,2025,380688,0.2280%,0.15211,868,132.03,1561.88,64
"=""amzn1.ads-account.g.9mvvwnjt2tsmdz08926vlb17a""",Portwest DE,,"=""533829515195503""",SP - UK Gap Products - Project Candy - Auto Low Bid - MJC,DE,1,EUR,2026,1370967,0.2584%,0.14808,3542,524.50,4864.70,134
"=""amzn1.ads-account.g.mxheehzl72t4l5it1hfsk6xz""",Portwest SE,,"=""293264327574712""",Auto All - EURO Expansion 4 V2 - Campaign A - MJC,SE,1,SEK,2026,160277,0.4293%,0.77273,688,531.64,2939.14,22
"=""amzn1.ads-account.g.betoci5lb82z6jole1u6tt780""",Portwest FR,,"=""294745696953229""",Keyword Research Low Bid (Seasonal) - BRD PHR - SD,FR,3,EUR,2025,595667,0.3448%,0.21220,2054,435.86,5069.98,321
"=""amzn1.ads-account.g.95u2ty2xhpic90diqqwzt6a2s""",Portwest USA,,"=""347103425994483""",Display Ads Top Styles Converting Group 1 SD - Sep 2024 - JC,US,4,USD,2025,5480,0.4745%,1.06000,26,27.56,190.16,4
"=""amzn1.ads-account.g.95u2ty2xhpic90diqqwzt6a2s""",Portwest USA,,"=""552636415923349""",Auto Low Bid - Vendor Push March 2024 - MJC,US,4,USD,2025,109404,0.2358%,0.22500,258,58.05,582.10,24
"=""amzn1.ads-account.g.bak81x0kttgh0i1ah3ezzzu2m""",Portwest PL,,"=""490065738750316""",Droppers (From UK) - Auto Low Bid - MJC,PL,6,PLN,2025,4039,0.4457%,0.22833,18,4.11,0.00,0
"=""amzn1.ads-account.g.9mvvwnjt2tsmdz08926vlb17a""",Portwest DE,,"=""184430825120105""",PAT Competitor - C733 (CY),DE,9,EUR,2026,1276,0.9404%,0.31583,12,3.79,11.75,1
"=""amzn1.ads-account.g.7qon60b3itwr4fzatg0h6r5fv""",Portwest IT,,"=""432140609662787""",SP - UK Gap Products - Project Candy - Auto Low Bid - MJC,IT,6,EUR,2026,147456,0.3649%,0.13112,538,70.54,1634.31,63
"=""amzn1.ads-account.g.8os9jbxe8uolgs0z0ka9qua0q""",Portwest ES,,"=""311119177054404""",SP - PBDD - Project Candy Low Bid - MJC,ES,5,EUR,2026,587384,0.3020%,0.13666,1774,242.43,3309.69,253
"=""amzn1.ads-account.g.9zovk6zrqsgpaj8x2od1sbl53""",Portwest - BE BISS - (Pan-EU),,"=""501480875972186""",SP - Project Candy Auto Low Bid - Bridging Promo - 22 Sep - MJC,BE,9,EUR,2026,51,3.9216%,0.12000,2,0.24,0.00,0
"=""amzn1.ads-account.g.bak81x0kttgh0i1ah3ezzzu2m""",Portwest PL,,"=""498483964951140""",Auto Low Bid - Q1 2024 - Feb Deals - MJC,PL,7,PLN,2025,1365,0.2930%,0.08250,4,0.33,53.50,1
"=""amzn1.ads-account.g.1pajz8jo9dcmlcw2654w4ynhd""",Portwest Australia,,"=""257891712755572""",Profit MJC,AU,4,AUD,2026,6352,1.3067%,0.91000,83,75.53,879.85,29
"=""amzn1.ads-account.g.95u2ty2xhpic90diqqwzt6a2s""",Portwest USA,,"=""319162604580847""",(Dayparting Test) PAT Profit EXT and EXP - Low bid Oct 2024 - JC,US,9,USD,2025,117628,0.7949%,0.30034,935,280.82,2160.29,73
"=""amzn1.ads-account.g.9mvvwnjt2tsmdz08926vlb17a""",Portwest DE,,"=""547494018872329""",Keyword Research Low Bid (Seasonal) - BRD PHR - SD,DE,12,EUR,2025,566206,0.2633%,0.23704,1491,353.42,5258.32,163
"=""amzn1.ads-account.g.1pajz8jo9dcmlcw2654w4ynhd""",Portwest Australia,,"=""274645847327056""",Display Ads Converting  FW95,AU,2,AUD,2026,1,0.0000%,,0,0.00,0.00,0
"=""amzn1.ads-account.g.95u2ty2xhpic90diqqwzt6a2s""",Portwest USA,,"=""552636415923349""",Auto Low Bid - Vendor Push March 2024 - MJC,US,2,USD,2025,192838,0.2095%,0.23950,404,96.76,823.73,25
"=""amzn1.ads-account.g.9zovk6zrqsgpaj8x2od1sbl53""",Portwest - BE BISS - (Pan-EU),,"=""457392713613897""",Droppers (From UK) - Auto Low Bid - MJC,BE,1,EUR,2025,1771,3.4444%,0.10836,61,6.61,76.39,7
"=""amzn1.ads-account.g.95u2ty2xhpic90diqqwzt6a2s""",Portwest USA,,"=""496148515305885""",Auto Low Bid - Vendor Gloves Push January 2024 - MJC,US,7,USD,2025,1046,0.4780%,0.25000,5,1.25,0.00,0
"=""amzn1.ads-account.g.betoci5lb82z6jole1u6tt780""",Portwest FR,,"=""408313467426953""",Store Spotlight SB FR (Homepage) - SD,FR,7,EUR,2025,1169095,0.0564%,0.15619,659,102.93,511.02,21
"=""amzn1.ads-account.g.7qon60b3itwr4fzatg0h6r5fv""",Portwest IT,,"=""491583009841605""",SP - Bridging Promo until 4th Aug - Project Candy Low Bid - MJC,IT,3,EUR,2026,227153,0.2386%,0.16406,542,88.92,1456.42,86
"=""amzn1.ads-account.g.8os9jbxe8uolgs0z0ka9qua0q""",Portwest ES,,"=""552946921964248""",Bridging Promo 31 May - Project Candy Low Bid - MJC,ES,9,EUR,2025,232718,0.1925%,0.17828,448,79.87,580.59,17
"=""amzn1.ads-account.g.betoci5lb82z6jole1u6tt780""",Portwest FR,,"=""148284969926993""",Droppers - Auto Low Bid - MJC,FR,4,EUR,2026,120382,0.5790%,0.15725,697,109.60,2317.76,134
"=""amzn1.ads-account.g.95u2ty2xhpic90diqqwzt6a2s""",Portwest USA,,"=""487432728655131""",Project Candy - Push Styles Q4 2024 - Auto Low Bid - MJC,US,6,USD,2025,160774,0.5119%,0.23149,823,190.52,2322.27,72
"=""amzn1.ads-account.g.mxheehzl72t4l5it1hfsk6xz""",Portwest SE,,"=""508987492133915""",Growers (From UK) - Auto Low Bid - MJC,SE,11,SEK,2025,15232,0.4333%,0.78045,66,51.51,1670.54,8
"=""amzn1.ads-account.g.betoci5lb82z6jole1u6tt780""",Portwest FR,,"=""512965080942787""",B2B SP Auto Low Bid - SD,FR,8,EUR,2026,480835,0.2427%,0.45435,1167,530.23,16891.92,1065
"=""amzn1.ads-account.g.1pajz8jo9dcmlcw2654w4ynhd""",Portwest Australia,,"=""211972647042468""",Profit Expand BRD & PHR - Low Bid - MJC,AU,4,AUD,2026,80615,0.4577%,0.26472,369,97.68,870.17,28
"=""amzn1.ads-account.g.9zovk6zrqsgpaj8x2od1sbl53""",Portwest - BE BISS - (Pan-EU),,"=""314375037758059""",SP - Project Candy - Bridging Promo - 5 Sep 2025 - Auto Low Bid - MJC,BE,10,EUR,2025,35637,1.0803%,0.12764,385,49.14,477.73,25
"=""amzn1.ads-account.g.1pajz8jo9dcmlcw2654w4ynhd""",Portwest Australia,,"=""411010298200586""",Store Spotlight SB - SD,AU,5,AUD,2025,684520,0.1176%,0.22395,805,180.28,2108.62,68
"=""amzn1.ads-account.g.7qon60b3itwr4fzatg0h6r5fv""",Portwest IT,,"=""465724007904797""",Home and Garden 2025 - Project Candy - Auto Low Bid - MJC,IT,11,EUR,2025,1036738,0.2395%,0.13228,2483,328.45,975.75,32
"=""amzn1.ads-account.g.9mvvwnjt2tsmdz08926vlb17a""",Portwest DE,,"=""191386157012832""",Growers - Auto Low Bid - MJC,DE,6,EUR,2026,108344,0.4329%,0.15362,469,72.05,1149.16,58
"=""amzn1.ads-account.g.6wubx539i9z2ina5h90v21w6e""",WWD - Workwear Depot,,"=""26886441161653""",C - Auto Low Bid - May 2023 - MJC,US,4,USD,2025,489,0.2045%,0.12000,1,0.12,0.00,0
"=""amzn1.ads-account.g.6wubx539i9z2ina5h90v21w6e""",WWD - Workwear Depot,,"=""278469250312380""",A - Auto Low Bid - May 2023 - MJC,US,4,USD,2025,1182,0.1692%,0.22500,2,0.45,0.00,0
"=""amzn1.ads-account.g.6wubx539i9z2ina5h90v21w6e""",WWD - Workwear Depot,,"=""92810336598365""",E - Auto Low Bid - May 2023 - MJC,US,2,USD,2025,61,0.0000%,,0,0.00,0.00,0
"=""amzn1.ads-account.g.95u2ty2xhpic90diqqwzt6a2s""",Portwest USA,,"=""345133918085337""",Keyword Research Low Bid - BRD PHR - JC,US,11,USD,2025,0,,,0,0.00,0.00,0
"=""amzn1.ads-account.g.1pajz8jo9dcmlcw2654w4ynhd""",Portwest Australia,,"=""459317093535210""",SP - Black Friday Week - Project Candy Low Bid - with Multi - MJC,AU,2,AUD,2026,186251,0.4360%,0.21522,812,174.76,2709.14,116
"=""amzn1.ads-account.g.1pajz8jo9dcmlcw2654w4ynhd""",Portwest Australia,,"=""167800877227863""",Display Ads Top Styles PPE - SD,AU,4,AUD,2026,49638,0.1974%,1.22908,98,120.45,36.46,4
"=""amzn1.ads-account.g.6wubx539i9z2ina5h90v21w6e""",WWD - Workwear Depot,,"=""317606326104162""",Auto Low Bid - Seller Push May 2024 - MJC,US,5,USD,2026,446,0.4484%,0.25000,2,0.50,0.00,0
"=""amzn1.ads-account.g.6wubx539i9z2ina5h90v21w6e""",WWD - Workwear Depot,,"=""403581243770082""",Focus Styles (Top Selling Seller) - Auto Low Bid June 2023 - MJC,US,8,USD,2026,154,1.2987%,0.25000,2,0.50,0.00,0
"=""amzn1.ads-account.g.betoci5lb82z6jole1u6tt780""",Portwest FR,,"=""431361080682482""",SP - PRIME DAY - Project Candy Low Bid with Multi,FR,10,EUR,2025,8769598,0.3315%,0.21017,29073,6110.37,72277.60,2923
"=""amzn1.ads-account.g.8os9jbxe8uolgs0z0ka9qua0q""",Portwest ES,,"=""468167772243698""",Home and Garden 2025 - Project Candy - Auto Low Bid - MJC,ES,5,EUR,2025,2209307,0.2439%,0.13959,5389,752.26,5625.16,253
"=""amzn1.ads-account.g.9zovk6zrqsgpaj8x2od1sbl53""",Portwest - BE BISS - (Pan-EU),,"=""344800929956085""",Auto All - EURO Expansion 4 - Campaign A - MJC,BE,7,EUR,2026,51815,0.8029%,0.10046,416,41.79,464.93,29
"=""amzn1.ads-account.g.8os9jbxe8uolgs0z0ka9qua0q""",Portwest ES,,"=""466433429362650""",Keyword Research Low Bid (Top Sellers) - BRD PHR - SD,ES,11,EUR,2025,3723867,0.0571%,0.16956,2125,360.32,1795.51,109
"=""amzn1.ads-account.g.8os9jbxe8uolgs0z0ka9qua0q""",Portwest ES,,"=""204794077297538""",Base - Top 10 Sellers - Auto Low Bid - MJC,ES,5,EUR,2026,21722,0.4604%,0.17040,100,17.04,201.95,3
"=""amzn1.ads-account.g.6wubx539i9z2ina5h90v21w6e""",WWD - Workwear Depot,,"=""353455736089883""",SP - Project Candy Low Bid - Winning Terms - Profit - EXT - MJC,US,6,USD,2026,6868,0.2330%,0.24875,16,3.98,125.97,3
"=""amzn1.ads-account.g.5dfl8rvx53v3cuqmb1snnubcf""",Portwest NL,,"=""392977465332326""",Growers (From UK) - Auto Low Bid - MJC,NL,7,EUR,2026,4326,0.6704%,0.09483,29,2.75,25.30,1
"=""amzn1.ads-account.g.95u2ty2xhpic90diqqwzt6a2s""",Portwest USA,,"=""310313949746032""",Growers - Auto Low Bid - MJC,US,10,USD,2025,124808,0.3141%,0.24298,392,95.25,759.24,32
"=""amzn1.ads-account.g.1pajz8jo9dcmlcw2654w4ynhd""",Portwest Australia,,"=""519485767745737""",Keyword Research Low Bid - BRD PHR - AH,AU,7,AUD,2025,151329,0.6734%,0.51781,1019,527.65,3427.33,116
"=""amzn1.ads-account.g.9mvvwnjt2tsmdz08926vlb17a""",Portwest DE,,"=""339739082571714""",Auto Low Bid - Q1 2024 - Feb Deals - MJC,DE,2,EUR,2025,759637,0.2762%,0.15131,2098,317.44,6283.10,206
"=""amzn1.ads-account.g.6wubx539i9z2ina5h90v21w6e""",WWD - Workwear Depot,,"=""353455736089883""",SP - Project Candy Low Bid - Winning Terms - Profit - EXT - MJC,US,5,USD,2026,23823,0.4408%,0.23990,105,25.19,87.98,2
"=""amzn1.ads-account.g.8os9jbxe8uolgs0z0ka9qua0q""",Portwest ES,,"=""536026367346324""",Project Candy - Converting EXT - 20240711,ES,5,EUR,2025,15733,0.3623%,0.14807,57,8.44,153.18,7
"=""amzn1.ads-account.g.8os9jbxe8uolgs0z0ka9qua0q""",Portwest ES,,"=""547962426196207""",Auto Low Bid - Q1 2024 - Feb Deals - MJC,ES,4,EUR,2025,786295,0.2007%,0.14044,1578,221.61,1874.83,74
"=""amzn1.ads-account.g.bak81x0kttgh0i1ah3ezzzu2m""",Portwest PL,,"=""490065738750316""",Droppers (From UK) - Auto Low Bid - MJC,PL,10,PLN,2025,18786,0.3087%,0.29086,58,16.87,330.43,4
"=""amzn1.ads-account.g.9mvvwnjt2tsmdz08926vlb17a""",Portwest DE,,"=""448372766050370""",Bridging Promo 24 May - Project Candy Low Bid - MJC,DE,9,EUR,2026,19125,0.5856%,0.19241,112,21.55,186.59,7
"=""amzn1.ads-account.g.1pajz8jo9dcmlcw2654w4ynhd""",Portwest Australia,,"=""327823251042498""",Display Ads Converting SP AH,AU,5,AUD,2025,42122,0.2089%,0.76330,88,67.17,782.80,31
"=""amzn1.ads-account.g.1pajz8jo9dcmlcw2654w4ynhd""",Portwest Australia,,"=""411010298200586""",Store Spotlight SB - SD,AU,7,AUD,2026,645422,0.1597%,0.18969,1031,195.57,3149.03,91
"=""amzn1.ads-account.g.betoci5lb82z6jole1u6tt780""",Portwest FR,,"=""512965080942787""",B2B SP Auto Low Bid - SD,FR,2,EUR,2026,591544,0.3837%,0.43634,2270,990.50,21096.84,1185
"=""amzn1.ads-account.g.95u2ty2xhpic90diqqwzt6a2s""",Portwest USA,,"=""435667212887349""",Profit Expand Group 2 - Low Bid BRD & PHR - JC,US,10,USD,2025,60422,0.5644%,0.28754,341,98.05,729.23,30
"=""amzn1.ads-account.g.9zovk6zrqsgpaj8x2od1sbl53""",Portwest - BE BISS - (Pan-EU),,"=""314375037758059""",SP - Project Candy - Bridging Promo - 5 Sep 2025 - Auto Low Bid - MJC,BE,8,EUR,2026,31007,0.9611%,0.13919,298,41.48,476.63,29
"=""amzn1.ads-account.g.1pajz8jo9dcmlcw2654w4ynhd""",Portwest Australia,,"=""538175312863476""",SP - PBDD - Project Candy Low Bid - with Multi - MJC,AU,8,AUD,2026,1022,1.1742%,0.07083,12,0.85,0.00,0
"=""amzn1.ads-account.g.9mvvwnjt2tsmdz08926vlb17a""",Portwest DE,,"=""184430825120105""",PAT Competitor - C733 (CY),DE,2,EUR,2025,87430,0.5959%,0.36679,521,191.10,2543.47,137
"=""amzn1.ads-account.g.9zovk6zrqsgpaj8x2od1sbl53""",Portwest - BE BISS - (Pan-EU),,"=""505560042434740""",Growers (From UK) - Auto Low Bid - MJC,BE,3,EUR,2025,3141,1.2735%,0.10775,40,4.31,545.95,28
"=""amzn1.ads-account.g.8os9jbxe8uolgs0z0ka9qua0q""",Portwest ES,,"=""470198564047574""",SP - PRIME DAY - Project Candy Low Bid with Multi,ES,5,EUR,2026,794972,0.0857%,0.18997,681,129.37,1941.97,79
"=""amzn1.ads-account.g.7qon60b3itwr4fzatg0h6r5fv""",Portwest IT,,"=""109993015518345""",SP - Amazon Business Project Candy - Missing Styles June 2026 - Low Bid - MJC (B),IT,7,EUR,2026,398630,0.2268%,0.29611,904,267.68,2796.25,296
"=""amzn1.ads-account.g.95u2ty2xhpic90diqqwzt6a2s""",Portwest USA,,"=""319162604580847""",(Dayparting Test) PAT Profit EXT and EXP - Low bid Oct 2024 - JC,US,10,USD,2025,434203,0.6898%,0.27199,2995,814.61,4165.17,128
"=""amzn1.ads-account.g.6wubx539i9z2ina5h90v21w6e""",WWD - Workwear Depot,,"=""450247354441512""",SP - Elbow Pads - PAT - Elbow Protection Category Only - MJC,UK,3,GBP,2025,61,0.0000%,,0,0.00,0.00,0
"=""amzn1.ads-account.g.5dfl8rvx53v3cuqmb1snnubcf""",Portwest NL,,"=""443819118758041""",Bridging Promo 24 May - Project Candy Low Bid - MJC,NL,6,EUR,2026,15223,0.3613%,0.10891,55,5.99,48.36,3
"=""amzn1.ads-account.g.9mvvwnjt2tsmdz08926vlb17a""",Portwest DE,,"=""547494018872329""",Keyword Research Low Bid (Seasonal) - BRD PHR - SD,DE,4,EUR,2026,149747,0.3660%,0.22719,548,124.50,1294.94,99
"=""amzn1.ads-account.g.8os9jbxe8uolgs0z0ka9qua0q""",Portwest ES,,"=""470198564047574""",SP - PRIME DAY - Project Candy Low Bid with Multi,ES,7,EUR,2025,6045093,0.2459%,0.22660,14863,3367.97,17218.70,861
"=""amzn1.ads-account.g.9zovk6zrqsgpaj8x2od1sbl53""",Portwest - BE BISS - (Pan-EU),,"=""457392713613897""",Droppers (From UK) - Auto Low Bid - MJC,BE,9,EUR,2026,3060,2.0588%,0.09841,63,6.20,336.42,18
"=""amzn1.ads-account.g.1pajz8jo9dcmlcw2654w4ynhd""",Portwest Australia,,"=""529658289585474""",May Promo - Project Candy - Auto Low Bid - MJC,AU,8,AUD,2025,317403,0.4389%,0.24169,1393,336.67,3616.44,146
"=""amzn1.ads-account.g.9mvvwnjt2tsmdz08926vlb17a""",Portwest DE,,"=""456161439841495""",Store Spotlight (DE) SB - Homepage - SD,DE,9,EUR,2025,355460,0.0771%,0.17372,274,47.60,818.95,20
"=""amzn1.ads-account.g.betoci5lb82z6jole1u6tt780""",Portwest FR,,"=""481907341387279""",Home and Garden 2025 - Project Candy - Auto Low Bid - MJC,FR,11,EUR,2025,307238,0.3261%,0.13488,1002,135.15,1182.44,48
"=""amzn1.ads-account.g.95u2ty2xhpic90diqqwzt6a2s""",Portwest USA,,"=""360269261984589""",Vendor Purchased - Not Advertised (Sep 2023) - Auto Low Bid - MJC,US,10,USD,2025,320829,0.3740%,0.18776,1200,225.31,1757.80,55
"=""amzn1.ads-account.g.6wubx539i9z2ina5h90v21w6e""",WWD - Workwear Depot,,"=""499053194388859""",SP - Project Candy Low Bid - PAT Profit - EXT - MJC,US,3,USD,2026,1817,1.7611%,0.14469,32,4.63,101.97,3
"=""amzn1.ads-account.g.95u2ty2xhpic90diqqwzt6a2s""",Portwest USA,,"=""457626057170726""",PAT Profit Top Styles - Exact - Oct 2024 - JC,US,8,USD,2025,2685,1.4525%,0.44974,39,17.54,188.61,3
"=""amzn1.ads-account.g.6wubx539i9z2ina5h90v21w6e""",WWD - Workwear Depot,,"=""367477579971086""",SP - Project Candy Low Bid - Converting Terms - Profit Expand - PHR - MJC,US,4,USD,2026,17964,0.8127%,0.22363,146,32.65,251.92,8
"=""amzn1.ads-account.g.9mvvwnjt2tsmdz08926vlb17a""",Portwest DE,,"=""191386157012832""",Growers - Auto Low Bid - MJC,DE,4,EUR,2026,90967,0.5178%,0.16637,471,78.36,1186.31,47
"=""amzn1.ads-account.g.mxheehzl72t4l5it1hfsk6xz""",Portwest SE,,"=""523189388917025""",SP - Project Candy Auto Low Bid - Bridging Promo - 22 Sep - MJC,SE,2,SEK,2026,9080,0.2313%,1.08476,21,22.78,0.00,0
"=""amzn1.ads-account.g.9mvvwnjt2tsmdz08926vlb17a""",Portwest DE,,"=""561617050692541""",Auto Low Bid - Q4 2023 - MJC,DE,4,EUR,2026,97786,0.3221%,0.15946,315,50.23,358.54,16
"=""amzn1.ads-account.g.mxheehzl72t4l5it1hfsk6xz""",Portwest SE,,"=""329244351830333""",Droppers (From UK) - Auto Low Bid - MJC,SE,10,SEK,2025,36,0.0000%,,0,0.00,0.00,0
"=""amzn1.ads-account.g.1pajz8jo9dcmlcw2654w4ynhd""",Portwest Australia,,"=""211972647042468""",Profit Expand BRD & PHR - Low Bid - MJC,AU,8,AUD,2025,113611,0.4498%,0.21086,511,107.75,1032.40,40
"=""amzn1.ads-account.g.8os9jbxe8uolgs0z0ka9qua0q""",Portwest ES,,"=""412217386163037""",Auto Low Bid - Q4 2023 - MJC,ES,2,EUR,2025,300490,0.1953%,0.15290,587,89.75,718.52,33
"=""amzn1.ads-account.g.7qon60b3itwr4fzatg0h6r5fv""",Portwest IT,,"=""499173945259706""",Project Candy - Target Styles Q4 2024 - Auto Low Bid - MJC,IT,7,EUR,2025,822795,0.3188%,0.18071,2623,474.01,4944.21,313
"=""amzn1.ads-account.g.8os9jbxe8uolgs0z0ka9qua0q""",Portwest ES,,"=""496172824240757""",Bridging Promo 21 May - Project Candy Low Bid - MJC,ES,11,EUR,2025,263132,0.1817%,0.17797,478,85.07,355.65,11
"=""amzn1.ads-account.g.betoci5lb82z6jole1u6tt780""",Portwest FR,,"=""456555263277852""",Keyword Research Low Bid (New Selection) - BRD PHR - SD,FR,3,EUR,2025,372604,0.2941%,0.18162,1096,199.06,2948.12,148
"=""amzn1.ads-account.g.1pajz8jo9dcmlcw2654w4ynhd""",Portwest Australia,,"=""96146253128422""",Display Ads Converting H441,AU,2,AUD,2026,3,0.0000%,,0,0.00,0.00,0
"=""amzn1.ads-account.g.9mvvwnjt2tsmdz08926vlb17a""",Portwest DE,,"=""561617050692541""",Auto Low Bid - Q4 2023 - MJC,DE,1,EUR,2025,755332,0.3483%,0.17472,2631,459.69,7308.96,282
"=""amzn1.ads-account.g.6wubx539i9z2ina5h90v21w6e""",WWD - Workwear Depot,,"=""308066032412218""",SP - Base New Styles - Product Category - Sugg Bid - MJC,UK,9,GBP,2025,46746,0.1583%,0.74203,74,54.91,0.00,0
"=""amzn1.ads-account.g.bak81x0kttgh0i1ah3ezzzu2m""",Portwest PL,,"=""399671753980737""",Growers (From UK) - Auto Low Bid - MJC,PL,9,PLN,2026,1311,0.4577%,0.38167,6,2.29,0.00,0
"=""amzn1.ads-account.g.95u2ty2xhpic90diqqwzt6a2s""",Portwest USA,,"=""378183114449311""",Store Spotlight SB - Oct 2024 - JC,US,8,USD,2025,239249,0.0815%,0.20026,195,39.05,642.74,11
"=""amzn1.ads-account.g.95u2ty2xhpic90diqqwzt6a2s""",Portwest USA,,"=""312353717160459""",SP - PRIME DAY - Project Candy Low Bid with Multi,US,6,USD,2026,409951,0.5296%,0.35431,2171,769.21,7016.08,218
"=""amzn1.ads-account.g.1pajz8jo9dcmlcw2654w4ynhd""",Portwest Australia,,"=""217891372626753""",Display Ads Converting S841,AU,10,AUD,2025,2,0.0000%,,0,0.00,0.00,0
"=""amzn1.ads-account.g.1pajz8jo9dcmlcw2654w4ynhd""",Portwest Australia,,"=""411010298200586""",Store Spotlight SB - SD,AU,8,AUD,2026,291885,0.1929%,0.18171,563,102.30,2339.47,91
"=""amzn1.ads-account.g.6wubx539i9z2ina5h90v21w6e""",WWD - Workwear Depot,,"=""316861580179555""",Auto Low Bid April MJC 24,US,11,USD,2025,7814,0.1920%,0.23600,15,3.54,145.96,4
"=""amzn1.ads-account.g.5dfl8rvx53v3cuqmb1snnubcf""",Portwest NL,,"=""332773737266901""",Droppers (From UK) - Auto Low Bid - MJC,NL,4,EUR,2026,4174,0.5031%,0.07476,21,1.57,46.45,4
"=""amzn1.ads-account.g.1pajz8jo9dcmlcw2654w4ynhd""",Portwest Australia,,"=""328813373672013""",Aoife Keyword Res - Manual EXT - MJC 24,AU,5,AUD,2025,22755,0.1670%,0.44868,38,17.05,109.32,7
"=""amzn1.ads-account.g.mxheehzl72t4l5it1hfsk6xz""",Portwest SE,,"=""376936864967411""",Auto All - EURO Expansion 4 V2 - Campaign B - MJC,SE,2,SEK,2025,101152,0.2244%,0.89137,227,202.34,912.13,6
"=""amzn1.ads-account.g.9zovk6zrqsgpaj8x2od1sbl53""",Portwest - BE BISS - (Pan-EU),,"=""289395542376704""",Bridging Promo 24 May - Project Candy Low Bid - MJC,BE,7,EUR,2025,718,0.5571%,0.13000,4,0.52,0.00,0
"=""amzn1.ads-account.g.1pajz8jo9dcmlcw2654w4ynhd""",Portwest Australia,,"=""463416327324191""",Growers - Auto Low Bid - MJC,AU,6,AUD,2025,32929,0.4495%,0.36919,148,54.64,349.29,23
"=""amzn1.ads-account.g.95u2ty2xhpic90diqqwzt6a2s""",Portwest USA,,"=""360269261984589""",Vendor Purchased - Not Advertised (Sep 2023) - Auto Low Bid - MJC,US,8,USD,2025,83414,0.5826%,0.17553,486,85.31,389.66,12
"=""amzn1.ads-account.g.betoci5lb82z6jole1u6tt780""",Portwest FR,,"=""370127154989503""",Auto Low Bid - Q4 2023 - MJC,FR,8,EUR,2026,57734,0.4521%,0.13751,261,35.89,904.74,40
"=""amzn1.ads-account.g.9mvvwnjt2tsmdz08926vlb17a""",Portwest DE,,"=""184430825120105""",PAT Competitor - C733 (CY),DE,6,EUR,2025,71495,1.0714%,0.40790,766,312.45,3422.65,189
"=""amzn1.ads-account.g.1pajz8jo9dcmlcw2654w4ynhd""",Portwest Australia,,"=""371634636717287""",Manual Profit Expand BRD PHR Low Bid - Q2 2024 - MJC,AU,2,AUD,2025,20201,0.5297%,0.27019,107,28.91,263.38,15
"=""amzn1.ads-account.g.7qon60b3itwr4fzatg0h6r5fv""",Portwest IT,,"=""499173945259706""",Project Candy - Target Styles Q4 2024 - Auto Low Bid - MJC,IT,7,EUR,2026,170314,0.4691%,0.18884,799,150.88,1483.03,58
"=""amzn1.ads-account.g.95u2ty2xhpic90diqqwzt6a2s""",Portwest USA,,"=""340748795056441""",Style Specific - UH447 - Auto Low Bid (0.25) with Dayparting - Weekdays at 50% - MJC,US,9,USD,2025,11962,0.7607%,0.49110,91,44.69,553.78,8
"=""amzn1.ads-account.g.1pajz8jo9dcmlcw2654w4ynhd""",Portwest Australia,,"=""396025250237617""",Manual Profit EXT Low Bid - Q2 2024 - MJC,AU,12,AUD,2025,7897,0.2659%,0.28857,21,6.06,66.58,3
"=""amzn1.ads-account.g.5dfl8rvx53v3cuqmb1snnubcf""",Portwest NL,,"=""332773737266901""",Droppers (From UK) - Auto Low Bid - MJC,NL,10,EUR,2025,9832,0.5289%,0.06442,52,3.35,39.91,4
"=""amzn1.ads-account.g.9zovk6zrqsgpaj8x2od1sbl53""",Portwest - BE BISS - (Pan-EU),,"=""385469476566499""",Bridging Promo 31 May - Project Candy Low Bid - MJC,BE,8,EUR,2025,1399,1.0007%,0.16571,14,2.32,45.28,1
"=""amzn1.ads-account.g.betoci5lb82z6jole1u6tt780""",Portwest FR,,"=""157283469880101""",SP - Amazon Business Project Candy - Missing Styles June 2026 - Low Bid - MJC (A),FR,6,EUR,2026,16224,0.3390%,0.29273,55,16.10,105.37,9
"=""amzn1.ads-account.g.betoci5lb82z6jole1u6tt780""",Portwest FR,,"=""343852336066323""",SP - Bridging Promo 5th August 2025,FR,9,EUR,2025,840244,0.5944%,0.16141,4994,806.10,8005.88,718
"=""amzn1.ads-account.g.bak81x0kttgh0i1ah3ezzzu2m""",Portwest PL,,"=""442163708910699""",Auto All - EURO Expansion 4 - Campaign A - MJC,PL,6,PLN,2025,241309,0.1397%,0.24872,337,83.82,271.17,9
"=""amzn1.ads-account.g.7qon60b3itwr4fzatg0h6r5fv""",Portwest IT,,"=""325147263942313""",Keyword Research Low Bid Group 2 - BRD PHR Oct 2024 - JC,IT,7,EUR,2025,198443,0.5301%,0.17395,1052,183.00,929.57,80
"=""amzn1.ads-account.g.7qon60b3itwr4fzatg0h6r5fv""",Portwest IT,,"=""499173945259706""",Project Candy - Target Styles Q4 2024 - Auto Low Bid - MJC,IT,6,EUR,2025,1206276,0.2673%,0.18011,3224,580.67,5839.55,339
"=""amzn1.ads-account.g.95u2ty2xhpic90diqqwzt6a2s""",Portwest USA,,"=""552636415923349""",Auto Low Bid - Vendor Push March 2024 - MJC,US,1,USD,2025,137051,0.1934%,0.24985,265,66.21,867.47,18
"=""amzn1.ads-account.g.bak81x0kttgh0i1ah3ezzzu2m""",Portwest PL,,"=""401254527269738""",Auto Low Bid - Q4 2023 - MJC,PL,11,PLN,2025,2121,0.1414%,0.10667,3,0.32,0.00,0
"=""amzn1.ads-account.g.95u2ty2xhpic90diqqwzt6a2s""",Portwest USA,,"=""309149749478686""",Portwest Brand Terms Only - JC,US,4,USD,2025,57428,0.1167%,0.54746,67,36.68,98.76,4
"=""amzn1.ads-account.g.1pajz8jo9dcmlcw2654w4ynhd""",Portwest Australia,,"=""108617369848228""",Display Ads Converting FW90,AU,5,AUD,2025,372,0.8065%,0.02000,3,0.06,0.00,0
"=""amzn1.ads-account.g.1pajz8jo9dcmlcw2654w4ynhd""",Portwest Australia,,"=""188584067285470""",Display Ads Converting PW40,AU,7,AUD,2025,15,0.0000%,,0,0.00,0.00,0
"=""amzn1.ads-account.g.9zovk6zrqsgpaj8x2od1sbl53""",Portwest - BE BISS - (Pan-EU),,"=""505560042434740""",Growers (From UK) - Auto Low Bid - MJC,BE,4,EUR,2026,8710,1.2859%,0.10500,112,11.76,332.75,18
"=""amzn1.ads-account.g.1pajz8jo9dcmlcw2654w4ynhd""",Portwest Australia,,"=""396025250237617""",Manual Profit EXT Low Bid - Q2 2024 - MJC,AU,1,AUD,2025,10217,0.2936%,0.24867,30,7.46,204.49,6
"=""amzn1.ads-account.g.1pajz8jo9dcmlcw2654w4ynhd""",Portwest Australia,,"=""228877476300003""",Auto Low Bid - April 2023 - All Styles - MJC,AU,4,AUD,2025,426894,0.3746%,0.23294,1599,372.47,6052.40,264
"=""amzn1.ads-account.g.1pajz8jo9dcmlcw2654w4ynhd""",Portwest Australia,,"=""56584912532417""",Converting from Other Channels - MJC,AU,3,AUD,2026,685,0.2920%,1.02500,2,2.05,0.00,0
"=""amzn1.ads-account.g.1pajz8jo9dcmlcw2654w4ynhd""",Portwest Australia,,"=""480370204072590""",PAT Profit Low Bid - Q2 2024 - MJC,AU,9,AUD,2025,4131,0.6052%,0.26880,25,6.72,86.77,4
"=""amzn1.ads-account.g.5dfl8rvx53v3cuqmb1snnubcf""",Portwest NL,,"=""299998930456663""",SP - PBDD - Project Candy Low Bid - MJC,NL,4,EUR,2026,15102,0.5231%,0.12101,79,9.56,140.19,12
"=""amzn1.ads-account.g.8os9jbxe8uolgs0z0ka9qua0q""",Portwest ES,,"=""12598931650806""",SP - Amazon Business Project Candy - Missing Styles June 2026 - Low Bid - MJC (B),ES,6,EUR,2026,204652,0.2277%,0.27440,466,127.87,1602.51,89
"=""amzn1.ads-account.g.9mvvwnjt2tsmdz08926vlb17a""",Portwest DE,,"=""555695194898382""",SP - PBDD - Project Candy Low Bid - MJC,DE,5,EUR,2026,970134,0.3168%,0.16461,3073,505.86,7992.75,562
"=""amzn1.ads-account.g.8os9jbxe8uolgs0z0ka9qua0q""",Portwest ES,,"=""468167772243698""",Home and Garden 2025 - Project Candy - Auto Low Bid - MJC,ES,7,EUR,2025,1000819,0.2594%,0.13894,2596,360.68,4077.45,197
"=""amzn1.ads-account.g.9mvvwnjt2tsmdz08926vlb17a""",Portwest DE,,"=""547494018872329""",Keyword Research Low Bid (Seasonal) - BRD PHR - SD,DE,9,EUR,2025,416440,0.3763%,0.23923,1567,374.87,4518.66,241
"=""amzn1.ads-account.g.95u2ty2xhpic90diqqwzt6a2s""",Portwest USA,,"=""365236114070531""",SP - PBDD - Project Candy Low Bid - with Multi - MJC,US,12,USD,2025,0,,,0,0.00,0.00,0
"=""amzn1.ads-account.g.1pajz8jo9dcmlcw2654w4ynhd""",Portwest Australia,,"=""66419074293351""",Display Ads Converting S899,AU,9,AUD,2026,2,0.0000%,,0,0.00,0.00,0
"=""amzn1.ads-account.g.6wubx539i9z2ina5h90v21w6e""",WWD - Workwear Depot,,"=""92810336598365""",E - Auto Low Bid - May 2023 - MJC,US,6,USD,2025,1294,0.0773%,0.25000,1,0.25,36.99,1
"=""amzn1.ads-account.g.5dfl8rvx53v3cuqmb1snnubcf""",Portwest NL,,"=""492525007470072""",Auto All - EURO Expansion 4 - Campaign A - MJC,NL,8,EUR,2025,61044,0.6061%,0.06381,370,23.61,893.37,64
"=""amzn1.ads-account.g.1pajz8jo9dcmlcw2654w4ynhd""",Portwest Australia,,"=""519485767745737""",Keyword Research Low Bid - BRD PHR - AH,AU,8,AUD,2026,58217,0.5342%,0.49469,311,153.85,1575.49,35
"=""amzn1.ads-account.g.8os9jbxe8uolgs0z0ka9qua0q""",Portwest ES,,"=""449211671742243""",Keyword Research Low Bid - BRD PHR - SD,ES,4,EUR,2026,56119,0.3047%,0.17374,171,29.71,355.88,17
"=""amzn1.ads-account.g.9mvvwnjt2tsmdz08926vlb17a""",Portwest DE,,"=""324958907979592""",Project Candy - Focus Styles from SD - Auto Low Bid - Q4 2024 - MJC,DE,8,EUR,2025,398023,0.2593%,0.21931,1032,226.33,2990.69,208
"=""amzn1.ads-account.g.bak81x0kttgh0i1ah3ezzzu2m""",Portwest PL,,"=""498483964951140""",Auto Low Bid - Q1 2024 - Feb Deals - MJC,PL,2,PLN,2026,2201,0.2272%,0.09600,5,0.48,0.00,0
"=""amzn1.ads-account.g.1pajz8jo9dcmlcw2654w4ynhd""",Portwest Australia,,"=""296844823415113""",C734_Auto_Low_Bid_AH Copy 1,AU,6,AUD,2026,3,0.0000%,,0,0.00,0.00,0
"=""amzn1.ads-account.g.bak81x0kttgh0i1ah3ezzzu2m""",Portwest PL,,"=""411231244404388""",Project Candy - Target Styles Q4 2024 - Auto Low Bid - MJC,PL,4,PLN,2025,13440,0.2455%,0.54697,33,18.05,33.90,3
"=""amzn1.ads-account.g.7qon60b3itwr4fzatg0h6r5fv""",Portwest IT,,"=""394086876968340""",PAT Profit Style - Low bid EXT and EXP Oct 2024 - JC,IT,10,EUR,2025,366825,0.5193%,0.16188,1905,308.38,3986.79,190
"=""amzn1.ads-account.g.bak81x0kttgh0i1ah3ezzzu2m""",Portwest PL,,"=""442163708910699""",Auto All - EURO Expansion 4 - Campaign A - MJC,PL,2,PLN,2026,388200,0.2069%,0.40875,803,328.23,1137.20,22
"=""amzn1.ads-account.g.95u2ty2xhpic90diqqwzt6a2s""",Portwest USA,,"=""208932509891715""",SP - Relaunch June 2026 - Project Candy w Multi - MJC,US,7,USD,2026,93844,1.2606%,0.23817,1183,281.76,1508.59,51
"=""amzn1.ads-account.g.9mvvwnjt2tsmdz08926vlb17a""",Portwest DE,,"=""561617050692541""",Auto Low Bid - Q4 2023 - MJC,DE,5,EUR,2026,88511,0.2452%,0.16069,217,34.87,453.30,15
"=""amzn1.ads-account.g.9mvvwnjt2tsmdz08926vlb17a""",Portwest DE,,"=""339739082571714""",Auto Low Bid - Q1 2024 - Feb Deals - MJC,DE,10,EUR,2025,366772,0.2386%,0.17119,875,149.79,471.99,20
"=""amzn1.ads-account.g.bak81x0kttgh0i1ah3ezzzu2m""",Portwest PL,,"=""401254527269738""",Auto Low Bid - Q4 2023 - MJC,PL,8,PLN,2025,904,0.2212%,0.15000,2,0.30,0.00,0
"=""amzn1.ads-account.g.7qon60b3itwr4fzatg0h6r5fv""",Portwest IT,,"=""465724007904797""",Home and Garden 2025 - Project Candy - Auto Low Bid - MJC,IT,1,EUR,2026,884834,0.2854%,0.11872,2525,299.77,2619.95,57
"=""amzn1.ads-account.g.6wubx539i9z2ina5h90v21w6e""",WWD - Workwear Depot,,"=""474399785060613""",SP - Project Candy Low Bid - New Styles - Phase One - MJC,US,6,USD,2026,5203,0.5382%,0.20500,28,5.74,90.98,2
"=""amzn1.ads-account.g.95u2ty2xhpic90diqqwzt6a2s""",Portwest USA,,"=""371243070537578""","Style Specific - UH447 - Core Keywords, Close Match EXT - Suggested Bid - MJC",US,1,USD,2025,386,1.0363%,1.55000,4,6.20,0.00,0
"=""amzn1.ads-account.g.9mvvwnjt2tsmdz08926vlb17a""",Portwest DE,,"=""365846807361792""",Home and Garden 2025 - Project Candy - Auto Low Bid - MJC,DE,11,EUR,2025,559052,0.2851%,0.15439,1594,246.09,1843.04,89
"=""amzn1.ads-account.g.7qon60b3itwr4fzatg0h6r5fv""",Portwest IT,,"=""465192037897295""",SP - Project Candy - Bridging Promo - 5 Sep 2025 - Auto Low Bid - MJC,IT,12,EUR,2025,119449,0.2872%,0.16501,343,56.60,375.52,12
"=""amzn1.ads-account.g.95u2ty2xhpic90diqqwzt6a2s""",Portwest USA,,"=""538337297480785""",Auto Low Bid - Vendor Push December 2023 - MJC,US,10,USD,2025,95250,0.9669%,0.26833,921,247.13,1865.95,33
"=""amzn1.ads-account.g.7qon60b3itwr4fzatg0h6r5fv""",Portwest IT,,"=""54506141508269""",SP - Amazon Business Project Candy - Missing Styles June 2026 - Low Bid - MJC (A),IT,7,EUR,2026,353333,0.2216%,0.29181,783,228.49,2199.24,104
"=""amzn1.ads-account.g.betoci5lb82z6jole1u6tt780""",Portwest FR,,"=""431361080682482""",SP - PRIME DAY - Project Candy Low Bid with Multi,FR,4,EUR,2026,933147,0.2974%,0.21364,2775,592.85,11373.58,560
"=""amzn1.ads-account.g.5dfl8rvx53v3cuqmb1snnubcf""",Portwest NL,,"=""485435109277305""",Home and Garden 2025 - Project Candy - Auto Low Bid - MJC,NL,9,EUR,2025,22133,0.4428%,0.09316,98,9.13,83.51,3
"=""amzn1.ads-account.g.1pajz8jo9dcmlcw2654w4ynhd""",Portwest Australia,,"=""476491807026648""",2852 - Top Seller - Auto Low Bid - MJC,AU,3,AUD,2026,3804,0.8938%,0.41941,34,14.26,315.80,10
"=""amzn1.ads-account.g.7qon60b3itwr4fzatg0h6r5fv""",Portwest IT,,"=""344146066785323""",SP - Project Candy Auto Low Bid - Bridging Promo - 22 Sep - MJC,IT,9,EUR,2026,197453,0.2558%,0.10687,505,53.97,756.02,35
"=""amzn1.ads-account.g.mxheehzl72t4l5it1hfsk6xz""",Portwest SE,,"=""376936864967411""",Auto All - EURO Expansion 4 V2 - Campaign B - MJC,SE,5,SEK,2026,196716,0.3391%,1.08693,667,724.98,8152.84,39
"=""amzn1.ads-account.g.9zovk6zrqsgpaj8x2od1sbl53""",Portwest - BE BISS - (Pan-EU),,"=""377546417761236""",Auto All - EURO Expansion 4 - Campaign B - MJC,BE,6,EUR,2025,69407,0.8429%,0.10193,585,59.63,1693.22,115
"=""amzn1.ads-account.g.9mvvwnjt2tsmdz08926vlb17a""",Portwest DE,,"=""456161439841495""",Store Spotlight (DE) SB - Homepage - SD,DE,5,EUR,2026,512725,0.0564%,0.15910,289,45.98,261.34,9
"=""amzn1.ads-account.g.1pajz8jo9dcmlcw2654w4ynhd""",Portwest Australia,,"=""74703476074231""",Profit PAT MJC,AU,7,AUD,2026,7882,0.8881%,0.26986,70,18.89,318.99,10
"=""amzn1.ads-account.g.5dfl8rvx53v3cuqmb1snnubcf""",Portwest NL,,"=""481032442344858""",Auto Low Bid - Q1 2024 - Feb Deals - MJC,NL,4,EUR,2026,8716,0.4130%,0.11389,36,4.10,6.69,2
"=""amzn1.ads-account.g.9mvvwnjt2tsmdz08926vlb17a""",Portwest DE,,"=""488971604344142""",Keyword Research Low Bid (New Selection) - BRD PHR - SD,DE,3,EUR,2025,448376,0.1720%,0.19396,771,149.54,2122.36,101
"=""amzn1.ads-account.g.9mvvwnjt2tsmdz08926vlb17a""",Portwest DE,,"=""465312229304951""",SP - Project Candy Auto Low Bid - Bridging Promo - 22 Sep - MJC,DE,11,EUR,2025,394524,0.2925%,0.11741,1154,135.49,1006.64,42
"=""amzn1.ads-account.g.betoci5lb82z6jole1u6tt780""",Portwest FR,,"=""424060741780397""",Auto Low Bid - Q1 2024 - Feb Deals - MJC,FR,7,EUR,2025,124916,0.2586%,0.14718,323,47.54,375.92,24
"=""amzn1.ads-account.g.betoci5lb82z6jole1u6tt780""",Portwest FR,,"=""560822063068179""",Manual Profit EXT Low Bid - December 2023 - MJC,FR,5,EUR,2025,45367,0.3990%,0.15055,181,27.25,743.60,39
"=""amzn1.ads-account.g.1pajz8jo9dcmlcw2654w4ynhd""",Portwest Australia,,"=""519274833218421""",Facemasks - Keyword Res - All Match Types - MJC,AU,6,AUD,2025,47387,0.3461%,0.75750,164,124.23,343.33,23
"=""amzn1.ads-account.g.1pajz8jo9dcmlcw2654w4ynhd""",Portwest Australia,,"=""86138486298904""",Display Ads Converting A620,AU,4,AUD,2025,0,,,0,0.00,0.00,0
"=""amzn1.ads-account.g.1pajz8jo9dcmlcw2654w4ynhd""",Portwest Australia,,"=""371634636717287""",Manual Profit Expand BRD PHR Low Bid - Q2 2024 - MJC,AU,4,AUD,2026,41045,0.4653%,0.20869,191,39.86,340.40,17
"=""amzn1.ads-account.g.8os9jbxe8uolgs0z0ka9qua0q""",Portwest ES,,"=""536026367346324""",Project Candy - Converting EXT - 20240711,ES,6,EUR,2026,12215,0.2783%,0.13118,34,4.46,118.07,6
"=""amzn1.ads-account.g.8os9jbxe8uolgs0z0ka9qua0q""",Portwest ES,,"=""391149768868824""",Bridging Promo 17 May - Project Candy Low Bid - MJC,ES,5,EUR,2025,336777,0.2753%,0.18255,927,169.22,1272.62,33
"=""amzn1.ads-account.g.8os9jbxe8uolgs0z0ka9qua0q""",Portwest ES,,"=""475621571262674""",Growers - Auto Low Bid - MJC,ES,5,EUR,2025,245019,0.4049%,0.13113,992,130.08,2375.30,119
"=""amzn1.ads-account.g.bak81x0kttgh0i1ah3ezzzu2m""",Portwest PL,,"=""411231244404388""",Project Candy - Target Styles Q4 2024 - Auto Low Bid - MJC,PL,9,PLN,2025,17403,0.3448%,0.70250,60,42.15,77.45,4
"=""amzn1.ads-account.g.7qon60b3itwr4fzatg0h6r5fv""",Portwest IT,,"=""487996402016430""",SP - B2B Auto Low Bid - MC,IT,2,EUR,2026,768090,0.3303%,0.27333,2537,693.45,19893.42,1088
"=""amzn1.ads-account.g.95u2ty2xhpic90diqqwzt6a2s""",Portwest USA,,"=""378183114449311""",Store Spotlight SB - Oct 2024 - JC,US,4,USD,2025,148746,0.1210%,0.20117,180,36.21,561.50,12
"=""amzn1.ads-account.g.1pajz8jo9dcmlcw2654w4ynhd""",Portwest Australia,,"=""538175312863476""",SP - PBDD - Project Candy Low Bid - with Multi - MJC,AU,6,AUD,2026,23018,1.0644%,0.09498,245,23.27,728.84,37
"=""amzn1.ads-account.g.95u2ty2xhpic90diqqwzt6a2s""",Portwest USA,,"=""541135041482838""",Vendor Auto Low Bid - Focus Ranges - Nov 2023 - MJC,US,8,USD,2025,3575,0.1958%,0.23571,7,1.65,99.36,2
"=""amzn1.ads-account.g.5dfl8rvx53v3cuqmb1snnubcf""",Portwest NL,,"=""475402648433849""",Bridging Promo 31 May - Project Candy Low Bid - MJC,NL,6,EUR,2025,8959,0.2679%,0.12625,24,3.03,36.31,1
"=""amzn1.ads-account.g.1pajz8jo9dcmlcw2654w4ynhd""",Portwest Australia,,"=""74703476074231""",Profit PAT MJC,AU,2,AUD,2026,2908,1.8913%,0.22273,55,12.25,403.85,13
"=""amzn1.ads-account.g.1pajz8jo9dcmlcw2654w4ynhd""",Portwest Australia,,"=""228877476300003""",Auto Low Bid - April 2023 - All Styles - MJC,AU,7,AUD,2026,246967,0.3555%,0.29344,878,257.64,2287.51,85
"=""amzn1.ads-account.g.8os9jbxe8uolgs0z0ka9qua0q""",Portwest ES,,"=""412217386163037""",Auto Low Bid - Q4 2023 - MJC,ES,3,EUR,2026,165067,0.3320%,0.11619,548,63.67,1005.23,55
"=""amzn1.ads-account.g.9mvvwnjt2tsmdz08926vlb17a""",Portwest DE,,"=""358197710343541""",Project Candy - Converting EXT - 20240711,DE,9,EUR,2025,72657,0.4390%,0.23361,319,74.52,868.96,50
"=""amzn1.ads-account.g.8os9jbxe8uolgs0z0ka9qua0q""",Portwest ES,,"=""536026367346324""",Project Candy - Converting EXT - 20240711,ES,1,EUR,2026,50786,0.2678%,0.12831,136,17.45,153.46,10
"=""amzn1.ads-account.g.6wubx539i9z2ina5h90v21w6e""",WWD - Workwear Depot,,"=""316861580179555""",Auto Low Bid April MJC 24,US,2,USD,2025,3674,0.4355%,0.23250,16,3.72,0.00,0
"=""amzn1.ads-account.g.betoci5lb82z6jole1u6tt780""",Portwest FR,,"=""330209804597144""",SP - Bridging Promo until 4th Aug - Project Candy Low Bid - MJC,FR,10,EUR,2025,264028,0.4651%,0.15925,1228,195.56,2541.60,217
"=""amzn1.ads-account.g.7qon60b3itwr4fzatg0h6r5fv""",Portwest IT,,"=""325147263942313""",Keyword Research Low Bid Group 2 - BRD PHR Oct 2024 - JC,IT,11,EUR,2025,467953,0.3086%,0.17033,1444,245.96,2314.88,211
"=""amzn1.ads-account.g.7qon60b3itwr4fzatg0h6r5fv""",Portwest IT,,"=""285411610871437""",SP - Project Candy - Bridging Promo - 22 Sep 2025 - Auto Low Bid - MJC,IT,11,EUR,2025,2135141,0.2762%,0.16835,5898,992.92,2818.06,149
"=""amzn1.ads-account.g.6wubx539i9z2ina5h90v21w6e""",WWD - Workwear Depot,,"=""349831502064744""",SP - Project Candy Low Bid - Seller Focus Styles - MJC,US,1,USD,2026,582045,0.5872%,0.22552,3418,770.82,3059.87,63
"=""amzn1.ads-account.g.9mvvwnjt2tsmdz08926vlb17a""",Portwest DE,,"=""234439264649803""",PAT Competitor - S999 (CY),DE,3,EUR,2025,3741,0.6148%,0.39304,23,9.04,48.72,2
"=""amzn1.ads-account.g.bak81x0kttgh0i1ah3ezzzu2m""",Portwest PL,,"=""457018929654451""",Auto All - EURO Expansion 4 - Campaign B - MJC,PL,6,PLN,2025,103515,0.2009%,0.36543,208,76.01,344.85,4
"=""amzn1.ads-account.g.9mvvwnjt2tsmdz08926vlb17a""",Portwest DE,,"=""547494018872329""",Keyword Research Low Bid (Seasonal) - BRD PHR - SD,DE,1,EUR,2026,712857,0.3054%,0.23614,2177,514.07,6610.39,271
"=""amzn1.ads-account.g.1pajz8jo9dcmlcw2654w4ynhd""",Portwest Australia,,"=""355925356602496""","Core Keywords, Close Match EXT - Suggested Bid - AH",AU,5,AUD,2025,22103,0.7148%,0.34241,158,54.10,704.42,29
"=""amzn1.ads-account.g.95u2ty2xhpic90diqqwzt6a2s""",Portwest USA,,"=""487432728655131""",Project Candy - Push Styles Q4 2024 - Auto Low Bid - MJC,US,8,USD,2025,94142,0.5460%,0.21792,514,112.01,625.09,24
"=""amzn1.ads-account.g.betoci5lb82z6jole1u6tt780""",Portwest FR,,"=""201893153506278""",Droppers - Profit - MJC,FR,4,EUR,2026,3898,0.7183%,0.13607,28,3.81,68.67,5
"=""amzn1.ads-account.g.95u2ty2xhpic90diqqwzt6a2s""",Portwest USA,,"=""447677372993835""",PAT Profit US440 - Exact - Oct 2024 - JC,US,10,USD,2025,6621,0.2870%,0.36421,19,6.92,23.95,1
"=""amzn1.ads-account.g.9zovk6zrqsgpaj8x2od1sbl53""",Portwest - BE BISS - (Pan-EU),,"=""385469476566499""",Bridging Promo 31 May - Project Candy Low Bid - MJC,BE,5,EUR,2025,27,7.4074%,0.17500,2,0.35,0.00,0
"=""amzn1.ads-account.g.6wubx539i9z2ina5h90v21w6e""",WWD - Workwear Depot,,"=""499053194388859""",SP - Project Candy Low Bid - PAT Profit - EXT - MJC,US,12,USD,2025,1708,0.9953%,0.14529,17,2.47,31.99,1
"=""amzn1.ads-account.g.8os9jbxe8uolgs0z0ka9qua0q""",Portwest ES,,"=""449211671742243""",Keyword Research Low Bid - BRD PHR - SD,ES,4,EUR,2025,949957,0.1396%,0.18203,1326,241.37,2264.86,81
"=""amzn1.ads-account.g.1pajz8jo9dcmlcw2654w4ynhd""",Portwest Australia,,"=""483038863547527""",New Respirator Masks - Auto - MJC,AU,5,AUD,2025,39278,0.4532%,0.30798,178,54.82,819.00,48
"=""amzn1.ads-account.g.7qon60b3itwr4fzatg0h6r5fv""",Portwest IT,,"=""394086876968340""",PAT Profit Style - Low bid EXT and EXP Oct 2024 - JC,IT,1,EUR,2026,334409,0.4844%,0.14874,1620,240.96,3014.62,138
"=""amzn1.ads-account.g.6wubx539i9z2ina5h90v21w6e""",WWD - Workwear Depot,,"=""129758628454478""",UH440 - Auto - May 2023,US,1,USD,2026,13731,0.4807%,0.62561,66,41.29,0.00,0
"=""amzn1.ads-account.g.5dfl8rvx53v3cuqmb1snnubcf""",Portwest NL,,"=""481032442344858""",Auto Low Bid - Q1 2024 - Feb Deals - MJC,NL,2,EUR,2026,13791,0.4858%,0.09104,67,6.10,4.75,1
"=""amzn1.ads-account.g.95u2ty2xhpic90diqqwzt6a2s""",Portwest USA,,"=""538640203987393""",Profit Focus US440 - Exact - Oct 2024 - JC,US,3,USD,2025,4491,1.2915%,0.83966,58,48.70,244.90,18
"=""amzn1.ads-account.g.9mvvwnjt2tsmdz08926vlb17a""",Portwest DE,,"=""447304808837659""",SP - PRIME DAY - Project Candy Low Bid with Multi,DE,6,EUR,2026,830850,0.4731%,0.22691,3931,891.99,14489.58,1010
"=""amzn1.ads-account.g.1pajz8jo9dcmlcw2654w4ynhd""",Portwest Australia,,"=""313517393614726""",Push Q1 2024 - Auto Low Bid - MJC,AU,8,AUD,2026,102767,0.3474%,0.48863,357,174.44,1138.26,46
"=""amzn1.ads-account.g.6wubx539i9z2ina5h90v21w6e""",WWD - Workwear Depot,,"=""403581243770082""",Focus Styles (Top Selling Seller) - Auto Low Bid June 2023 - MJC,US,5,USD,2026,2828,0.9194%,0.43615,26,11.34,527.88,12
"=""amzn1.ads-account.g.8os9jbxe8uolgs0z0ka9qua0q""",Portwest ES,,"=""195522116641065""",Droppers - Auto Low Bid - MJC,ES,1,EUR,2026,68509,0.2277%,0.08423,156,13.14,419.80,22
"=""amzn1.ads-account.g.95u2ty2xhpic90diqqwzt6a2s""",Portwest USA,,"=""283483470831455""",PAT Profit US440 - Low Bid Sep 2024 - JC,US,10,USD,2025,10804,0.7590%,0.23622,82,19.37,89.10,5
"=""amzn1.ads-account.g.9mvvwnjt2tsmdz08926vlb17a""",Portwest DE,,"=""288384587728489""",Bridging Promo 17 May - Project Candy Low Bid - MJC,DE,9,EUR,2026,30949,0.6915%,0.14369,214,30.75,713.04,17
"=""amzn1.ads-account.g.bak81x0kttgh0i1ah3ezzzu2m""",Portwest PL,,"=""442163708910699""",Auto All - EURO Expansion 4 - Campaign A - MJC,PL,5,PLN,2026,355409,0.2223%,0.39320,790,310.63,879.65,29
"=""amzn1.ads-account.g.9mvvwnjt2tsmdz08926vlb17a""",Portwest DE,,"=""165105723572633""",Auto Targeting - S999 (CY),DE,8,EUR,2025,10319,0.6299%,0.24600,65,15.99,61.74,3
"=""amzn1.ads-account.g.9zovk6zrqsgpaj8x2od1sbl53""",Portwest - BE BISS - (Pan-EU),,"=""377546417761236""",Auto All - EURO Expansion 4 - Campaign B - MJC,BE,2,EUR,2026,126342,1.0171%,0.10678,1285,137.21,2481.66,161
"=""amzn1.ads-account.g.1pajz8jo9dcmlcw2654w4ynhd""",Portwest Australia,,"=""463416327324191""",Growers - Auto Low Bid - MJC,AU,10,AUD,2025,13803,0.7462%,0.41515,103,42.76,169.23,13
"=""amzn1.ads-account.g.betoci5lb82z6jole1u6tt780""",Portwest FR,,"=""408313467426953""",Store Spotlight SB FR (Homepage) - SD,FR,10,EUR,2025,1895395,0.0780%,0.15462,1479,228.68,1003.73,43
"=""amzn1.ads-account.g.betoci5lb82z6jole1u6tt780""",Portwest FR,,"=""252762940742890""",SP - Amazon Business Project Candy - Missing Styles June 2026 - Low Bid - MJC (B),FR,7,EUR,2026,31898,0.1411%,0.26489,45,11.92,53.78,3
"=""amzn1.ads-account.g.mxheehzl72t4l5it1hfsk6xz""",Portwest SE,,"=""376936864967411""",Auto All - EURO Expansion 4 V2 - Campaign B - MJC,SE,4,SEK,2025,137042,0.2328%,0.68727,319,219.24,6019.80,28
"=""amzn1.ads-account.g.5dfl8rvx53v3cuqmb1snnubcf""",Portwest NL,,"=""475402648433849""",Bridging Promo 31 May - Project Candy Low Bid - MJC,NL,9,EUR,2025,11812,0.6773%,0.09388,80,7.51,99.21,2
"=""amzn1.ads-account.g.1pajz8jo9dcmlcw2654w4ynhd""",Portwest Australia,,"=""327823251042498""",Display Ads Converting SP AH,AU,8,AUD,2026,16608,0.1867%,0.86484,31,26.81,169.12,4
"=""amzn1.ads-account.g.mxheehzl72t4l5it1hfsk6xz""",Portwest SE,,"=""553258769606425""",SP - Project Candy - Bridging Promo - 5 Sep 2025 - Auto Low Bid - MJC,SE,10,SEK,2025,302,0.0000%,,0,0.00,0.00,0
"=""amzn1.ads-account.g.1pajz8jo9dcmlcw2654w4ynhd""",Portwest Australia,,"=""302643831867198""",Droppers - Auto Low Bid - MJC,AU,9,AUD,2025,16195,0.9756%,0.38247,158,60.43,720.91,50
"=""amzn1.ads-account.g.9mvvwnjt2tsmdz08926vlb17a""",Portwest DE,,"=""52065936047090""",Droppers - Profit - MJC`,DE,11,EUR,2025,9220,0.6508%,0.18467,60,11.08,132.78,8
"=""amzn1.ads-account.g.1pajz8jo9dcmlcw2654w4ynhd""",Portwest Australia,,"=""56584912532417""",Converting from Other Channels - MJC,AU,7,AUD,2026,1626,0.4305%,0.78000,7,5.46,0.00,0
"=""amzn1.ads-account.g.8os9jbxe8uolgs0z0ka9qua0q""",Portwest ES,,"=""412217386163037""",Auto Low Bid - Q4 2023 - MJC,ES,1,EUR,2026,170381,0.3017%,0.12304,514,63.24,275.38,18
"=""amzn1.ads-account.g.6wubx539i9z2ina5h90v21w6e""",WWD - Workwear Depot,,"=""317606326104162""",Auto Low Bid - Seller Push May 2024 - MJC,US,4,USD,2025,3135,0.0957%,0.25000,3,0.75,0.00,0
"=""amzn1.ads-account.g.1pajz8jo9dcmlcw2654w4ynhd""",Portwest Australia,,"=""348828701192814""",OIH Support Auto Low Bid SP - SD,AU,12,AUD,2025,4953,0.2625%,0.23385,13,3.04,0.00,0
"=""amzn1.ads-account.g.95u2ty2xhpic90diqqwzt6a2s""",Portwest USA,,"=""521897769563799""",PAT Profit Style group 2 - Low bid Sep 204 - JC,US,4,USD,2025,10634,1.1473%,0.25008,122,30.51,472.27,15
"=""amzn1.ads-account.g.9mvvwnjt2tsmdz08926vlb17a""",Portwest DE,,"=""52065936047090""",Droppers - Profit - MJC`,DE,2,EUR,2025,35796,0.2542%,0.19033,91,17.32,503.69,27
"=""amzn1.ads-account.g.9zovk6zrqsgpaj8x2od1sbl53""",Portwest - BE BISS - (Pan-EU),,"=""377546417761236""",Auto All - EURO Expansion 4 - Campaign B - MJC,BE,8,EUR,2025,76933,1.0321%,0.10777,794,85.57,2118.41,144
"=""amzn1.ads-account.g.6wubx539i9z2ina5h90v21w6e""",WWD - Workwear Depot,,"=""316861580179555""",Auto Low Bid April MJC 24,US,8,USD,2026,438,0.4566%,0.25000,2,0.50,0.00,0
"=""amzn1.ads-account.g.5dfl8rvx53v3cuqmb1snnubcf""",Portwest NL,,"=""481032442344858""",Auto Low Bid - Q1 2024 - Feb Deals - MJC,NL,5,EUR,2025,25868,0.3247%,0.09000,84,7.56,33.44,8
"=""amzn1.ads-account.g.bak81x0kttgh0i1ah3ezzzu2m""",Portwest PL,,"=""556011119851583""",SP - Project Candy - Bridging Promo - 22 Sep 2025 - Auto Low Bid - MJC,PL,11,PLN,2025,1366,0.5857%,0.35875,8,2.87,0.00,0
"=""amzn1.ads-account.g.6wubx539i9z2ina5h90v21w6e""",WWD - Workwear Depot,,"=""157714611577244""",M - Auto Low Bid - May 2023 - MJC,US,2,USD,2025,189,0.0000%,,0,0.00,0.00,0
"=""amzn1.ads-account.g.9mvvwnjt2tsmdz08926vlb17a""",Portwest DE,,"=""309290485231754""",Display Ads Converting SP SD,DE,4,EUR,2025,3242,0.1234%,0.30000,4,1.20,0.00,0
"=""amzn1.ads-account.g.6wubx539i9z2ina5h90v21w6e""",WWD - Workwear Depot,,"=""316861580179555""",Auto Low Bid April MJC 24,US,6,USD,2026,1099,0.5460%,0.25000,6,1.50,0.00,0
"=""amzn1.ads-account.g.1pajz8jo9dcmlcw2654w4ynhd""",Portwest Australia,,"=""550994813216429""",SP - UK Gap Products - Project Candy - Auto Low Bid - MJC,AU,5,AUD,2025,122054,0.2794%,0.25774,341,87.89,360.51,12
"=""amzn1.ads-account.g.betoci5lb82z6jole1u6tt780""",Portwest FR,,"=""500653553293902""",Bridging Promo 17 May - Project Candy Low Bid - MJC,FR,7,EUR,2025,77961,0.2027%,0.18222,158,28.79,664.63,12
"=""amzn1.ads-account.g.9mvvwnjt2tsmdz08926vlb17a""",Portwest DE,,"=""145924525357081""",Droppers - Auto Low Bid - MJC,DE,8,EUR,2025,316326,0.7530%,0.24257,2382,577.81,5355.55,423
"=""amzn1.ads-account.g.6wubx539i9z2ina5h90v21w6e""",WWD - Workwear Depot,,"=""505622175738793""",DX4 Product Launch Auto - Low Bid Oct 2024 - JC,US,8,USD,2025,1768,0.6222%,0.25000,11,2.75,28.99,1
"=""amzn1.ads-account.g.9mvvwnjt2tsmdz08926vlb17a""",Portwest DE,,"=""309290485231754""",Display Ads Converting SP SD,DE,9,EUR,2025,11563,0.3286%,0.52316,38,19.88,223.75,15
"=""amzn1.ads-account.g.1pajz8jo9dcmlcw2654w4ynhd""",Portwest Australia,,"=""533603650852527""",Keyword Research Low Bid - BRD PHR - SD,AU,1,AUD,2025,304260,0.2288%,0.34444,696,239.73,2776.63,89
"=""amzn1.ads-account.g.1pajz8jo9dcmlcw2654w4ynhd""",Portwest Australia,,"=""476491807026648""",2852 - Top Seller - Auto Low Bid - MJC,AU,5,AUD,2026,1045,0.4785%,0.33400,5,1.67,63.54,2
"=""amzn1.ads-account.g.5dfl8rvx53v3cuqmb1snnubcf""",Portwest NL,,"=""475402648433849""",Bridging Promo 31 May - Project Candy Low Bid - MJC,NL,10,EUR,2025,19871,0.5485%,0.09587,109,10.45,394.98,8
"=""amzn1.ads-account.g.1pajz8jo9dcmlcw2654w4ynhd""",Portwest Australia,,"=""82479822838699""",Auto Low Bid - Unhealthy Inventory V2 - MJC,AU,12,AUD,2025,34601,0.4364%,0.13291,151,20.07,275.36,13
"=""amzn1.ads-account.g.mxheehzl72t4l5it1hfsk6xz""",Portwest SE,,"=""506264653748482""",SP - Project Candy - Bridging Promo - 22 Sep 2025 - Auto Low Bid - MJC,SE,6,SEK,2026,33612,0.4582%,1.50240,154,231.37,9962.40,42
"=""amzn1.ads-account.g.1pajz8jo9dcmlcw2654w4ynhd""",Portwest Australia,,"=""550994813216429""",SP - UK Gap Products - Project Candy - Auto Low Bid - MJC,AU,6,AUD,2025,121973,0.2837%,0.27185,346,94.06,725.62,23
"=""amzn1.ads-account.g.95u2ty2xhpic90diqqwzt6a2s""",Portwest USA,,"=""409985325957400""",PAT Profit Style group 3 - Low bid Sep 204 - JC,US,7,USD,2026,407,0.7371%,0.24667,3,0.74,0.00,0
"=""amzn1.ads-account.g.7qon60b3itwr4fzatg0h6r5fv""",Portwest IT,,"=""501655278304804""",Growers - Auto Low Bid - MJC,IT,11,EUR,2025,349839,0.4871%,0.17925,1704,305.45,4557.99,242
"=""amzn1.ads-account.g.9zovk6zrqsgpaj8x2od1sbl53""",Portwest - BE BISS - (Pan-EU),,"=""314375037758059""",SP - Project Candy - Bridging Promo - 5 Sep 2025 - Auto Low Bid - MJC,BE,9,EUR,2025,22512,0.9728%,0.13685,219,29.97,401.14,20
"=""amzn1.ads-account.g.6wubx539i9z2ina5h90v21w6e""",WWD - Workwear Depot,,"=""322086947917851""",SP - Elbow Pads - PAT - Close Competitors - Sugg Bid - MJC,UK,2,GBP,2026,3414,1.6989%,0.69328,58,40.21,24.96,3
"=""amzn1.ads-account.g.1pajz8jo9dcmlcw2654w4ynhd""",Portwest Australia,,"=""211972647042468""",Profit Expand BRD & PHR - Low Bid - MJC,AU,8,AUD,2026,29357,0.5586%,0.29335,164,48.11,289.40,10
"=""amzn1.ads-account.g.1pajz8jo9dcmlcw2654w4ynhd""",Portwest Australia,,"=""296844823415113""",C734_Auto_Low_Bid_AH Copy 1,AU,1,AUD,2025,93,0.0000%,,0,0.00,0.00,0
"=""amzn1.ads-account.g.6wubx539i9z2ina5h90v21w6e""",WWD - Workwear Depot,,"=""322086947917851""",SP - Elbow Pads - PAT - Close Competitors - Sugg Bid - MJC,UK,7,GBP,2025,5582,1.4690%,0.72598,82,59.53,49.92,6
"=""amzn1.ads-account.g.betoci5lb82z6jole1u6tt780""",Portwest FR,,"=""410848499689009""",Store Spotlight SB FR (2) - SD,FR,11,EUR,2025,727194,0.1770%,0.16760,1287,215.70,1284.11,59
"=""amzn1.ads-account.g.mxheehzl72t4l5it1hfsk6xz""",Portwest SE,,"=""329244351830333""",Droppers (From UK) - Auto Low Bid - MJC,SE,3,SEK,2026,13099,0.5039%,1.10773,66,73.11,640.75,3
"=""amzn1.ads-account.g.betoci5lb82z6jole1u6tt780""",Portwest FR,,"=""456555263277852""",Keyword Research Low Bid (New Selection) - BRD PHR - SD,FR,5,EUR,2026,357096,0.2064%,0.17271,737,127.29,2221.05,198
"=""amzn1.ads-account.g.7qon60b3itwr4fzatg0h6r5fv""",Portwest IT,,"=""394086876968340""",PAT Profit Style - Low bid EXT and EXP Oct 2024 - JC,IT,5,EUR,2025,276984,0.5607%,0.17644,1553,274.01,1640.40,85
"=""amzn1.ads-account.g.9mvvwnjt2tsmdz08926vlb17a""",Portwest DE,,"=""555695194898382""",SP - PBDD - Project Candy Low Bid - MJC,DE,1,EUR,2026,2322547,0.4583%,0.15694,10644,1670.45,32108.08,1348
"=""amzn1.ads-account.g.9mvvwnjt2tsmdz08926vlb17a""",Portwest DE,,"=""288384587728489""",Bridging Promo 17 May - Project Candy Low Bid - MJC,DE,12,EUR,2025,211995,0.3255%,0.14501,690,100.06,1670.87,42
"=""amzn1.ads-account.g.1pajz8jo9dcmlcw2654w4ynhd""",Portwest Australia,,"=""483038863547527""",New Respirator Masks - Auto - MJC,AU,12,AUD,2025,20849,0.6427%,0.27664,134,37.07,678.90,48
"=""amzn1.ads-account.g.9mvvwnjt2tsmdz08926vlb17a""",Portwest DE,,"=""365846807361792""",Home and Garden 2025 - Project Candy - Auto Low Bid - MJC,DE,6,EUR,2026,189258,0.3535%,0.15127,669,101.20,1747.56,67
"=""amzn1.ads-account.g.betoci5lb82z6jole1u6tt780""",Portwest FR,,"=""481907341387279""",Home and Garden 2025 - Project Candy - Auto Low Bid - MJC,FR,8,EUR,2026,361961,0.3802%,0.12002,1376,165.15,4696.04,183
"=""amzn1.ads-account.g.5dfl8rvx53v3cuqmb1snnubcf""",Portwest NL,,"=""481032442344858""",Auto Low Bid - Q1 2024 - Feb Deals - MJC,NL,9,EUR,2025,23163,0.3626%,0.09476,84,7.96,56.99,4
"=""amzn1.ads-account.g.9mvvwnjt2tsmdz08926vlb17a""",Portwest DE,,"=""309290485231754""",Display Ads Converting SP SD,DE,10,EUR,2025,26746,0.0972%,0.67808,26,17.63,254.89,8
"=""amzn1.ads-account.g.1pajz8jo9dcmlcw2654w4ynhd""",Portwest Australia,,"=""108617369848228""",Display Ads Converting FW90,AU,8,AUD,2025,144,0.6944%,0.02000,1,0.02,17.77,1
"=""amzn1.ads-account.g.betoci5lb82z6jole1u6tt780""",Portwest FR,,"=""424060741780397""",Auto Low Bid - Q1 2024 - Feb Deals - MJC,FR,1,EUR,2025,856684,0.2981%,0.14922,2554,381.12,3755.97,132
"=""amzn1.ads-account.g.95u2ty2xhpic90diqqwzt6a2s""",Portwest USA,,"=""415107248963968""",Profit Focus Top Styles - Exact - Oct 2024 - JC,US,7,USD,2025,3139,0.7327%,0.57870,23,13.31,57.77,2
"=""amzn1.ads-account.g.95u2ty2xhpic90diqqwzt6a2s""",Portwest USA,,"=""457626057170726""",PAT Profit Top Styles - Exact - Oct 2024 - JC,US,9,USD,2025,2846,2.1785%,0.37903,62,23.50,117.25,4
"=""amzn1.ads-account.g.5dfl8rvx53v3cuqmb1snnubcf""",Portwest NL,,"=""389075736151395""",Auto All - EURO Expansion 4 - Campaign B - MJC,NL,6,EUR,2026,121196,0.2896%,0.07946,351,27.89,567.26,34
"=""amzn1.ads-account.g.1pajz8jo9dcmlcw2654w4ynhd""",Portwest Australia,,"=""228877476300003""",Auto Low Bid - April 2023 - All Styles - MJC,AU,11,AUD,2025,463132,0.3414%,0.24032,1581,379.95,4715.24,217
"=""amzn1.ads-account.g.bak81x0kttgh0i1ah3ezzzu2m""",Portwest PL,,"=""442163708910699""",Auto All - EURO Expansion 4 - Campaign A - MJC,PL,11,PLN,2025,226215,0.2140%,0.30702,484,148.60,1311.60,31
"=""amzn1.ads-account.g.95u2ty2xhpic90diqqwzt6a2s""",Portwest USA,,"=""371243070537578""","Style Specific - UH447 - Core Keywords, Close Match EXT - Suggested Bid - MJC",US,6,USD,2025,195,0.0000%,,0,0.00,0.00,0
"=""amzn1.ads-account.g.1pajz8jo9dcmlcw2654w4ynhd""",Portwest Australia,,"=""483038863547527""",New Respirator Masks - Auto - MJC,AU,4,AUD,2025,37438,0.4327%,0.31043,162,50.29,796.46,47
"=""amzn1.ads-account.g.9mvvwnjt2tsmdz08926vlb17a""",Portwest DE,,"=""191386157012832""",Growers - Auto Low Bid - MJC,DE,1,EUR,2025,662588,0.4617%,0.15753,3059,481.88,13407.57,615
"=""amzn1.ads-account.g.9mvvwnjt2tsmdz08926vlb17a""",Portwest DE,,"=""465312229304951""",SP - Project Candy Auto Low Bid - Bridging Promo - 22 Sep - MJC,DE,10,EUR,2025,338876,0.2904%,0.11650,984,114.64,1631.42,85
"=""amzn1.ads-account.g.9mvvwnjt2tsmdz08926vlb17a""",Portwest DE,,"=""151460587266063""",PAT Competitor - H440 (CY),DE,6,EUR,2026,163,0.6135%,0.20000,1,0.20,0.00,0
"=""amzn1.ads-account.g.1pajz8jo9dcmlcw2654w4ynhd""",Portwest Australia,,"=""411010298200586""",Store Spotlight SB - SD,AU,6,AUD,2026,588384,0.1491%,0.19849,877,174.08,2729.28,68
"=""amzn1.ads-account.g.95u2ty2xhpic90diqqwzt6a2s""",Portwest USA,,"=""520372994666385""",SP - VIP Keywords (July 2025) - EXT - Our Bid - MJC,US,8,USD,2026,120998,0.4975%,0.69156,602,416.32,4502.48,217
"=""amzn1.ads-account.g.5dfl8rvx53v3cuqmb1snnubcf""",Portwest NL,,"=""469105961672637""",SP - Project Candy Auto Low Bid - Bridging Promo - 22 Sep - MJC,NL,5,EUR,2026,798,0.2506%,0.05000,2,0.10,0.00,0
"=""amzn1.ads-account.g.betoci5lb82z6jole1u6tt780""",Portwest FR,,"=""201893153506278""",Droppers - Profit - MJC,FR,2,EUR,2026,4553,0.5491%,0.13800,25,3.45,42.51,4
"=""amzn1.ads-account.g.mxheehzl72t4l5it1hfsk6xz""",Portwest SE,,"=""506264653748482""",SP - Project Candy - Bridging Promo - 22 Sep 2025 - Auto Low Bid - MJC,SE,8,SEK,2026,41148,0.4763%,1.57964,196,309.61,2920.39,16
"=""amzn1.ads-account.g.6wubx539i9z2ina5h90v21w6e""",WWD - Workwear Depot,,"=""123049042264341""",Portwest + Style Code - Manual EXACT - MJC,US,7,USD,2025,125,13.6000%,0.33882,17,5.76,40.98,3
"=""amzn1.ads-account.g.mxheehzl72t4l5it1hfsk6xz""",Portwest SE,,"=""329244351830333""",Droppers (From UK) - Auto Low Bid - MJC,SE,1,SEK,2025,8684,0.4261%,0.80108,37,29.64,670.01,3
"=""amzn1.ads-account.g.betoci5lb82z6jole1u6tt780""",Portwest FR,,"=""408313467426953""",Store Spotlight SB FR (Homepage) - SD,FR,1,EUR,2025,780465,0.0633%,0.15251,494,75.34,368.67,11
"=""amzn1.ads-account.g.95u2ty2xhpic90diqqwzt6a2s""",Portwest USA,,"=""408324720320680""",(B2B Multiplier Test) - Profit Expand Group 1 - Low Bid BRD & PHR - JC,US,7,USD,2025,30782,0.6855%,0.29867,211,63.02,886.69,19
"=""amzn1.ads-account.g.8os9jbxe8uolgs0z0ka9qua0q""",Portwest ES,,"=""466433429362650""",Keyword Research Low Bid (Top Sellers) - BRD PHR - SD,ES,8,EUR,2025,714624,0.1062%,0.17893,759,135.81,1189.19,112
"=""amzn1.ads-account.g.7qon60b3itwr4fzatg0h6r5fv""",Portwest IT,,"=""320546710532715""",Bridging Promo 31 May - Project Candy Low Bid - MJC,IT,1,EUR,2026,227702,0.5015%,0.16075,1142,183.58,656.31,30
"=""amzn1.ads-account.g.9mvvwnjt2tsmdz08926vlb17a""",Portwest DE,,"=""488971604344142""",Keyword Research Low Bid (New Selection) - BRD PHR - SD,DE,1,EUR,2025,1211540,0.2342%,0.19353,2837,549.05,6816.73,208
"=""amzn1.ads-account.g.95u2ty2xhpic90diqqwzt6a2s""",Portwest USA,,"=""533532889300124""",Auto Low Bid - Vendor Push May 2024 - MJC,US,2,USD,2025,216461,0.5068%,0.20812,1097,228.31,1476.36,66
"=""amzn1.ads-account.g.95u2ty2xhpic90diqqwzt6a2s""",Portwest USA,,"=""390173334565299""",High ROAS US440 - Medium bid Oct 2024 - JC,US,9,USD,2025,1688,0.7109%,0.70417,12,8.45,20.39,1
"=""amzn1.ads-account.g.95u2ty2xhpic90diqqwzt6a2s""",Portwest USA,,"=""309711536950673""",Auto Low Bid - Vendor Push April 2024 - MJC,US,7,USD,2026,12579,1.4151%,0.30371,178,54.06,1090.01,57
"=""amzn1.ads-account.g.7qon60b3itwr4fzatg0h6r5fv""",Portwest IT,,"=""320546710532715""",Bridging Promo 31 May - Project Candy Low Bid - MJC,IT,6,EUR,2026,55934,0.8027%,0.11902,449,53.44,758.01,37
"=""amzn1.ads-account.g.mxheehzl72t4l5it1hfsk6xz""",Portwest SE,,"=""299122560843700""",SP - PBDD - Project Candy Low Bid - MJC,SE,11,SEK,2025,4921,0.3861%,1.29316,19,24.57,1199.04,6
"=""amzn1.ads-account.g.8os9jbxe8uolgs0z0ka9qua0q""",Portwest ES,,"=""422930302495331""",SP - Project Candy - Bridging Promo - 22 Sep 2025 - Auto Low Bid - MJC,ES,12,EUR,2025,161263,0.1662%,0.16287,268,43.65,292.85,15
"=""amzn1.ads-account.g.7qon60b3itwr4fzatg0h6r5fv""",Portwest IT,,"=""499173945259706""",Project Candy - Target Styles Q4 2024 - Auto Low Bid - MJC,IT,3,EUR,2026,166184,0.7227%,0.19633,1201,235.79,2837.98,160
"=""amzn1.ads-account.g.9mvvwnjt2tsmdz08926vlb17a""",Portwest DE,,"=""358197710343541""",Project Candy - Converting EXT - 20240711,DE,4,EUR,2025,153673,0.3904%,0.24377,600,146.26,1708.08,96
"=""amzn1.ads-account.g.1pajz8jo9dcmlcw2654w4ynhd""",Portwest Australia,,"=""127908567131055""",Auto All Low Bid MJC,AU,2,AUD,2025,145333,0.1920%,0.19290,279,53.82,391.47,20
"=""amzn1.ads-account.g.6wubx539i9z2ina5h90v21w6e""",WWD - Workwear Depot,,"=""123049042264341""",Portwest + Style Code - Manual EXACT - MJC,US,10,USD,2025,847,1.2987%,0.27364,11,3.01,43.99,1
"=""amzn1.ads-account.g.betoci5lb82z6jole1u6tt780""",Portwest FR,,"=""500653553293902""",Bridging Promo 17 May - Project Candy Low Bid - MJC,FR,11,EUR,2025,156369,0.3249%,0.19640,508,99.77,285.17,14
"=""amzn1.ads-account.g.5dfl8rvx53v3cuqmb1snnubcf""",Portwest NL,,"=""443819118758041""",Bridging Promo 24 May - Project Candy Low Bid - MJC,NL,5,EUR,2026,14637,0.3826%,0.10821,56,6.06,0.00,0
"=""amzn1.ads-account.g.1pajz8jo9dcmlcw2654w4ynhd""",Portwest Australia,,"=""257891712755572""",Profit MJC,AU,7,AUD,2025,9734,1.2533%,0.85828,122,104.71,970.98,33
"=""amzn1.ads-account.g.6wubx539i9z2ina5h90v21w6e""",WWD - Workwear Depot,,"=""505622175738793""",DX4 Product Launch Auto - Low Bid Oct 2024 - JC,US,8,USD,2026,393,0.0000%,,0,0.00,0.00,0
"=""amzn1.ads-account.g.5dfl8rvx53v3cuqmb1snnubcf""",Portwest NL,,"=""360807979703590""",Auto Low Bid - Q4 2023 - MJC,NL,7,EUR,2025,43041,0.3369%,0.09310,145,13.50,238.69,13
"=""amzn1.ads-account.g.betoci5lb82z6jole1u6tt780""",Portwest FR,,"=""19826924345521""",Growers - Auto Low Bid - MJC,FR,7,EUR,2026,140930,0.3349%,0.16218,472,76.55,1986.03,71
"=""amzn1.ads-account.g.6wubx539i9z2ina5h90v21w6e""",WWD - Workwear Depot,,"=""123049042264341""",Portwest + Style Code - Manual EXACT - MJC,US,1,USD,2026,131,13.7405%,0.37667,18,6.78,26.00,1
"=""amzn1.ads-account.g.9mvvwnjt2tsmdz08926vlb17a""",Portwest DE,,"=""547494018872329""",Keyword Research Low Bid (Seasonal) - BRD PHR - SD,DE,2,EUR,2026,462643,0.3063%,0.23440,1417,332.15,3106.50,154
"=""amzn1.ads-account.g.9mvvwnjt2tsmdz08926vlb17a""",Portwest DE,,"=""447304808837659""",SP - PRIME DAY - Project Candy Low Bid with Multi,DE,1,EUR,2026,1693863,0.5166%,0.22830,8751,1997.85,33391.43,1984
"=""amzn1.ads-account.g.6wubx539i9z2ina5h90v21w6e""",WWD - Workwear Depot,,"=""157714611577244""",M - Auto Low Bid - May 2023 - MJC,US,5,USD,2026,17,0.0000%,,0,0.00,0.00,0
"=""amzn1.ads-account.g.5dfl8rvx53v3cuqmb1snnubcf""",Portwest NL,,"=""389075736151395""",Auto All - EURO Expansion 4 - Campaign B - MJC,NL,12,EUR,2025,69622,0.5171%,0.06314,360,22.73,623.77,33
"=""amzn1.ads-account.g.betoci5lb82z6jole1u6tt780""",Portwest FR,,"=""449898276473828""",SP - PBDD - Project Candy Low Bid - MJC,FR,3,EUR,2026,918552,0.4354%,0.14715,3999,588.47,12009.66,639
"=""amzn1.ads-account.g.7qon60b3itwr4fzatg0h6r5fv""",Portwest IT,,"=""325147263942313""",Keyword Research Low Bid Group 2 - BRD PHR Oct 2024 - JC,IT,6,EUR,2025,174152,0.4370%,0.17289,761,131.57,979.17,69
"=""amzn1.ads-account.g.1pajz8jo9dcmlcw2654w4ynhd""",Portwest Australia,,"=""296844823415113""",C734_Auto_Low_Bid_AH Copy 1,AU,1,AUD,2026,24,0.0000%,,0,0.00,0.00,0
"=""amzn1.ads-account.g.1pajz8jo9dcmlcw2654w4ynhd""",Portwest Australia,,"=""534285577334243""",Project Candy V3 - Top 100 (May 2025) - Auto Low Bid with Multi - MJC,AU,2,AUD,2026,169206,0.7062%,0.42188,1195,504.15,7464.83,369
"=""amzn1.ads-account.g.95u2ty2xhpic90diqqwzt6a2s""",Portwest USA,,"=""347103425994483""",Display Ads Top Styles Converting Group 1 SD - Sep 2024 - JC,US,10,USD,2025,3252,0.3075%,1.46500,10,14.65,31.99,1
"=""amzn1.ads-account.g.9mvvwnjt2tsmdz08926vlb17a""",Portwest DE,,"=""456161439841495""",Store Spotlight (DE) SB - Homepage - SD,DE,6,EUR,2025,89150,0.1256%,0.16598,112,18.59,474.27,13
"=""amzn1.ads-account.g.bak81x0kttgh0i1ah3ezzzu2m""",Portwest PL,,"=""442594519627299""",Bridging Promo 24 May - Project Candy Low Bid - MJC,PL,12,PLN,2025,1268,0.2366%,0.32667,3,0.98,0.00,0
"=""amzn1.ads-account.g.9mvvwnjt2tsmdz08926vlb17a""",Portwest DE,,"=""44819252859905""",Manual Targeting - S999 (CY),DE,2,EUR,2025,164316,0.8940%,0.27724,1469,407.26,2158.16,81
"=""amzn1.ads-account.g.7qon60b3itwr4fzatg0h6r5fv""",Portwest IT,,"=""421546352398518""",SP - PRIME DAY - Project Candy Low Bid with Multi,IT,7,EUR,2025,6835745,0.2603%,0.22526,17796,4008.73,20229.65,1002
"=""amzn1.ads-account.g.7qon60b3itwr4fzatg0h6r5fv""",Portwest IT,,"=""501655278304804""",Growers - Auto Low Bid - MJC,IT,3,EUR,2026,144029,0.5936%,0.09544,855,81.60,2195.59,98
"=""amzn1.ads-account.g.9mvvwnjt2tsmdz08926vlb17a""",Portwest DE,,"=""358197710343541""",Project Candy - Converting EXT - 20240711,DE,3,EUR,2025,99123,0.3985%,0.17868,395,70.58,1364.44,72
"=""amzn1.ads-account.g.95u2ty2xhpic90diqqwzt6a2s""",Portwest USA,,"=""537725771300092""",Profit Focus Top Styles group 2 - Exact - Oct 2024 - JC,US,10,USD,2025,6027,0.3484%,0.84048,21,17.65,18.15,1
"=""amzn1.ads-account.g.1pajz8jo9dcmlcw2654w4ynhd""",Portwest Australia,,"=""39192368924791""",Display Ads Converting,AU,8,AUD,2025,1,0.0000%,,0,0.00,0.00,0
"=""amzn1.ads-account.g.8os9jbxe8uolgs0z0ka9qua0q""",Portwest ES,,"=""12598931650806""",SP - Amazon Business Project Candy - Missing Styles June 2026 - Low Bid - MJC (B),ES,9,EUR,2026,343475,0.1581%,0.27810,543,151.01,1298.53,76
"=""amzn1.ads-account.g.5dfl8rvx53v3cuqmb1snnubcf""",Portwest NL,,"=""389075736151395""",Auto All - EURO Expansion 4 - Campaign B - MJC,NL,3,EUR,2026,3628,0.6340%,0.10174,23,2.34,111.98,6
"=""amzn1.ads-account.g.9mvvwnjt2tsmdz08926vlb17a""",Portwest DE,,"=""420256858234177""",SP - Bridging Promo 5th August 2025,DE,12,EUR,2025,94283,0.3086%,0.17474,291,50.85,390.67,27
"=""amzn1.ads-account.g.1pajz8jo9dcmlcw2654w4ynhd""",Portwest Australia,,"=""228877476300003""",Auto Low Bid - April 2023 - All Styles - MJC,AU,2,AUD,2025,315744,0.3044%,0.23062,961,221.63,3769.41,151
"=""amzn1.ads-account.g.9mvvwnjt2tsmdz08926vlb17a""",Portwest DE,,"=""533829515195503""",SP - UK Gap Products - Project Candy - Auto Low Bid - MJC,DE,5,EUR,2026,244702,0.3318%,0.15504,812,125.89,1728.81,72
"=""amzn1.ads-account.g.6wubx539i9z2ina5h90v21w6e""",WWD - Workwear Depot,,"=""92810336598365""",E - Auto Low Bid - May 2023 - MJC,US,7,USD,2026,45,4.4444%,0.24000,2,0.48,0.00,0
"=""amzn1.ads-account.g.6wubx539i9z2ina5h90v21w6e""",WWD - Workwear Depot,,"=""129758628454478""",UH440 - Auto - May 2023,US,4,USD,2025,8956,0.6699%,0.62267,60,37.36,321.18,8
"=""amzn1.ads-account.g.1pajz8jo9dcmlcw2654w4ynhd""",Portwest Australia,,"=""296844823415113""",C734_Auto_Low_Bid_AH Copy 1,AU,3,AUD,2025,321,0.3115%,0.02000,1,0.02,0.00,0
"=""amzn1.ads-account.g.6wubx539i9z2ina5h90v21w6e""",WWD - Workwear Depot,,"=""349831502064744""",SP - Project Candy Low Bid - Seller Focus Styles - MJC,US,3,USD,2026,97733,0.6927%,0.20436,677,138.35,917.83,19
"=""amzn1.ads-account.g.5dfl8rvx53v3cuqmb1snnubcf""",Portwest NL,,"=""360807979703590""",Auto Low Bid - Q4 2023 - MJC,NL,1,EUR,2025,58613,0.2969%,0.07443,174,12.95,268.36,10
"=""amzn1.ads-account.g.9mvvwnjt2tsmdz08926vlb17a""",Portwest DE,,"=""524187804468115""",Store Spotlight SB DE (2) - SD,DE,10,EUR,2025,878239,0.0361%,0.16675,317,52.86,151.95,7
"=""amzn1.ads-account.g.9mvvwnjt2tsmdz08926vlb17a""",Portwest DE,,"=""184430825120105""",PAT Competitor - C733 (CY),DE,5,EUR,2026,5056,1.5823%,0.52725,80,42.18,484.16,27
"=""amzn1.ads-account.g.9zovk6zrqsgpaj8x2od1sbl53""",Portwest - BE BISS - (Pan-EU),,"=""289395542376704""",Bridging Promo 24 May - Project Candy Low Bid - MJC,BE,12,EUR,2025,1106,0.3617%,0.12750,4,0.51,0.00,0
"=""amzn1.ads-account.g.9zovk6zrqsgpaj8x2od1sbl53""",Portwest - BE BISS - (Pan-EU),,"=""457392713613897""",Droppers (From UK) - Auto Low Bid - MJC,BE,5,EUR,2025,1585,1.8927%,0.10667,30,3.20,43.98,3
"=""amzn1.ads-account.g.95u2ty2xhpic90diqqwzt6a2s""",Portwest USA,,"=""466909516541266""",Keyword Research 2 Low Bid - BRD PHR - JC,US,4,USD,2025,188189,0.0723%,0.22559,136,30.68,454.39,29
"=""amzn1.ads-account.g.6wubx539i9z2ina5h90v21w6e""",WWD - Workwear Depot,,"=""403581243770082""",Focus Styles (Top Selling Seller) - Auto Low Bid June 2023 - MJC,US,4,USD,2025,4870,0.7187%,0.39286,35,13.75,80.60,2
"=""amzn1.ads-account.g.betoci5lb82z6jole1u6tt780""",Portwest FR,,"=""410848499689009""",Store Spotlight SB FR (2) - SD,FR,3,EUR,2026,535380,0.0603%,0.16907,323,54.61,599.40,33
"=""amzn1.ads-account.g.9mvvwnjt2tsmdz08926vlb17a""",Portwest DE,,"=""309290485231754""",Display Ads Converting SP SD,DE,2,EUR,2025,16384,0.0916%,0.44467,15,6.67,184.80,8
"=""amzn1.ads-account.g.7qon60b3itwr4fzatg0h6r5fv""",Portwest IT,,"=""394086876968340""",PAT Profit Style - Low bid EXT and EXP Oct 2024 - JC,IT,9,EUR,2025,291293,0.5345%,0.16768,1557,261.07,2304.96,121
"=""amzn1.ads-account.g.betoci5lb82z6jole1u6tt780""",Portwest FR,,"=""294745696953229""",Keyword Research Low Bid (Seasonal) - BRD PHR - SD,FR,4,EUR,2026,74267,0.4753%,0.16708,353,58.98,788.50,51
"=""amzn1.ads-account.g.betoci5lb82z6jole1u6tt780""",Portwest FR,,"=""408313467426953""",Store Spotlight SB FR (Homepage) - SD,FR,9,EUR,2025,2773487,0.0620%,0.15657,1719,269.14,1616.59,58
"=""amzn1.ads-account.g.6wubx539i9z2ina5h90v21w6e""",WWD - Workwear Depot,,"=""262860660370351""",B - Auto Low Bid - May 2023 - MJC,US,8,USD,2025,4110,0.0000%,,0,0.00,0.00,0
"=""amzn1.ads-account.g.8os9jbxe8uolgs0z0ka9qua0q""",Portwest ES,,"=""496172824240757""",Bridging Promo 21 May - Project Candy Low Bid - MJC,ES,10,EUR,2025,292897,0.2025%,0.18452,593,109.42,402.59,9
"=""amzn1.ads-account.g.5dfl8rvx53v3cuqmb1snnubcf""",Portwest NL,,"=""443819118758041""",Bridging Promo 24 May - Project Candy Low Bid - MJC,NL,8,EUR,2026,23160,0.2634%,0.11393,61,6.95,70.04,2
"=""amzn1.ads-account.g.betoci5lb82z6jole1u6tt780""",Portwest FR,,"=""560822063068179""",Manual Profit EXT Low Bid - December 2023 - MJC,FR,5,EUR,2026,37902,0.3588%,0.14559,136,19.80,424.44,21
"=""amzn1.ads-account.g.1pajz8jo9dcmlcw2654w4ynhd""",Portwest Australia,,"=""514462827169654""",SP - PRIME DAY - Project Candy Low Bid with Multi,AU,9,AUD,2025,259392,0.3292%,0.38149,854,325.79,2895.17,101
"=""amzn1.ads-account.g.9mvvwnjt2tsmdz08926vlb17a""",Portwest DE,,"=""456161439841495""",Store Spotlight (DE) SB - Homepage - SD,DE,11,EUR,2025,724062,0.1873%,0.17843,1356,241.95,5908.90,147
"=""amzn1.ads-account.g.betoci5lb82z6jole1u6tt780""",Portwest FR,,"=""375571445949915""",Keyword Research Low Bid - BRD PHR - SD,FR,6,EUR,2025,549030,0.2177%,0.18425,1195,220.18,3490.80,144
"=""amzn1.ads-account.g.6wubx539i9z2ina5h90v21w6e""",WWD - Workwear Depot,,"=""92810336598365""",E - Auto Low Bid - May 2023 - MJC,US,12,USD,2025,19,0.0000%,,0,0.00,0.00,0
"=""amzn1.ads-account.g.8os9jbxe8uolgs0z0ka9qua0q""",Portwest ES,,"=""466433429362650""",Keyword Research Low Bid (Top Sellers) - BRD PHR - SD,ES,7,EUR,2026,118788,0.2938%,0.16381,349,57.17,750.61,42
"=""amzn1.ads-account.g.1pajz8jo9dcmlcw2654w4ynhd""",Portwest Australia,,"=""533603650852527""",Keyword Research Low Bid - BRD PHR - SD,AU,4,AUD,2025,245923,0.2838%,0.42977,698,299.98,3395.10,132
"=""amzn1.ads-account.g.95u2ty2xhpic90diqqwzt6a2s""",Portwest USA,,"=""361201165946376""",Home and Garden - Project Candy - Auto Low Bid - MJC,US,8,USD,2025,51994,0.3770%,0.22673,196,44.44,453.60,31
"=""amzn1.ads-account.g.1pajz8jo9dcmlcw2654w4ynhd""",Portwest Australia,,"=""328813373672013""",Aoife Keyword Res - Manual EXT - MJC 24,AU,11,AUD,2025,12247,0.1715%,0.39905,21,8.38,103.59,4
"=""amzn1.ads-account.g.8os9jbxe8uolgs0z0ka9qua0q""",Portwest ES,,"=""414379648842481""",SP - B2B Auto Low Bid - MC,ES,3,EUR,2026,52417,0.5037%,0.26746,264,70.61,3876.91,220
"=""amzn1.ads-account.g.betoci5lb82z6jole1u6tt780""",Portwest FR,,"=""559985404216891""",SP - Project Candy Auto Low Bid - Bridging Promo - 22 Sep - MJC,FR,12,EUR,2025,21585,0.4355%,0.11032,94,10.37,66.95,5
"=""amzn1.ads-account.g.7qon60b3itwr4fzatg0h6r5fv""",Portwest IT,,"=""344146066785323""",SP - Project Candy Auto Low Bid - Bridging Promo - 22 Sep - MJC,IT,11,EUR,2025,1730782,0.2536%,0.10836,4390,475.68,3491.21,162
"=""amzn1.ads-account.g.1pajz8jo9dcmlcw2654w4ynhd""",Portwest Australia,,"=""302643831867198""",Droppers - Auto Low Bid - MJC,AU,6,AUD,2025,29058,0.5747%,0.35138,167,58.68,466.61,31
"=""amzn1.ads-account.g.6wubx539i9z2ina5h90v21w6e""",WWD - Workwear Depot,,"=""79612097815056""",SP - Project Sunshine Auto Low Bid - MC,US,9,USD,2026,2252,0.7993%,0.38167,18,6.87,0.00,0
"=""amzn1.ads-account.g.95u2ty2xhpic90diqqwzt6a2s""",Portwest USA,,"=""404384002405554""",Style Specific - UH447 - Keyword Research Low Bid (0.25) - BRD PHR - Dayparting 25 Increase Weekdays - MJC,US,8,USD,2025,6151,0.2764%,0.32529,17,5.53,0.00,0
"=""amzn1.ads-account.g.6wubx539i9z2ina5h90v21w6e""",WWD - Workwear Depot,,"=""123049042264341""",Portwest + Style Code - Manual EXACT - MJC,US,8,USD,2026,164,12.1951%,0.34200,20,6.84,0.00,0
"=""amzn1.ads-account.g.9mvvwnjt2tsmdz08926vlb17a""",Portwest DE,,"=""547494018872329""",Keyword Research Low Bid (Seasonal) - BRD PHR - SD,DE,10,EUR,2025,615183,0.3752%,0.23632,2308,545.43,8620.06,515
"=""amzn1.ads-account.g.1pajz8jo9dcmlcw2654w4ynhd""",Portwest Australia,,"=""82479822838699""",Auto Low Bid - Unhealthy Inventory V2 - MJC,AU,11,AUD,2025,66150,0.4384%,0.15962,290,46.29,992.11,49
"=""amzn1.ads-account.g.bak81x0kttgh0i1ah3ezzzu2m""",Portwest PL,,"=""442163708910699""",Auto All - EURO Expansion 4 - Campaign A - MJC,PL,3,PLN,2025,185778,0.1496%,0.32763,278,91.08,492.79,4
"=""amzn1.ads-account.g.betoci5lb82z6jole1u6tt780""",Portwest FR,,"=""201893153506278""",Droppers - Profit - MJC,FR,6,EUR,2026,4287,0.4899%,0.16048,21,3.37,33.31,2
"=""amzn1.ads-account.g.9mvvwnjt2tsmdz08926vlb17a""",Portwest DE,,"=""547494018872329""",Keyword Research Low Bid (Seasonal) - BRD PHR - SD,DE,6,EUR,2026,268637,0.1802%,0.21973,484,106.35,1147.91,114
"=""amzn1.ads-account.g.95u2ty2xhpic90diqqwzt6a2s""",Portwest USA,,"=""363307255195676""",PAT Profit Style group 1 - Low bid Sep 2024 - JC,US,1,USD,2025,12515,0.8789%,0.32355,110,35.59,1241.59,15
"=""amzn1.ads-account.g.9mvvwnjt2tsmdz08926vlb17a""",Portwest DE,,"=""448372766050370""",Bridging Promo 24 May - Project Candy Low Bid - MJC,DE,11,EUR,2025,203456,0.3554%,0.19498,723,140.97,2838.45,93
"=""amzn1.ads-account.g.9mvvwnjt2tsmdz08926vlb17a""",Portwest DE,,"=""339739082571714""",Auto Low Bid - Q1 2024 - Feb Deals - MJC,DE,1,EUR,2026,544615,0.2262%,0.15696,1232,193.37,2451.95,90
"=""amzn1.ads-account.g.1pajz8jo9dcmlcw2654w4ynhd""",Portwest Australia,,"=""228877476300003""",Auto Low Bid - April 2023 - All Styles - MJC,AU,5,AUD,2026,334699,0.3260%,0.29349,1091,320.20,4026.74,109
"=""amzn1.ads-account.g.95u2ty2xhpic90diqqwzt6a2s""",Portwest USA,,"=""340748795056441""",Style Specific - UH447 - Auto Low Bid (0.25) with Dayparting - Weekdays at 50% - MJC,US,7,USD,2025,26907,0.5612%,0.48358,151,73.02,1200.95,25
"=""amzn1.ads-account.g.8os9jbxe8uolgs0z0ka9qua0q""",Portwest ES,,"=""449211671742243""",Keyword Research Low Bid - BRD PHR - SD,ES,3,EUR,2025,1900240,0.1246%,0.17784,2367,420.94,2589.49,80
"=""amzn1.ads-account.g.95u2ty2xhpic90diqqwzt6a2s""",Portwest USA,,"=""447677372993835""",PAT Profit US440 - Exact - Oct 2024 - JC,US,6,USD,2025,8101,0.9999%,0.70025,81,56.72,207.31,12
"=""amzn1.ads-account.g.5dfl8rvx53v3cuqmb1snnubcf""",Portwest NL,,"=""444011378490748""",SP - Project Candy - Bridging Promo - 5 Sep 2025 - Auto Low Bid - MJC,NL,6,EUR,2026,169518,0.3610%,0.12693,612,77.68,833.15,52
"=""amzn1.ads-account.g.5dfl8rvx53v3cuqmb1snnubcf""",Portwest NL,,"=""443819118758041""",Bridging Promo 24 May - Project Candy Low Bid - MJC,NL,5,EUR,2025,2827,0.1415%,0.14750,4,0.59,0.00,0
"=""amzn1.ads-account.g.7qon60b3itwr4fzatg0h6r5fv""",Portwest IT,,"=""110783796402197""",Droppers - Auto Low Bid - MJC,IT,1,EUR,2025,349394,0.5106%,0.15761,1784,281.18,3104.70,88
"=""amzn1.ads-account.g.9mvvwnjt2tsmdz08926vlb17a""",Portwest DE,,"=""309290485231754""",Display Ads Converting SP SD,DE,5,EUR,2026,22387,0.1742%,0.55282,39,21.56,371.45,20
"=""amzn1.ads-account.g.mxheehzl72t4l5it1hfsk6xz""",Portwest SE,,"=""329244351830333""",Droppers (From UK) - Auto Low Bid - MJC,SE,5,SEK,2025,7543,0.5701%,0.92837,43,39.92,707.08,4
"=""amzn1.ads-account.g.9mvvwnjt2tsmdz08926vlb17a""",Portwest DE,,"=""555695194898382""",SP - PBDD - Project Candy Low Bid - MJC,DE,7,EUR,2026,382039,0.4259%,0.16273,1627,264.76,4456.62,279
"=""amzn1.ads-account.g.betoci5lb82z6jole1u6tt780""",Portwest FR,,"=""560822063068179""",Manual Profit EXT Low Bid - December 2023 - MJC,FR,4,EUR,2025,50315,0.4849%,0.14279,244,34.84,1940.45,131
"=""amzn1.ads-account.g.6wubx539i9z2ina5h90v21w6e""",WWD - Workwear Depot,,"=""26886441161653""",C - Auto Low Bid - May 2023 - MJC,US,6,USD,2025,122,0.0000%,,0,0.00,0.00,0
"=""amzn1.ads-account.g.7qon60b3itwr4fzatg0h6r5fv""",Portwest IT,,"=""491583009841605""",SP - Bridging Promo until 4th Aug - Project Candy Low Bid - MJC,IT,6,EUR,2026,109208,0.3049%,0.15979,333,53.21,579.04,32
"=""amzn1.ads-account.g.7qon60b3itwr4fzatg0h6r5fv""",Portwest IT,,"=""344146066785323""",SP - Project Candy Auto Low Bid - Bridging Promo - 22 Sep - MJC,IT,1,EUR,2026,2587621,0.2537%,0.10521,6566,690.82,7033.79,253
"=""amzn1.ads-account.g.9mvvwnjt2tsmdz08926vlb17a""",Portwest DE,,"=""488971604344142""",Keyword Research Low Bid (New Selection) - BRD PHR - SD,DE,5,EUR,2025,809537,0.1702%,0.24306,1378,334.94,2721.50,113
"=""amzn1.ads-account.g.9zovk6zrqsgpaj8x2od1sbl53""",Portwest - BE BISS - (Pan-EU),,"=""467986707928067""",SP - Project Candy - Bridging Promo - 22 Sep 2025 - Auto Low Bid - MJC,BE,9,EUR,2026,17627,0.9985%,0.14483,176,25.49,80.04,6
"=""amzn1.ads-account.g.95u2ty2xhpic90diqqwzt6a2s""",Portwest USA,,"=""390173334565299""",High ROAS US440 - Medium bid Oct 2024 - JC,US,10,USD,2025,2195,1.0478%,0.72522,23,16.68,21.48,1
"=""amzn1.ads-account.g.bak81x0kttgh0i1ah3ezzzu2m""",Portwest PL,,"=""498483964951140""",Auto Low Bid - Q1 2024 - Feb Deals - MJC,PL,1,PLN,2025,10701,0.1308%,0.10857,14,1.52,0.00,0
"=""amzn1.ads-account.g.1pajz8jo9dcmlcw2654w4ynhd""",Portwest Australia,,"=""302643831867198""",Droppers - Auto Low Bid - MJC,AU,5,AUD,2026,29687,0.4581%,0.48301,136,65.69,1042.58,43
"=""amzn1.ads-account.g.1pajz8jo9dcmlcw2654w4ynhd""",Portwest Australia,,"=""463416327324191""",Growers - Auto Low Bid - MJC,AU,1,AUD,2025,36858,0.4151%,0.27824,153,42.57,427.42,43
"=""amzn1.ads-account.g.7qon60b3itwr4fzatg0h6r5fv""",Portwest IT,,"=""325147263942313""",Keyword Research Low Bid Group 2 - BRD PHR Oct 2024 - JC,IT,10,EUR,2025,435804,0.3203%,0.16915,1396,236.14,2077.20,168
"=""amzn1.ads-account.g.95u2ty2xhpic90diqqwzt6a2s""",Portwest USA,,"=""404384002405554""",Style Specific - UH447 - Keyword Research Low Bid (0.25) - BRD PHR - Dayparting 25 Increase Weekdays - MJC,US,4,USD,2025,8665,0.4385%,0.35132,38,13.35,180.63,2
"=""amzn1.ads-account.g.1pajz8jo9dcmlcw2654w4ynhd""",Portwest Australia,,"=""538175312863476""",SP - PBDD - Project Candy Low Bid - with Multi - MJC,AU,3,AUD,2026,54150,0.5115%,0.09332,277,25.85,1043.71,44
"=""amzn1.ads-account.g.9mvvwnjt2tsmdz08926vlb17a""",Portwest DE,,"=""184430825120105""",PAT Competitor - C733 (CY),DE,9,EUR,2025,56862,0.8318%,0.37326,473,176.55,1892.28,114
"=""amzn1.ads-account.g.6wubx539i9z2ina5h90v21w6e""",WWD - Workwear Depot,,"=""549574665294693""",SP - Catch All Low Bid - All Live Product - with Multi - MJC,US,5,USD,2026,67453,0.7931%,0.23135,535,123.77,930.89,16
"=""amzn1.ads-account.g.9mvvwnjt2tsmdz08926vlb17a""",Portwest DE,,"=""145924525357081""",Droppers - Auto Low Bid - MJC,DE,2,EUR,2026,106759,0.3812%,0.16015,407,65.18,4147.19,512
"=""amzn1.ads-account.g.9mvvwnjt2tsmdz08926vlb17a""",Portwest DE,,"=""447304808837659""",SP - PRIME DAY - Project Candy Low Bid with Multi,DE,4,EUR,2026,781547,0.4734%,0.22858,3700,845.73,12589.90,808
"=""amzn1.ads-account.g.95u2ty2xhpic90diqqwzt6a2s""",Portwest USA,,"=""208932509891715""",SP - Relaunch June 2026 - Project Candy w Multi - MJC,US,8,USD,2026,72294,1.0817%,0.23400,782,182.99,1305.04,39
"=""amzn1.ads-account.g.1pajz8jo9dcmlcw2654w4ynhd""",Portwest Australia,,"=""313517393614726""",Push Q1 2024 - Auto Low Bid - MJC,AU,1,AUD,2025,99375,0.3059%,0.27908,304,84.84,1089.16,65
"=""amzn1.ads-account.g.8os9jbxe8uolgs0z0ka9qua0q""",Portwest ES,,"=""204794077297538""",Base - Top 10 Sellers - Auto Low Bid - MJC,ES,6,EUR,2026,11242,0.4714%,0.16245,53,8.61,0.00,0
"=""amzn1.ads-account.g.1pajz8jo9dcmlcw2654w4ynhd""",Portwest Australia,,"=""519485767745737""",Keyword Research Low Bid - BRD PHR - AH,AU,5,AUD,2026,68192,0.4443%,0.57112,303,173.05,1978.50,45
"=""amzn1.ads-account.g.7qon60b3itwr4fzatg0h6r5fv""",Portwest IT,,"=""465724007904797""",Home and Garden 2025 - Project Candy - Auto Low Bid - MJC,IT,2,EUR,2026,275685,0.2909%,0.12919,802,103.61,470.77,14
"=""amzn1.ads-account.g.95u2ty2xhpic90diqqwzt6a2s""",Portwest USA,,"=""365236114070531""",SP - PBDD - Project Candy Low Bid - with Multi - MJC,US,6,USD,2026,253,0.3953%,0.14000,1,0.14,0.00,0
"=""amzn1.ads-account.g.9mvvwnjt2tsmdz08926vlb17a""",Portwest DE,,"=""44819252859905""",Manual Targeting - S999 (CY),DE,6,EUR,2025,5987,0.3675%,0.36136,22,7.95,41.98,2
"=""amzn1.ads-account.g.1pajz8jo9dcmlcw2654w4ynhd""",Portwest Australia,,"=""257891712755572""",Profit MJC,AU,6,AUD,2025,10803,0.6943%,0.73253,75,54.94,603.72,16
"=""amzn1.ads-account.g.9mvvwnjt2tsmdz08926vlb17a""",Portwest DE,,"=""288384587728489""",Bridging Promo 17 May - Project Candy Low Bid - MJC,DE,11,EUR,2025,189490,0.3140%,0.15153,595,90.16,989.72,38
"=""amzn1.ads-account.g.6wubx539i9z2ina5h90v21w6e""",WWD - Workwear Depot,,"=""92810336598365""",E - Auto Low Bid - May 2023 - MJC,US,8,USD,2025,31,0.0000%,,0,0.00,0.00,0
"=""amzn1.ads-account.g.5dfl8rvx53v3cuqmb1snnubcf""",Portwest NL,,"=""360807979703590""",Auto Low Bid - Q4 2023 - MJC,NL,4,EUR,2026,11526,0.3210%,0.09270,37,3.43,0.00,0
"=""amzn1.ads-account.g.9mvvwnjt2tsmdz08926vlb17a""",Portwest DE,,"=""368937778983831""",Manual Profit EXT Low Bid - December 2023 - MJC,DE,6,EUR,2025,70533,0.3176%,0.23938,224,53.62,729.36,43
"=""amzn1.ads-account.g.betoci5lb82z6jole1u6tt780""",Portwest FR,,"=""343852336066323""",SP - Bridging Promo 5th August 2025,FR,12,EUR,2025,126400,0.3979%,0.16807,503,84.54,683.77,51
"=""amzn1.ads-account.g.9mvvwnjt2tsmdz08926vlb17a""",Portwest DE,,"=""52065936047090""",Droppers - Profit - MJC`,DE,3,EUR,2026,7513,0.4659%,0.23086,35,8.08,239.44,9
"=""amzn1.ads-account.g.1pajz8jo9dcmlcw2654w4ynhd""",Portwest Australia,,"=""411010298200586""",Store Spotlight SB - SD,AU,1,AUD,2026,203532,0.2059%,0.16928,419,70.93,1621.01,59
"=""amzn1.ads-account.g.mxheehzl72t4l5it1hfsk6xz""",Portwest SE,,"=""523189388917025""",SP - Project Candy Auto Low Bid - Bridging Promo - 22 Sep - MJC,SE,7,SEK,2026,9785,0.2248%,0.99773,22,21.95,0.00,0
"=""amzn1.ads-account.g.7qon60b3itwr4fzatg0h6r5fv""",Portwest IT,,"=""320546710532715""",Bridging Promo 31 May - Project Candy Low Bid - MJC,IT,7,EUR,2025,543251,0.3717%,0.18267,2019,368.81,2707.61,121
"=""amzn1.ads-account.g.95u2ty2xhpic90diqqwzt6a2s""",Portwest USA,,"=""347103425994483""",Display Ads Top Styles Converting Group 1 SD - Sep 2024 - JC,US,7,USD,2025,7981,0.2130%,1.38529,17,23.55,170.77,4
"=""amzn1.ads-account.g.6wubx539i9z2ina5h90v21w6e""",WWD - Workwear Depot,,"=""353455736089883""",SP - Project Candy Low Bid - Winning Terms - Profit - EXT - MJC,US,7,USD,2026,1133,0.1765%,0.06500,2,0.13,0.00,0
"=""amzn1.ads-account.g.6wubx539i9z2ina5h90v21w6e""",WWD - Workwear Depot,,"=""344804552113751""",SP - Black Friday - MC,US,11,USD,2025,5876,1.4295%,0.34274,84,28.79,114.29,1
"=""amzn1.ads-account.g.95u2ty2xhpic90diqqwzt6a2s""",Portwest USA,,"=""390173334565299""",High ROAS US440 - Medium bid Oct 2024 - JC,US,1,USD,2025,19574,0.5262%,0.71544,103,73.69,224.40,14
"=""amzn1.ads-account.g.9mvvwnjt2tsmdz08926vlb17a""",Portwest DE,,"=""456161439841495""",Store Spotlight (DE) SB - Homepage - SD,DE,1,EUR,2026,711736,0.1376%,0.16792,979,164.39,3688.07,86
"=""amzn1.ads-account.g.1pajz8jo9dcmlcw2654w4ynhd""",Portwest Australia,,"=""480370204072590""",PAT Profit Low Bid - Q2 2024 - MJC,AU,11,AUD,2025,4869,0.5135%,0.29800,25,7.45,22.68,1
"=""amzn1.ads-account.g.9zovk6zrqsgpaj8x2od1sbl53""",Portwest - BE BISS - (Pan-EU),,"=""467986707928067""",SP - Project Candy - Bridging Promo - 22 Sep 2025 - Auto Low Bid - MJC,BE,4,EUR,2026,23631,0.8040%,0.13637,190,25.91,165.82,7
"=""amzn1.ads-account.g.9mvvwnjt2tsmdz08926vlb17a""",Portwest DE,,"=""488971604344142""",Keyword Research Low Bid (New Selection) - BRD PHR - SD,DE,4,EUR,2025,551875,0.2055%,0.24241,1134,274.89,2315.36,106
"=""amzn1.ads-account.g.1pajz8jo9dcmlcw2654w4ynhd""",Portwest Australia,,"=""529658289585474""",May Promo - Project Candy - Auto Low Bid - MJC,AU,10,AUD,2025,313222,0.3090%,0.26925,968,260.63,2684.21,135
"=""amzn1.ads-account.g.6wubx539i9z2ina5h90v21w6e""",WWD - Workwear Depot,,"=""278469250312380""",A - Auto Low Bid - May 2023 - MJC,US,7,USD,2025,399,0.2506%,0.25000,1,0.25,0.00,0
"=""amzn1.ads-account.g.9mvvwnjt2tsmdz08926vlb17a""",Portwest DE,,"=""561617050692541""",Auto Low Bid - Q4 2023 - MJC,DE,7,EUR,2025,112347,0.4780%,0.21402,537,114.93,1817.02,85
"=""amzn1.ads-account.g.bak81x0kttgh0i1ah3ezzzu2m""",Portwest PL,,"=""490065738750316""",Droppers (From UK) - Auto Low Bid - MJC,PL,8,PLN,2025,7120,0.3090%,0.28818,22,6.34,125.01,2
"=""amzn1.ads-account.g.1pajz8jo9dcmlcw2654w4ynhd""",Portwest Australia,,"=""82479822838699""",Auto Low Bid - Unhealthy Inventory V2 - MJC,AU,1,AUD,2026,36171,0.5087%,0.17000,184,31.28,355.63,16
"=""amzn1.ads-account.g.9zovk6zrqsgpaj8x2od1sbl53""",Portwest - BE BISS - (Pan-EU),,"=""480650557145400""",SP - PBDD - Project Candy Low Bid - MJC,BE,6,EUR,2026,7815,1.0621%,0.13289,83,11.03,226.30,12
"=""amzn1.ads-account.g.betoci5lb82z6jole1u6tt780""",Portwest FR,,"=""330209804597144""",SP - Bridging Promo until 4th Aug - Project Candy Low Bid - MJC,FR,1,EUR,2026,284661,0.4542%,0.14956,1293,193.38,2813.86,166
"=""amzn1.ads-account.g.8os9jbxe8uolgs0z0ka9qua0q""",Portwest ES,,"=""449211671742243""",Keyword Research Low Bid - BRD PHR - SD,ES,9,EUR,2026,11436,0.1487%,0.16412,17,2.79,21.65,1
"=""amzn1.ads-account.g.betoci5lb82z6jole1u6tt780""",Portwest FR,,"=""157283469880101""",SP - Amazon Business Project Candy - Missing Styles June 2026 - Low Bid - MJC (A),FR,7,EUR,2026,33207,0.1656%,0.25909,55,14.25,26.95,2
"=""amzn1.ads-account.g.95u2ty2xhpic90diqqwzt6a2s""",Portwest USA,,"=""435667212887349""",Profit Expand Group 2 - Low Bid BRD & PHR - JC,US,8,USD,2026,29107,0.8967%,0.35395,261,92.38,515.26,28
"=""amzn1.ads-account.g.5dfl8rvx53v3cuqmb1snnubcf""",Portwest NL,,"=""469105961672637""",SP - Project Candy Auto Low Bid - Bridging Promo - 22 Sep - MJC,NL,9,EUR,2026,276,1.4493%,0.10250,4,0.41,0.00,0
"=""amzn1.ads-account.g.95u2ty2xhpic90diqqwzt6a2s""",Portwest USA,,"=""533532889300124""",Auto Low Bid - Vendor Push May 2024 - MJC,US,9,USD,2026,13319,1.1337%,0.23543,151,35.55,402.22,14
"=""amzn1.ads-account.g.95u2ty2xhpic90diqqwzt6a2s""",Portwest USA,,"=""319162604580847""",(Dayparting Test) PAT Profit EXT and EXP - Low bid Oct 2024 - JC,US,2,USD,2025,351365,0.3424%,0.27500,1203,330.83,6137.61,171
"=""amzn1.ads-account.g.6wubx539i9z2ina5h90v21w6e""",WWD - Workwear Depot,,"=""79612097815056""",SP - Project Sunshine Auto Low Bid - MC,US,6,USD,2026,63945,0.6740%,0.25995,431,112.04,547.92,9
"=""amzn1.ads-account.g.7qon60b3itwr4fzatg0h6r5fv""",Portwest IT,,"=""491583009841605""",SP - Bridging Promo until 4th Aug - Project Candy Low Bid - MJC,IT,9,EUR,2026,18613,0.4244%,0.14747,79,11.65,140.88,7
"=""amzn1.ads-account.g.95u2ty2xhpic90diqqwzt6a2s""",Portwest USA,,"=""361201165946376""",Home and Garden - Project Candy - Auto Low Bid - MJC,US,6,USD,2025,86643,0.6267%,0.22475,543,122.04,1079.75,61
"=""amzn1.ads-account.g.9mvvwnjt2tsmdz08926vlb17a""",Portwest DE,,"=""358197710343541""",Project Candy - Converting EXT - 20240711,DE,7,EUR,2025,129611,0.3464%,0.24278,449,109.01,1241.28,95
"=""amzn1.ads-account.g.6wubx539i9z2ina5h90v21w6e""",WWD - Workwear Depot,,"=""367477579971086""",SP - Project Candy Low Bid - Converting Terms - Profit Expand - PHR - MJC,US,8,USD,2026,1078,0.0928%,0.20000,1,0.20,0.00,0
"=""amzn1.ads-account.g.6wubx539i9z2ina5h90v21w6e""",WWD - Workwear Depot,,"=""262860660370351""",B - Auto Low Bid - May 2023 - MJC,US,2,USD,2025,743,0.1346%,0.25000,1,0.25,0.00,0
"=""amzn1.ads-account.g.1pajz8jo9dcmlcw2654w4ynhd""",Portwest Australia,,"=""110488081452028""",SP - Prime Day Selection Low Bid - SD,AU,9,AUD,2026,82878,0.7662%,0.19424,635,123.34,1415.16,72
"=""amzn1.ads-account.g.9zovk6zrqsgpaj8x2od1sbl53""",Portwest - BE BISS - (Pan-EU),,"=""344800929956085""",Auto All - EURO Expansion 4 - Campaign A - MJC,BE,8,EUR,2026,71929,0.9412%,0.10315,677,69.83,1775.85,106
"=""amzn1.ads-account.g.6wubx539i9z2ina5h90v21w6e""",WWD - Workwear Depot,,"=""123049042264341""",Portwest + Style Code - Manual EXACT - MJC,US,1,USD,2025,359,7.7994%,0.32393,28,9.07,28.81,1
"=""amzn1.ads-account.g.95u2ty2xhpic90diqqwzt6a2s""",Portwest USA,,"=""462325957755715""",B2B Only 500% Multi Test - Project Candy Low Bid - MJC,US,8,USD,2026,17784,1.0178%,0.61149,181,110.68,4336.03,191
"=""amzn1.ads-account.g.95u2ty2xhpic90diqqwzt6a2s""",Portwest USA,,"=""345133918085337""",Keyword Research Low Bid - BRD PHR - JC,US,2,USD,2025,1032155,0.1384%,0.23733,1429,339.14,3524.80,124
"=""amzn1.ads-account.g.bak81x0kttgh0i1ah3ezzzu2m""",Portwest PL,,"=""442163708910699""",Auto All - EURO Expansion 4 - Campaign A - MJC,PL,12,PLN,2025,247025,0.2461%,0.32711,608,198.88,2165.34,46
"=""amzn1.ads-account.g.7qon60b3itwr4fzatg0h6r5fv""",Portwest IT,,"=""365836086305490""",Keyword Research Low Bid Group 1 - BRD PHR Oct 2024 - JC,IT,1,EUR,2026,82404,0.4211%,0.11888,347,41.25,590.59,31
"=""amzn1.ads-account.g.7qon60b3itwr4fzatg0h6r5fv""",Portwest IT,,"=""320546710532715""",Bridging Promo 31 May - Project Candy Low Bid - MJC,IT,8,EUR,2025,483493,0.4821%,0.18262,2331,425.69,2420.06,121
"=""amzn1.ads-account.g.5dfl8rvx53v3cuqmb1snnubcf""",Portwest NL,,"=""485435109277305""",Home and Garden 2025 - Project Candy - Auto Low Bid - MJC,NL,5,EUR,2025,17861,0.4423%,0.07595,79,6.00,60.79,3
"=""amzn1.ads-account.g.betoci5lb82z6jole1u6tt780""",Portwest FR,,"=""456555263277852""",Keyword Research Low Bid (New Selection) - BRD PHR - SD,FR,5,EUR,2025,382442,0.2317%,0.18213,886,161.37,2045.05,146
"=""amzn1.ads-account.g.bak81x0kttgh0i1ah3ezzzu2m""",Portwest PL,,"=""498106826619910""",SP - PBDD - Project Candy Low Bid - MJC,PL,12,PLN,2025,230,0.0000%,,0,0.00,0.00,0
"=""amzn1.ads-account.g.6wubx539i9z2ina5h90v21w6e""",WWD - Workwear Depot,,"=""552489117768110""",SP - Project Candy Low Bid - Catch All - Active Only - MJC,UK,6,GBP,2026,411209,0.6337%,0.25653,2606,668.51,5065.75,133
"=""amzn1.ads-account.g.9mvvwnjt2tsmdz08926vlb17a""",Portwest DE,,"=""165105723572633""",Auto Targeting - S999 (CY),DE,9,EUR,2025,8758,0.6965%,0.23869,61,14.56,0.00,0
"=""amzn1.ads-account.g.8os9jbxe8uolgs0z0ka9qua0q""",Portwest ES,,"=""440075957309509""",SP - Bridging Promo until 4th Aug - Project Candy Low Bid - MJC,ES,9,EUR,2025,377432,0.3171%,0.15886,1197,190.16,1892.21,191
"=""amzn1.ads-account.g.9mvvwnjt2tsmdz08926vlb17a""",Portwest DE,,"=""547494018872329""",Keyword Research Low Bid (Seasonal) - BRD PHR - SD,DE,8,EUR,2026,139017,0.3798%,0.22491,528,118.75,1714.05,176
"=""amzn1.ads-account.g.5dfl8rvx53v3cuqmb1snnubcf""",Portwest NL,,"=""389075736151395""",Auto All - EURO Expansion 4 - Campaign B - MJC,NL,7,EUR,2025,85916,0.4504%,0.06724,387,26.02,864.12,55
"=""amzn1.ads-account.g.1pajz8jo9dcmlcw2654w4ynhd""",Portwest Australia,,"=""371634636717287""",Manual Profit Expand BRD PHR Low Bid - Q2 2024 - MJC,AU,11,AUD,2025,34425,0.3660%,0.24103,126,30.37,353.85,19
"=""amzn1.ads-account.g.betoci5lb82z6jole1u6tt780""",Portwest FR,,"=""375571445949915""",Keyword Research Low Bid - BRD PHR - SD,FR,4,EUR,2026,319224,0.2136%,0.16999,682,115.93,1819.37,83
"=""amzn1.ads-account.g.9mvvwnjt2tsmdz08926vlb17a""",Portwest DE,,"=""165105723572633""",Auto Targeting - S999 (CY),DE,6,EUR,2025,6539,0.6423%,0.24690,42,10.37,79.84,3
"=""amzn1.ads-account.g.9mvvwnjt2tsmdz08926vlb17a""",Portwest DE,,"=""309290485231754""",Display Ads Converting SP SD,DE,6,EUR,2026,12913,0.2633%,0.49382,34,16.79,166.45,11
"=""amzn1.ads-account.g.6wubx539i9z2ina5h90v21w6e""",WWD - Workwear Depot,,"=""322086947917851""",SP - Elbow Pads - PAT - Close Competitors - Sugg Bid - MJC,UK,6,GBP,2025,6789,2.2389%,0.78461,152,119.26,99.84,12
"=""amzn1.ads-account.g.1pajz8jo9dcmlcw2654w4ynhd""",Portwest Australia,,"=""56584912532417""",Converting from Other Channels - MJC,AU,12,AUD,2025,404,0.0000%,,0,0.00,0.00,0
"=""amzn1.ads-account.g.5dfl8rvx53v3cuqmb1snnubcf""",Portwest NL,,"=""481032442344858""",Auto Low Bid - Q1 2024 - Feb Deals - MJC,NL,3,EUR,2026,560,0.1786%,0.15000,1,0.15,0.00,0
"=""amzn1.ads-account.g.betoci5lb82z6jole1u6tt780""",Portwest FR,,"=""449898276473828""",SP - PBDD - Project Candy Low Bid - MJC,FR,10,EUR,2025,1838184,0.4646%,0.15687,8541,1339.81,19273.17,1108
"=""amzn1.ads-account.g.6wubx539i9z2ina5h90v21w6e""",WWD - Workwear Depot,,"=""92810336598365""",E - Auto Low Bid - May 2023 - MJC,US,10,USD,2025,59,1.6949%,0.25000,1,0.25,0.00,0
"=""amzn1.ads-account.g.95u2ty2xhpic90diqqwzt6a2s""",Portwest USA,,"=""363307255195676""",PAT Profit Style group 1 - Low bid Sep 2024 - JC,US,8,USD,2026,189,0.5291%,0.18000,1,0.18,48.99,1
"=""amzn1.ads-account.g.6wubx539i9z2ina5h90v21w6e""",WWD - Workwear Depot,,"=""278469250312380""",A - Auto Low Bid - May 2023 - MJC,US,3,USD,2025,998,0.4008%,0.19500,4,0.78,0.00,0
"=""amzn1.ads-account.g.1pajz8jo9dcmlcw2654w4ynhd""",Portwest Australia,,"=""110745821211934""",Display Ads Converting A310,AU,8,AUD,2025,0,,,0,0.00,0.00,0
"=""amzn1.ads-account.g.1pajz8jo9dcmlcw2654w4ynhd""",Portwest Australia,,"=""296844823415113""",C734_Auto_Low_Bid_AH Copy 1,AU,8,AUD,2025,10,0.0000%,,0,0.00,0.00,0
"=""amzn1.ads-account.g.1pajz8jo9dcmlcw2654w4ynhd""",Portwest Australia,,"=""534285577334243""",Project Candy V3 - Top 100 (May 2025) - Auto Low Bid with Multi - MJC,AU,8,AUD,2026,198095,0.7042%,0.49547,1395,691.18,6020.64,305
"=""amzn1.ads-account.g.betoci5lb82z6jole1u6tt780""",Portwest FR,,"=""375571445949915""",Keyword Research Low Bid - BRD PHR - SD,FR,4,EUR,2025,1001922,0.1980%,0.18662,1984,370.25,4672.90,165
"=""amzn1.ads-account.g.1pajz8jo9dcmlcw2654w4ynhd""",Portwest Australia,,"=""327823251042498""",Display Ads Converting SP AH,AU,7,AUD,2026,20762,0.2216%,0.63978,46,29.43,648.40,16
"=""amzn1.ads-account.g.7qon60b3itwr4fzatg0h6r5fv""",Portwest IT,,"=""487996402016430""",SP - B2B Auto Low Bid - MC,IT,3,EUR,2026,826710,0.3329%,0.27673,2752,761.56,25883.40,1637
"=""amzn1.ads-account.g.mxheehzl72t4l5it1hfsk6xz""",Portwest SE,,"=""293264327574712""",Auto All - EURO Expansion 4 V2 - Campaign A - MJC,SE,12,SEK,2025,148887,0.3808%,0.69067,567,391.61,6833.18,46
"=""amzn1.ads-account.g.9zovk6zrqsgpaj8x2od1sbl53""",Portwest - BE BISS - (Pan-EU),,"=""344800929956085""",Auto All - EURO Expansion 4 - Campaign A - MJC,BE,2,EUR,2026,84725,0.9419%,0.11063,798,88.28,1499.02,93
"=""amzn1.ads-account.g.betoci5lb82z6jole1u6tt780""",Portwest FR,,"=""449898276473828""",SP - PBDD - Project Candy Low Bid - MJC,FR,7,EUR,2026,401279,0.3299%,0.15211,1324,201.40,4647.26,274
"=""amzn1.ads-account.g.95u2ty2xhpic90diqqwzt6a2s""",Portwest USA,,"=""415107248963968""",Profit Focus Top Styles - Exact - Oct 2024 - JC,US,8,USD,2025,2703,0.7769%,0.65619,21,13.78,76.19,1
"=""amzn1.ads-account.g.8os9jbxe8uolgs0z0ka9qua0q""",Portwest ES,,"=""547962426196207""",Auto Low Bid - Q1 2024 - Feb Deals - MJC,ES,8,EUR,2025,227489,0.1824%,0.14239,415,59.09,234.76,11
"=""amzn1.ads-account.g.9mvvwnjt2tsmdz08926vlb17a""",Portwest DE,,"=""52065936047090""",Droppers - Profit - MJC`,DE,5,EUR,2026,10279,0.5643%,0.22034,58,12.78,383.04,12
"=""amzn1.ads-account.g.95u2ty2xhpic90diqqwzt6a2s""",Portwest USA,,"=""363307255195676""",PAT Profit Style group 1 - Low bid Sep 2024 - JC,US,6,USD,2026,70,0.0000%,,0,0.00,0.00,0
"=""amzn1.ads-account.g.7qon60b3itwr4fzatg0h6r5fv""",Portwest IT,,"=""365836086305490""",Keyword Research Low Bid Group 1 - BRD PHR Oct 2024 - JC,IT,1,EUR,2025,327041,0.4470%,0.17508,1462,255.96,1339.14,45
"=""amzn1.ads-account.g.9mvvwnjt2tsmdz08926vlb17a""",Portwest DE,,"=""312221393101516""",B2B SP Auto Low Bid - SD,DE,12,EUR,2025,210637,0.3679%,0.30565,775,236.88,7295.34,411
"=""amzn1.ads-account.g.1pajz8jo9dcmlcw2654w4ynhd""",Portwest Australia,,"=""127908567131055""",Auto All Low Bid MJC,AU,1,AUD,2026,165986,0.1621%,0.24699,269,66.44,665.44,22
"=""amzn1.ads-account.g.9zovk6zrqsgpaj8x2od1sbl53""",Portwest - BE BISS - (Pan-EU),,"=""480650557145400""",SP - PBDD - Project Candy Low Bid - MJC,BE,3,EUR,2026,9929,0.8259%,0.13195,82,10.82,69.79,4
"=""amzn1.ads-account.g.betoci5lb82z6jole1u6tt780""",Portwest FR,,"=""19826924345521""",Growers - Auto Low Bid - MJC,FR,4,EUR,2026,186344,0.3687%,0.16879,687,115.96,3022.20,166
"=""amzn1.ads-account.g.9mvvwnjt2tsmdz08926vlb17a""",Portwest DE,,"=""151460587266063""",PAT Competitor - H440 (CY),DE,9,EUR,2025,1434,0.2092%,0.25667,3,0.77,25.24,1
"=""amzn1.ads-account.g.9mvvwnjt2tsmdz08926vlb17a""",Portwest DE,,"=""448372766050370""",Bridging Promo 24 May - Project Candy Low Bid - MJC,DE,6,EUR,2026,114278,0.2319%,0.19079,265,50.56,668.40,25
"=""amzn1.ads-account.g.betoci5lb82z6jole1u6tt780""",Portwest FR,,"=""375571445949915""",Keyword Research Low Bid - BRD PHR - SD,FR,11,EUR,2025,909179,0.3002%,0.16762,2729,457.43,5594.07,219
"=""amzn1.ads-account.g.mxheehzl72t4l5it1hfsk6xz""",Portwest SE,,"=""329244351830333""",Droppers (From UK) - Auto Low Bid - MJC,SE,6,SEK,2025,6264,0.5428%,0.73088,34,24.85,0.00,0
"=""amzn1.ads-account.g.1pajz8jo9dcmlcw2654w4ynhd""",Portwest Australia,,"=""141467539567225""",Display Ads Converting S156,AU,3,AUD,2025,4,0.0000%,,0,0.00,0.00,0
"=""amzn1.ads-account.g.95u2ty2xhpic90diqqwzt6a2s""",Portwest USA,,"=""309149749478686""",Portwest Brand Terms Only - JC,US,9,USD,2025,25347,0.1381%,0.50514,35,17.68,135.00,3
"=""amzn1.ads-account.g.betoci5lb82z6jole1u6tt780""",Portwest FR,,"=""410848499689009""",Store Spotlight SB FR (2) - SD,FR,2,EUR,2025,541488,0.0964%,0.17420,522,90.93,2147.18,102
"=""amzn1.ads-account.g.5dfl8rvx53v3cuqmb1snnubcf""",Portwest NL,,"=""420604139575816""",SP - Project Candy - Bridging Promo - 22 Sep 2025 - Auto Low Bid - MJC,NL,11,EUR,2025,146775,0.5416%,0.11052,795,87.86,1477.01,62
"=""amzn1.ads-account.g.1pajz8jo9dcmlcw2654w4ynhd""",Portwest Australia,,"=""327823251042498""",Display Ads Converting SP AH,AU,5,AUD,2026,33858,0.2333%,0.68646,79,54.23,625.81,16
"=""amzn1.ads-account.g.95u2ty2xhpic90diqqwzt6a2s""",Portwest USA,,"=""360269261984589""",Vendor Purchased - Not Advertised (Sep 2023) - Auto Low Bid - MJC,US,11,USD,2025,239862,0.1855%,0.18443,445,82.07,398.34,10
"=""amzn1.ads-account.g.1pajz8jo9dcmlcw2654w4ynhd""",Portwest Australia,,"=""257891712755572""",Profit MJC,AU,5,AUD,2025,10980,0.7741%,0.86071,85,73.16,671.38,23
"=""amzn1.ads-account.g.8os9jbxe8uolgs0z0ka9qua0q""",Portwest ES,,"=""496172824240757""",Bridging Promo 21 May - Project Candy Low Bid - MJC,ES,8,EUR,2025,201592,0.2604%,0.18440,525,96.81,300.33,7
"=""amzn1.ads-account.g.bak81x0kttgh0i1ah3ezzzu2m""",Portwest PL,,"=""399671753980737""",Growers (From UK) - Auto Low Bid - MJC,PL,3,PLN,2026,22515,0.3598%,0.38420,81,31.12,242.38,5
"=""amzn1.ads-account.g.6wubx539i9z2ina5h90v21w6e""",WWD - Workwear Depot,,"=""353455736089883""",SP - Project Candy Low Bid - Winning Terms - Profit - EXT - MJC,US,8,USD,2026,1586,0.1892%,0.21000,3,0.63,0.00,0
"=""amzn1.ads-account.g.8os9jbxe8uolgs0z0ka9qua0q""",Portwest ES,,"=""204794077297538""",Base - Top 10 Sellers - Auto Low Bid - MJC,ES,9,EUR,2026,805,1.6149%,0.16077,13,2.09,0.00,0
"=""amzn1.ads-account.g.95u2ty2xhpic90diqqwzt6a2s""",Portwest USA,,"=""347103425994483""",Display Ads Top Styles Converting Group 1 SD - Sep 2024 - JC,US,1,USD,2025,6925,0.6787%,0.84617,47,39.77,386.72,8
"=""amzn1.ads-account.g.1pajz8jo9dcmlcw2654w4ynhd""",Portwest Australia,,"=""480370204072590""",PAT Profit Low Bid - Q2 2024 - MJC,AU,6,AUD,2026,3302,1.1508%,0.32184,38,12.23,79.71,4
"=""amzn1.ads-account.g.9mvvwnjt2tsmdz08926vlb17a""",Portwest DE,,"=""339739082571714""",Auto Low Bid - Q1 2024 - Feb Deals - MJC,DE,5,EUR,2026,204194,0.2885%,0.16701,589,98.37,396.92,23
"=""amzn1.ads-account.g.7qon60b3itwr4fzatg0h6r5fv""",Portwest IT,,"=""432140609662787""",SP - UK Gap Products - Project Candy - Auto Low Bid - MJC,IT,5,EUR,2026,356769,0.2548%,0.13286,909,120.77,1680.65,69
"=""amzn1.ads-account.g.1pajz8jo9dcmlcw2654w4ynhd""",Portwest Australia,,"=""211972647042468""",Profit Expand BRD & PHR - Low Bid - MJC,AU,3,AUD,2026,73761,0.4813%,0.28741,355,102.03,998.73,35
"=""amzn1.ads-account.g.betoci5lb82z6jole1u6tt780""",Portwest FR,,"=""375571445949915""",Keyword Research Low Bid - BRD PHR - SD,FR,5,EUR,2025,900130,0.1656%,0.18732,1491,279.30,3665.46,139
"=""amzn1.ads-account.g.6wubx539i9z2ina5h90v21w6e""",WWD - Workwear Depot,,"=""474399785060613""",SP - Project Candy Low Bid - New Styles - Phase One - MJC,US,11,USD,2025,6920,0.0578%,0.19000,4,0.76,0.00,0
"=""amzn1.ads-account.g.8os9jbxe8uolgs0z0ka9qua0q""",Portwest ES,,"=""204794077297538""",Base - Top 10 Sellers - Auto Low Bid - MJC,ES,9,EUR,2025,20561,0.5155%,0.16528,106,17.52,121.06,2
"=""amzn1.ads-account.g.1pajz8jo9dcmlcw2654w4ynhd""",Portwest Australia,,"=""514462827169654""",SP - PRIME DAY - Project Candy Low Bid with Multi,AU,11,AUD,2025,325276,0.3213%,0.36076,1045,376.99,3390.39,130
"=""amzn1.ads-account.g.betoci5lb82z6jole1u6tt780""",Portwest FR,,"=""410848499689009""",Store Spotlight SB FR (2) - SD,FR,1,EUR,2026,454637,0.0990%,0.16471,450,74.12,1190.97,86
"=""amzn1.ads-account.g.95u2ty2xhpic90diqqwzt6a2s""",Portwest USA,,"=""487432728655131""",Project Candy - Push Styles Q4 2024 - Auto Low Bid - MJC,US,4,USD,2025,450149,0.2464%,0.22932,1109,254.32,2354.78,83
"=""amzn1.ads-account.g.betoci5lb82z6jole1u6tt780""",Portwest FR,,"=""431361080682482""",SP - PRIME DAY - Project Candy Low Bid with Multi,FR,2,EUR,2026,1833978,0.3059%,0.20146,5610,1130.17,17887.23,735
"=""amzn1.ads-account.g.95u2ty2xhpic90diqqwzt6a2s""",Portwest USA,,"=""538640203987393""",Profit Focus US440 - Exact - Oct 2024 - JC,US,5,USD,2025,6692,1.6288%,0.93284,109,101.68,657.91,39
"=""amzn1.ads-account.g.5dfl8rvx53v3cuqmb1snnubcf""",Portwest NL,,"=""332773737266901""",Droppers (From UK) - Auto Low Bid - MJC,NL,3,EUR,2026,415,1.2048%,0.11200,5,0.56,40.61,2
"=""amzn1.ads-account.g.7qon60b3itwr4fzatg0h6r5fv""",Portwest IT,,"=""110783796402197""",Droppers - Auto Low Bid - MJC,IT,6,EUR,2026,15487,0.5295%,0.12195,82,10.00,163.20,7
"=""amzn1.ads-account.g.8os9jbxe8uolgs0z0ka9qua0q""",Portwest ES,,"=""195522116641065""",Droppers - Auto Low Bid - MJC,ES,12,EUR,2025,79533,0.3885%,0.14398,309,44.49,201.42,21
"=""amzn1.ads-account.g.betoci5lb82z6jole1u6tt780""",Portwest FR,,"=""201893153506278""",Droppers - Profit - MJC,FR,8,EUR,2025,4875,0.1846%,0.13667,9,1.23,62.10,8
"=""amzn1.ads-account.g.7qon60b3itwr4fzatg0h6r5fv""",Portwest IT,,"=""378274572618736""",SP - PBDD - Project Candy Low Bid - MJC,IT,2,EUR,2026,1683338,0.4335%,0.14782,7297,1078.64,12840.36,697
"=""amzn1.ads-account.g.betoci5lb82z6jole1u6tt780""",Portwest FR,,"=""375571445949915""",Keyword Research Low Bid - BRD PHR - SD,FR,2,EUR,2025,909372,0.3429%,0.18598,3118,579.89,6737.90,227
"=""amzn1.ads-account.g.8os9jbxe8uolgs0z0ka9qua0q""",Portwest ES,,"=""470198564047574""",SP - PRIME DAY - Project Candy Low Bid with Multi,ES,7,EUR,2026,94698,0.2619%,0.19681,248,48.81,1075.00,35
"=""amzn1.ads-account.g.9zovk6zrqsgpaj8x2od1sbl53""",Portwest - BE BISS - (Pan-EU),,"=""344800929956085""",Auto All - EURO Expansion 4 - Campaign A - MJC,BE,9,EUR,2026,33276,1.2952%,0.10694,431,46.09,1377.65,63
"=""amzn1.ads-account.g.9mvvwnjt2tsmdz08926vlb17a""",Portwest DE,,"=""484663444651191""",Keyword Research Low Bid - BRD PHR - SD,DE,9,EUR,2026,127838,0.3004%,0.23698,384,91.00,1631.25,93
"=""amzn1.ads-account.g.1pajz8jo9dcmlcw2654w4ynhd""",Portwest Australia,,"=""514462827169654""",SP - PRIME DAY - Project Candy Low Bid with Multi,AU,6,AUD,2026,120378,0.4718%,0.43991,568,249.87,2434.81,83
"=""amzn1.ads-account.g.9zovk6zrqsgpaj8x2od1sbl53""",Portwest - BE BISS - (Pan-EU),,"=""501480875972186""",SP - Project Candy Auto Low Bid - Bridging Promo - 22 Sep - MJC,BE,8,EUR,2026,234,1.2821%,0.08667,3,0.26,0.00,0
"=""amzn1.ads-account.g.8os9jbxe8uolgs0z0ka9qua0q""",Portwest ES,,"=""468167772243698""",Home and Garden 2025 - Project Candy - Auto Low Bid - MJC,ES,6,EUR,2026,671056,0.2061%,0.14181,1383,196.12,1460.83,49
"=""amzn1.ads-account.g.1pajz8jo9dcmlcw2654w4ynhd""",Portwest Australia,,"=""476491807026648""",2852 - Top Seller - Auto Low Bid - MJC,AU,9,AUD,2026,678,0.5900%,0.42250,4,1.69,0.00,0
"=""amzn1.ads-account.g.betoci5lb82z6jole1u6tt780""",Portwest FR,,"=""410848499689009""",Store Spotlight SB FR (2) - SD,FR,7,EUR,2026,683268,0.0502%,0.16064,343,55.10,1231.30,71
"=""amzn1.ads-account.g.95u2ty2xhpic90diqqwzt6a2s""",Portwest USA,,"=""541135041482838""",Vendor Auto Low Bid - Focus Ranges - Nov 2023 - MJC,US,7,USD,2025,5088,0.5896%,0.22067,30,6.62,0.00,0
"=""amzn1.ads-account.g.5dfl8rvx53v3cuqmb1snnubcf""",Portwest NL,,"=""485435109277305""",Home and Garden 2025 - Project Candy - Auto Low Bid - MJC,NL,1,EUR,2026,24236,0.4580%,0.07703,111,8.55,650.46,22
"=""amzn1.ads-account.g.95u2ty2xhpic90diqqwzt6a2s""",Portwest USA,,"=""537725771300092""",Profit Focus Top Styles group 2 - Exact - Oct 2024 - JC,US,2,USD,2025,7232,0.5393%,0.98282,39,38.33,938.15,69
"=""amzn1.ads-account.g.8os9jbxe8uolgs0z0ka9qua0q""",Portwest ES,,"=""475621571262674""",Growers - Auto Low Bid - MJC,ES,9,EUR,2026,303234,0.2635%,0.19253,799,153.83,1112.23,83
"=""amzn1.ads-account.g.6wubx539i9z2ina5h90v21w6e""",WWD - Workwear Depot,,"=""123049042264341""",Portwest + Style Code - Manual EXACT - MJC,US,5,USD,2025,141,12.0567%,0.35529,17,6.04,31.75,1
"=""amzn1.ads-account.g.95u2ty2xhpic90diqqwzt6a2s""",Portwest USA,,"=""309711536950673""",Auto Low Bid - Vendor Push April 2024 - MJC,US,8,USD,2026,17736,1.3645%,0.28426,242,68.79,800.66,41
"=""amzn1.ads-account.g.7qon60b3itwr4fzatg0h6r5fv""",Portwest IT,,"=""378274572618736""",SP - PBDD - Project Candy Low Bid - MJC,IT,3,EUR,2026,1551632,0.4072%,0.15468,6318,977.27,13893.43,819
"=""amzn1.ads-account.g.1pajz8jo9dcmlcw2654w4ynhd""",Portwest Australia,,"=""217891372626753""",Display Ads Converting S841,AU,3,AUD,2026,0,,,0,0.00,0.00,0
"=""amzn1.ads-account.g.mxheehzl72t4l5it1hfsk6xz""",Portwest SE,,"=""508987492133915""",Growers (From UK) - Auto Low Bid - MJC,SE,8,SEK,2025,353,0.2833%,0.79000,1,0.79,0.00,0
"=""amzn1.ads-account.g.95u2ty2xhpic90diqqwzt6a2s""",Portwest USA,,"=""435667212887349""",Profit Expand Group 2 - Low Bid BRD & PHR - JC,US,11,USD,2025,55435,0.6656%,0.31580,369,116.53,612.29,26
"=""amzn1.ads-account.g.95u2ty2xhpic90diqqwzt6a2s""",Portwest USA,,"=""401424375599724""",Store Spotlight 2 SB - Nov 2024 - JC,US,3,USD,2025,226911,0.0978%,0.20874,222,46.34,370.91,10
"=""amzn1.ads-account.g.95u2ty2xhpic90diqqwzt6a2s""",Portwest USA,,"=""291442567448029""",SP - Bridging Promo 5th August 2025,US,8,USD,2025,68948,0.3292%,0.17634,227,40.03,366.24,12
"=""amzn1.ads-account.g.8os9jbxe8uolgs0z0ka9qua0q""",Portwest ES,,"=""412217386163037""",Auto Low Bid - Q4 2023 - MJC,ES,8,EUR,2026,29248,0.5436%,0.11138,159,17.71,320.74,15
"=""amzn1.ads-account.g.95u2ty2xhpic90diqqwzt6a2s""",Portwest USA,,"=""547236964747932""",Manual Profit EXT Low Bid - December 2023 - MJC,US,2,USD,2025,1668,0.2398%,0.20250,4,0.81,0.00,0
"=""amzn1.ads-account.g.9mvvwnjt2tsmdz08926vlb17a""",Portwest DE,,"=""52065936047090""",Droppers - Profit - MJC`,DE,5,EUR,2025,20996,0.4715%,0.23636,99,23.40,567.13,27
"=""amzn1.ads-account.g.9zovk6zrqsgpaj8x2od1sbl53""",Portwest - BE BISS - (Pan-EU),,"=""505560042434740""",Growers (From UK) - Auto Low Bid - MJC,BE,11,EUR,2025,7055,1.0773%,0.10461,76,7.95,231.98,11
"=""amzn1.ads-account.g.7qon60b3itwr4fzatg0h6r5fv""",Portwest IT,,"=""465724007904797""",Home and Garden 2025 - Project Candy - Auto Low Bid - MJC,IT,9,EUR,2025,1007689,0.1917%,0.13743,1932,265.51,2336.76,60
"=""amzn1.ads-account.g.9mvvwnjt2tsmdz08926vlb17a""",Portwest DE,,"=""547494018872329""",Keyword Research Low Bid (Seasonal) - BRD PHR - SD,DE,7,EUR,2026,101331,0.3296%,0.22925,334,76.57,613.09,70
"=""amzn1.ads-account.g.7qon60b3itwr4fzatg0h6r5fv""",Portwest IT,,"=""378274572618736""",SP - PBDD - Project Candy Low Bid - MJC,IT,9,EUR,2026,221703,0.3649%,0.14995,809,121.31,1186.69,68
"=""amzn1.ads-account.g.9mvvwnjt2tsmdz08926vlb17a""",Portwest DE,,"=""447304808837659""",SP - PRIME DAY - Project Candy Low Bid with Multi,DE,5,EUR,2026,1283874,0.4432%,0.22729,5690,1293.27,17204.20,1183
"=""amzn1.ads-account.g.95u2ty2xhpic90diqqwzt6a2s""",Portwest USA,,"=""303569566619173""",High ROAS Top Styles - Medium bid Oct 2024 - JC,US,6,USD,2025,1410,0.6383%,0.65111,9,5.86,0.00,0
"=""amzn1.ads-account.g.95u2ty2xhpic90diqqwzt6a2s""",Portwest USA,,"=""446556638681330""",Keyword Research 3 Low Bid - BRD PHR - JC,US,9,USD,2025,133106,0.1998%,0.24485,266,65.13,265.52,13
"=""amzn1.ads-account.g.betoci5lb82z6jole1u6tt780""",Portwest FR,,"=""560822063068179""",Manual Profit EXT Low Bid - December 2023 - MJC,FR,8,EUR,2026,19340,0.7446%,0.14250,144,20.52,512.47,43
"=""amzn1.ads-account.g.bak81x0kttgh0i1ah3ezzzu2m""",Portwest PL,,"=""401254527269738""",Auto Low Bid - Q4 2023 - MJC,PL,6,PLN,2025,1183,0.3381%,0.08500,4,0.34,0.00,0
"=""amzn1.ads-account.g.95u2ty2xhpic90diqqwzt6a2s""",Portwest USA,,"=""340748795056441""",Style Specific - UH447 - Auto Low Bid (0.25) with Dayparting - Weekdays at 50% - MJC,US,5,USD,2025,17842,1.0649%,0.50647,190,96.23,1278.00,17
"=""amzn1.ads-account.g.9mvvwnjt2tsmdz08926vlb17a""",Portwest DE,,"=""555695194898382""",SP - PBDD - Project Candy Low Bid - MJC,DE,12,EUR,2025,1603989,0.2891%,0.16426,4637,761.66,10764.24,510
"=""amzn1.ads-account.g.9mvvwnjt2tsmdz08926vlb17a""",Portwest DE,,"=""555695194898382""",SP - PBDD - Project Candy Low Bid - MJC,DE,6,EUR,2026,519310,0.3882%,0.16042,2016,323.41,5565.67,398
"=""amzn1.ads-account.g.9zovk6zrqsgpaj8x2od1sbl53""",Portwest - BE BISS - (Pan-EU),,"=""289395542376704""",Bridging Promo 24 May - Project Candy Low Bid - MJC,BE,11,EUR,2025,797,0.7528%,0.13167,6,0.79,0.00,0
"=""amzn1.ads-account.g.9mvvwnjt2tsmdz08926vlb17a""",Portwest DE,,"=""312221393101516""",B2B SP Auto Low Bid - SD,DE,7,EUR,2026,464313,0.4165%,0.31425,1934,607.75,24780.27,2479
"=""amzn1.ads-account.g.6wubx539i9z2ina5h90v21w6e""",WWD - Workwear Depot,,"=""34836128487965""",B2B SP Auto Low Bid - SD,UK,2,GBP,2026,37779,0.2991%,0.24912,113,28.15,503.83,18
"=""amzn1.ads-account.g.6wubx539i9z2ina5h90v21w6e""",WWD - Workwear Depot,,"=""34836128487965""",B2B SP Auto Low Bid - SD,UK,6,GBP,2026,16769,0.3220%,0.24833,54,13.41,336.88,13
"=""amzn1.ads-account.g.6wubx539i9z2ina5h90v21w6e""",WWD - Workwear Depot,,"=""389985294556058""",SP - Project Candy Low Bid - Active Seller List (From SD) - Sep 2025 - MJC,UK,8,GBP,2026,50108,0.5229%,0.14653,262,38.39,19.17,1
"=""amzn1.ads-account.g.1pajz8jo9dcmlcw2654w4ynhd""",Portwest Australia,,"=""529658289585474""",May Promo - Project Candy - Auto Low Bid - MJC,AU,9,AUD,2025,357056,0.2910%,0.27029,1039,280.83,3264.78,151
"=""amzn1.ads-account.g.6wubx539i9z2ina5h90v21w6e""",WWD - Workwear Depot,,"=""278469250312380""",A - Auto Low Bid - May 2023 - MJC,US,10,USD,2025,27,0.0000%,,0,0.00,0.00,0
"=""amzn1.ads-account.g.1pajz8jo9dcmlcw2654w4ynhd""",Portwest Australia,,"=""396025250237617""",Manual Profit EXT Low Bid - Q2 2024 - MJC,AU,11,AUD,2025,13876,0.3747%,0.27250,52,14.17,61.60,4
"=""amzn1.ads-account.g.betoci5lb82z6jole1u6tt780""",Portwest FR,,"=""330209804597144""",SP - Bridging Promo until 4th Aug - Project Candy Low Bid - MJC,FR,12,EUR,2025,302257,0.3570%,0.15528,1079,167.55,2175.13,118
"=""amzn1.ads-account.g.8os9jbxe8uolgs0z0ka9qua0q""",Portwest ES,,"=""466433429362650""",Keyword Research Low Bid (Top Sellers) - BRD PHR - SD,ES,12,EUR,2025,913010,0.0704%,0.15540,643,99.92,746.36,48
"=""amzn1.ads-account.g.9mvvwnjt2tsmdz08926vlb17a""",Portwest DE,,"=""324958907979592""",Project Candy - Focus Styles from SD - Auto Low Bid - Q4 2024 - MJC,DE,2,EUR,2025,621547,0.5100%,0.18503,3170,586.55,8279.44,285
"=""amzn1.ads-account.g.1pajz8jo9dcmlcw2654w4ynhd""",Portwest Australia,,"=""96146253128422""",Display Ads Converting H441,AU,4,AUD,2025,12,8.3333%,0.06000,1,0.06,0.00,0
"=""amzn1.ads-account.g.1pajz8jo9dcmlcw2654w4ynhd""",Portwest Australia,,"=""529658289585474""",May Promo - Project Candy - Auto Low Bid - MJC,AU,5,AUD,2026,177619,0.4679%,0.34574,831,287.31,3643.44,225
"=""amzn1.ads-account.g.9zovk6zrqsgpaj8x2od1sbl53""",Portwest - BE BISS - (Pan-EU),,"=""344800929956085""",Auto All - EURO Expansion 4 - Campaign A - MJC,BE,1,EUR,2025,78708,0.6314%,0.10453,497,51.95,864.48,74
"=""amzn1.ads-account.g.95u2ty2xhpic90diqqwzt6a2s""",Portwest USA,,"=""547236964747932""",Manual Profit EXT Low Bid - December 2023 - MJC,US,8,USD,2025,260,0.0000%,,0,0.00,0.00,0
"=""amzn1.ads-account.g.6wubx539i9z2ina5h90v21w6e""",WWD - Workwear Depot,,"=""389985294556058""",SP - Project Candy Low Bid - Active Seller List (From SD) - Sep 2025 - MJC,UK,5,GBP,2026,60118,0.6853%,0.14107,412,58.12,415.27,11
"=""amzn1.ads-account.g.1pajz8jo9dcmlcw2654w4ynhd""",Portwest Australia,,"=""483038863547527""",New Respirator Masks - Auto - MJC,AU,7,AUD,2025,37760,0.4529%,0.42251,171,72.25,431.65,27
"=""amzn1.ads-account.g.8os9jbxe8uolgs0z0ka9qua0q""",Portwest ES,,"=""468167772243698""",Home and Garden 2025 - Project Candy - Auto Low Bid - MJC,ES,8,EUR,2026,201647,0.2514%,0.13219,507,67.02,637.75,54
"=""amzn1.ads-account.g.1pajz8jo9dcmlcw2654w4ynhd""",Portwest Australia,,"=""108617369848228""",Display Ads Converting FW90,AU,4,AUD,2026,107,1.8692%,0.05000,2,0.10,0.00,0
"=""amzn1.ads-account.g.1pajz8jo9dcmlcw2654w4ynhd""",Portwest Australia,,"=""371634636717287""",Manual Profit Expand BRD PHR Low Bid - Q2 2024 - MJC,AU,8,AUD,2025,29004,0.6482%,0.20941,188,39.37,535.87,25
"=""amzn1.ads-account.g.1pajz8jo9dcmlcw2654w4ynhd""",Portwest Australia,,"=""355925356602496""","Core Keywords, Close Match EXT - Suggested Bid - AH",AU,7,AUD,2025,16260,0.7073%,0.34896,115,40.13,533.67,24
"=""amzn1.ads-account.g.7qon60b3itwr4fzatg0h6r5fv""",Portwest IT,,"=""499173945259706""",Project Candy - Target Styles Q4 2024 - Auto Low Bid - MJC,IT,8,EUR,2026,149166,0.4907%,0.17051,732,124.81,1881.12,68
"=""amzn1.ads-account.g.1pajz8jo9dcmlcw2654w4ynhd""",Portwest Australia,,"=""189841923688280""",SP - Unhealthy Inventory - Long Tail - PHR EXT - Low Bid (0.50) - MJC,AU,4,AUD,2026,1,0.0000%,,0,0.00,0.00,0
"=""amzn1.ads-account.g.6wubx539i9z2ina5h90v21w6e""",WWD - Workwear Depot,,"=""157714611577244""",M - Auto Low Bid - May 2023 - MJC,US,9,USD,2025,0,,,0,0.00,0.00,0
"=""amzn1.ads-account.g.1pajz8jo9dcmlcw2654w4ynhd""",Portwest Australia,,"=""327823251042498""",Display Ads Converting SP AH,AU,2,AUD,2026,27580,0.2901%,0.84125,80,67.30,561.45,22
"=""amzn1.ads-account.g.1pajz8jo9dcmlcw2654w4ynhd""",Portwest Australia,,"=""514462827169654""",SP - PRIME DAY - Project Candy Low Bid with Multi,AU,12,AUD,2025,145621,0.2438%,0.37586,355,133.43,1343.07,44
"=""amzn1.ads-account.g.1pajz8jo9dcmlcw2654w4ynhd""",Portwest Australia,,"=""228877476300003""",Auto Low Bid - April 2023 - All Styles - MJC,AU,8,AUD,2025,546311,0.3888%,0.21670,2124,460.28,8577.64,347
"=""amzn1.ads-account.g.9mvvwnjt2tsmdz08926vlb17a""",Portwest DE,,"=""184430825120105""",PAT Competitor - C733 (CY),DE,3,EUR,2026,1909,0.7858%,0.70867,15,10.63,67.68,4
"=""amzn1.ads-account.g.1pajz8jo9dcmlcw2654w4ynhd""",Portwest Australia,,"=""96146253128422""",Display Ads Converting H441,AU,5,AUD,2026,1,0.0000%,,0,0.00,0.00,0
"=""amzn1.ads-account.g.5dfl8rvx53v3cuqmb1snnubcf""",Portwest NL,,"=""299998930456663""",SP - PBDD - Project Candy Low Bid - MJC,NL,1,EUR,2026,32227,0.6423%,0.10256,207,21.23,409.13,34
"=""amzn1.ads-account.g.9mvvwnjt2tsmdz08926vlb17a""",Portwest DE,,"=""288384587728489""",Bridging Promo 17 May - Project Candy Low Bid - MJC,DE,6,EUR,2026,52801,0.5284%,0.14186,279,39.58,541.47,19
"=""amzn1.ads-account.g.9mvvwnjt2tsmdz08926vlb17a""",Portwest DE,,"=""368937778983831""",Manual Profit EXT Low Bid - December 2023 - MJC,DE,10,EUR,2025,74731,0.6075%,0.24700,454,112.14,1396.12,78
"=""amzn1.ads-account.g.9mvvwnjt2tsmdz08926vlb17a""",Portwest DE,,"=""365846807361792""",Home and Garden 2025 - Project Candy - Auto Low Bid - MJC,DE,3,EUR,2026,501236,0.3288%,0.14983,1648,246.92,3004.54,129
"=""amzn1.ads-account.g.betoci5lb82z6jole1u6tt780""",Portwest FR,,"=""148284969926993""",Droppers - Auto Low Bid - MJC,FR,7,EUR,2026,115784,0.3930%,0.14040,455,63.88,1671.03,90
"=""amzn1.ads-account.g.95u2ty2xhpic90diqqwzt6a2s""",Portwest USA,,"=""408324720320680""",(B2B Multiplier Test) - Profit Expand Group 1 - Low Bid BRD & PHR - JC,US,3,USD,2025,248122,0.3829%,0.30220,950,287.09,7006.80,121
"=""amzn1.ads-account.g.95u2ty2xhpic90diqqwzt6a2s""",Portwest USA,,"=""401424375599724""",Store Spotlight 2 SB - Nov 2024 - JC,US,8,USD,2025,685702,0.0753%,0.21318,516,110.00,1083.80,30
"=""amzn1.ads-account.g.95u2ty2xhpic90diqqwzt6a2s""",Portwest USA,,"=""435667212887349""",Profit Expand Group 2 - Low Bid BRD & PHR - JC,US,9,USD,2026,16242,0.7019%,0.35316,114,40.26,209.98,7
"=""amzn1.ads-account.g.betoci5lb82z6jole1u6tt780""",Portwest FR,,"=""19826924345521""",Growers - Auto Low Bid - MJC,FR,1,EUR,2026,283909,0.3565%,0.15680,1012,158.68,2545.19,114
"=""amzn1.ads-account.g.6wubx539i9z2ina5h90v21w6e""",WWD - Workwear Depot,,"=""455322468550172""",SP - Catch All B2B - All Live Product - with Multi - MJC,US,6,USD,2026,15464,0.5238%,0.52395,81,42.44,1087.08,36
"=""amzn1.ads-account.g.1pajz8jo9dcmlcw2654w4ynhd""",Portwest Australia,,"=""396025250237617""",Manual Profit EXT Low Bid - Q2 2024 - MJC,AU,6,AUD,2026,16260,0.5105%,0.29434,83,24.43,261.52,9
"=""amzn1.ads-account.g.betoci5lb82z6jole1u6tt780""",Portwest FR,,"=""560822063068179""",Manual Profit EXT Low Bid - December 2023 - MJC,FR,1,EUR,2025,77838,0.6436%,0.14645,501,73.37,1500.09,96
"=""amzn1.ads-account.g.betoci5lb82z6jole1u6tt780""",Portwest FR,,"=""294745696953229""",Keyword Research Low Bid (Seasonal) - BRD PHR - SD,FR,11,EUR,2025,876101,0.4590%,0.18467,4021,742.57,9012.72,665
"=""amzn1.ads-account.g.95u2ty2xhpic90diqqwzt6a2s""",Portwest USA,,"=""538337297480785""",Auto Low Bid - Vendor Push December 2023 - MJC,US,3,USD,2025,293899,0.4672%,0.18910,1373,259.63,4011.87,131
"=""amzn1.ads-account.g.9mvvwnjt2tsmdz08926vlb17a""",Portwest DE,,"=""484663444651191""",Keyword Research Low Bid - BRD PHR - SD,DE,5,EUR,2026,509691,0.1275%,0.23191,650,150.74,2639.33,141
"=""amzn1.ads-account.g.5dfl8rvx53v3cuqmb1snnubcf""",Portwest NL,,"=""332773737266901""",Droppers (From UK) - Auto Low Bid - MJC,NL,6,EUR,2026,9366,0.2669%,0.06480,25,1.62,38.55,4
"=""amzn1.ads-account.g.1pajz8jo9dcmlcw2654w4ynhd""",Portwest Australia,,"=""96146253128422""",Display Ads Converting H441,AU,10,AUD,2025,0,,,0,0.00,0.00,0
"=""amzn1.ads-account.g.8os9jbxe8uolgs0z0ka9qua0q""",Portwest ES,,"=""412217386163037""",Auto Low Bid - Q4 2023 - MJC,ES,3,EUR,2025,405102,0.2012%,0.15282,815,124.55,775.03,44
"=""amzn1.ads-account.g.1pajz8jo9dcmlcw2654w4ynhd""",Portwest Australia,,"=""480370204072590""",PAT Profit Low Bid - Q2 2024 - MJC,AU,3,AUD,2026,3172,0.4098%,0.26769,13,3.48,129.06,3
"=""amzn1.ads-account.g.95u2ty2xhpic90diqqwzt6a2s""",Portwest USA,,"=""340748795056441""",Style Specific - UH447 - Auto Low Bid (0.25) with Dayparting - Weekdays at 50% - MJC,US,6,USD,2025,10212,0.7051%,0.50069,72,36.05,364.82,4
"=""amzn1.ads-account.g.7qon60b3itwr4fzatg0h6r5fv""",Portwest IT,,"=""499173945259706""",Project Candy - Target Styles Q4 2024 - Auto Low Bid - MJC,IT,2,EUR,2025,1102391,0.3265%,0.17864,3599,642.94,5857.47,240
"=""amzn1.ads-account.g.9mvvwnjt2tsmdz08926vlb17a""",Portwest DE,,"=""309290485231754""",Display Ads Converting SP SD,DE,8,EUR,2026,32326,0.2227%,0.51014,72,36.73,420.35,24
"=""amzn1.ads-account.g.bak81x0kttgh0i1ah3ezzzu2m""",Portwest PL,,"=""399671753980737""",Growers (From UK) - Auto Low Bid - MJC,PL,12,PLN,2025,13808,0.3259%,0.31511,45,14.18,35.65,1
"=""amzn1.ads-account.g.8os9jbxe8uolgs0z0ka9qua0q""",Portwest ES,,"=""195522116641065""",Droppers - Auto Low Bid - MJC,ES,10,EUR,2025,135200,0.4112%,0.16464,556,91.54,698.80,60
"=""amzn1.ads-account.g.bak81x0kttgh0i1ah3ezzzu2m""",Portwest PL,,"=""556011119851583""",SP - Project Candy - Bridging Promo - 22 Sep 2025 - Auto Low Bid - MJC,PL,10,PLN,2025,4976,0.6431%,0.53563,32,17.14,23.17,1
"=""amzn1.ads-account.g.bak81x0kttgh0i1ah3ezzzu2m""",Portwest PL,,"=""538515140167827""",Bridging Promo 31 May - Project Candy Low Bid - MJC,PL,12,PLN,2025,1060,0.1887%,0.92000,2,1.84,0.00,0
"=""amzn1.ads-account.g.1pajz8jo9dcmlcw2654w4ynhd""",Portwest Australia,,"=""211972647042468""",Profit Expand BRD & PHR - Low Bid - MJC,AU,1,AUD,2026,36882,0.4609%,0.22894,170,38.92,425.63,12
"=""amzn1.ads-account.g.7qon60b3itwr4fzatg0h6r5fv""",Portwest IT,,"=""370228643995043""",Project Candy - Converting EXT - 20240711,IT,11,EUR,2025,9466,0.0951%,0.12556,9,1.13,0.00,0
"=""amzn1.ads-account.g.bak81x0kttgh0i1ah3ezzzu2m""",Portwest PL,,"=""490065738750316""",Droppers (From UK) - Auto Low Bid - MJC,PL,9,PLN,2025,10373,0.3856%,0.25150,40,10.06,79.59,2
"=""amzn1.ads-account.g.9zovk6zrqsgpaj8x2od1sbl53""",Portwest - BE BISS - (Pan-EU),,"=""457392713613897""",Droppers (From UK) - Auto Low Bid - MJC,BE,2,EUR,2025,1691,1.8924%,0.10969,32,3.51,152.78,9
"=""amzn1.ads-account.g.6wubx539i9z2ina5h90v21w6e""",WWD - Workwear Depot,,"=""552489117768110""",SP - Project Candy Low Bid - Catch All - Active Only - MJC,UK,5,GBP,2026,484177,0.6064%,0.26311,2936,772.50,3422.24,91
"=""amzn1.ads-account.g.9mvvwnjt2tsmdz08926vlb17a""",Portwest DE,,"=""312221393101516""",B2B SP Auto Low Bid - SD,DE,1,EUR,2026,523396,0.3622%,0.30823,1896,584.40,22684.59,1367
"=""amzn1.ads-account.g.8os9jbxe8uolgs0z0ka9qua0q""",Portwest ES,,"=""552946921964248""",Bridging Promo 31 May - Project Candy Low Bid - MJC,ES,6,EUR,2025,436986,0.2771%,0.18184,1211,220.21,1797.11,59
"=""amzn1.ads-account.g.5dfl8rvx53v3cuqmb1snnubcf""",Portwest NL,,"=""444011378490748""",SP - Project Candy - Bridging Promo - 5 Sep 2025 - Auto Low Bid - MJC,NL,11,EUR,2025,127329,0.4861%,0.11273,619,69.78,948.68,53
"=""amzn1.ads-account.g.9zovk6zrqsgpaj8x2od1sbl53""",Portwest - BE BISS - (Pan-EU),,"=""457392713613897""",Droppers (From UK) - Auto Low Bid - MJC,BE,1,EUR,2026,7864,1.3988%,0.11145,110,12.26,183.57,13
"=""amzn1.ads-account.g.8os9jbxe8uolgs0z0ka9qua0q""",Portwest ES,,"=""391149768868824""",Bridging Promo 17 May - Project Candy Low Bid - MJC,ES,11,EUR,2025,221098,0.2587%,0.14222,572,81.35,144.48,4
"=""amzn1.ads-account.g.7qon60b3itwr4fzatg0h6r5fv""",Portwest IT,,"=""325147263942313""",Keyword Research Low Bid Group 2 - BRD PHR Oct 2024 - JC,IT,3,EUR,2025,337478,0.3609%,0.17231,1218,209.87,2227.84,109
"=""amzn1.ads-account.g.5dfl8rvx53v3cuqmb1snnubcf""",Portwest NL,,"=""392977465332326""",Growers (From UK) - Auto Low Bid - MJC,NL,12,EUR,2025,5772,0.3812%,0.07273,22,1.60,0.00,0
"=""amzn1.ads-account.g.6wubx539i9z2ina5h90v21w6e""",WWD - Workwear Depot,,"=""344804552113751""",SP - Black Friday - MC,US,12,USD,2025,15433,1.5551%,0.32213,240,77.31,271.97,4
"=""amzn1.ads-account.g.8os9jbxe8uolgs0z0ka9qua0q""",Portwest ES,,"=""311119177054404""",SP - PBDD - Project Candy Low Bid - MJC,ES,1,EUR,2026,2246218,0.4588%,0.12647,10305,1303.23,18379.89,1110
"=""amzn1.ads-account.g.7qon60b3itwr4fzatg0h6r5fv""",Portwest IT,,"=""501655278304804""",Growers - Auto Low Bid - MJC,IT,2,EUR,2025,708611,0.5669%,0.15839,4017,636.26,6412.57,240
"=""amzn1.ads-account.g.5dfl8rvx53v3cuqmb1snnubcf""",Portwest NL,,"=""332773737266901""",Droppers (From UK) - Auto Low Bid - MJC,NL,4,EUR,2025,15342,0.3650%,0.04339,56,2.43,210.20,5
"=""amzn1.ads-account.g.7qon60b3itwr4fzatg0h6r5fv""",Portwest IT,,"=""487996402016430""",SP - B2B Auto Low Bid - MC,IT,6,EUR,2026,914242,0.3277%,0.27768,2996,831.94,27531.58,1654
"=""amzn1.ads-account.g.9zovk6zrqsgpaj8x2od1sbl53""",Portwest - BE BISS - (Pan-EU),,"=""377546417761236""",Auto All - EURO Expansion 4 - Campaign B - MJC,BE,7,EUR,2025,90299,0.9003%,0.10646,813,86.55,1737.15,126
"=""amzn1.ads-account.g.betoci5lb82z6jole1u6tt780""",Portwest FR,,"=""424060741780397""",Auto Low Bid - Q1 2024 - Feb Deals - MJC,FR,6,EUR,2026,202755,0.2954%,0.14033,599,84.06,1400.17,43
"=""amzn1.ads-account.g.95u2ty2xhpic90diqqwzt6a2s""",Portwest USA,,"=""390173334565299""",High ROAS US440 - Medium bid Oct 2024 - JC,US,7,USD,2025,1397,1.6464%,0.73304,23,16.86,24.88,2
"=""amzn1.ads-account.g.1pajz8jo9dcmlcw2654w4ynhd""",Portwest Australia,,"=""413015514693012""",New Respirator Masks - PAT (From Aoife) - MJC,AU,5,AUD,2026,68,2.9412%,0.04000,2,0.08,116.62,7
"=""amzn1.ads-account.g.1pajz8jo9dcmlcw2654w4ynhd""",Portwest Australia,,"=""68131641215038""",Display Ads Converting S440,AU,5,AUD,2026,4,0.0000%,,0,0.00,0.00,0
"=""amzn1.ads-account.g.9zovk6zrqsgpaj8x2od1sbl53""",Portwest - BE BISS - (Pan-EU),,"=""289395542376704""",Bridging Promo 24 May - Project Candy Low Bid - MJC,BE,5,EUR,2026,1616,0.4950%,0.11750,8,0.94,69.83,1
"=""amzn1.ads-account.g.6wubx539i9z2ina5h90v21w6e""",WWD - Workwear Depot,,"=""26886441161653""",C - Auto Low Bid - May 2023 - MJC,US,1,USD,2025,327,0.3058%,0.25000,1,0.25,0.00,0
"=""amzn1.ads-account.g.1pajz8jo9dcmlcw2654w4ynhd""",Portwest Australia,,"=""371634636717287""",Manual Profit Expand BRD PHR Low Bid - Q2 2024 - MJC,AU,4,AUD,2025,25557,0.6887%,0.23102,176,40.66,446.51,32
"=""amzn1.ads-account.g.95u2ty2xhpic90diqqwzt6a2s""",Portwest USA,,"=""310313949746032""",Growers - Auto Low Bid - MJC,US,3,USD,2025,502378,0.2080%,0.24318,1045,254.12,4814.99,256
"=""amzn1.ads-account.g.8os9jbxe8uolgs0z0ka9qua0q""",Portwest ES,,"=""468167772243698""",Home and Garden 2025 - Project Candy - Auto Low Bid - MJC,ES,10,EUR,2025,1410856,0.2219%,0.14031,3131,439.30,2466.15,136
"=""amzn1.ads-account.g.95u2ty2xhpic90diqqwzt6a2s""",Portwest USA,,"=""310313949746032""",Growers - Auto Low Bid - MJC,US,6,USD,2025,65459,0.4995%,0.24394,327,79.77,850.04,24
"=""amzn1.ads-account.g.7qon60b3itwr4fzatg0h6r5fv""",Portwest IT,,"=""491583009841605""",SP - Bridging Promo until 4th Aug - Project Candy Low Bid - MJC,IT,9,EUR,2025,682665,0.4346%,0.15983,2967,474.21,4534.91,360
"=""amzn1.ads-account.g.95u2ty2xhpic90diqqwzt6a2s""",Portwest USA,,"=""401424375599724""",Store Spotlight 2 SB - Nov 2024 - JC,US,2,USD,2025,181941,0.1253%,0.21987,228,50.13,787.87,28
"=""amzn1.ads-account.g.1pajz8jo9dcmlcw2654w4ynhd""",Portwest Australia,,"=""476491807026648""",2852 - Top Seller - Auto Low Bid - MJC,AU,1,AUD,2025,317,0.6309%,0.30500,2,0.61,62.72,3
"=""amzn1.ads-account.g.9mvvwnjt2tsmdz08926vlb17a""",Portwest DE,,"=""368937778983831""",Manual Profit EXT Low Bid - December 2023 - MJC,DE,1,EUR,2026,95847,0.3151%,0.24321,302,73.45,544.03,30
"=""amzn1.ads-account.g.1pajz8jo9dcmlcw2654w4ynhd""",Portwest Australia,,"=""110745821211934""",Display Ads Converting A310,AU,11,AUD,2025,1,0.0000%,,0,0.00,0.00,0
"=""amzn1.ads-account.g.8os9jbxe8uolgs0z0ka9qua0q""",Portwest ES,,"=""475621571262674""",Growers - Auto Low Bid - MJC,ES,4,EUR,2026,180443,0.3663%,0.08416,661,55.63,1486.57,75
"=""amzn1.ads-account.g.95u2ty2xhpic90diqqwzt6a2s""",Portwest USA,,"=""415107248963968""",Profit Focus Top Styles - Exact - Oct 2024 - JC,US,6,USD,2026,253,0.7905%,0.27000,2,0.54,36.48,1
"=""amzn1.ads-account.g.betoci5lb82z6jole1u6tt780""",Portwest FR,,"=""343852336066323""",SP - Bridging Promo 5th August 2025,FR,8,EUR,2025,758164,0.5902%,0.16129,4475,721.79,6533.27,563
"=""amzn1.ads-account.g.9mvvwnjt2tsmdz08926vlb17a""",Portwest DE,,"=""448372766050370""",Bridging Promo 24 May - Project Candy Low Bid - MJC,DE,6,EUR,2025,462182,0.3001%,0.19358,1387,268.49,4344.25,226
"=""amzn1.ads-account.g.7qon60b3itwr4fzatg0h6r5fv""",Portwest IT,,"=""556865623922826""",Auto Low Bid - Q4 2023 - MJC,IT,9,EUR,2025,167407,0.2121%,0.14487,355,51.43,566.99,19
"=""amzn1.ads-account.g.betoci5lb82z6jole1u6tt780""",Portwest FR,,"=""424060741780397""",Auto Low Bid - Q1 2024 - Feb Deals - MJC,FR,3,EUR,2026,268079,0.3510%,0.14274,941,134.32,929.72,39
"=""amzn1.ads-account.g.6wubx539i9z2ina5h90v21w6e""",WWD - Workwear Depot,,"=""499053194388859""",SP - Project Candy Low Bid - PAT Profit - EXT - MJC,US,1,USD,2026,1012,0.8893%,0.13333,9,1.20,0.00,0
"=""amzn1.ads-account.g.8os9jbxe8uolgs0z0ka9qua0q""",Portwest ES,,"=""547962426196207""",Auto Low Bid - Q1 2024 - Feb Deals - MJC,ES,1,EUR,2026,1277389,0.2359%,0.13162,3013,396.56,3049.68,132
"=""amzn1.ads-account.g.mxheehzl72t4l5it1hfsk6xz""",Portwest SE,,"=""293264327574712""",Auto All - EURO Expansion 4 V2 - Campaign A - MJC,SE,4,SEK,2025,137163,0.3332%,0.70980,457,324.38,11864.45,52
"=""amzn1.ads-account.g.1pajz8jo9dcmlcw2654w4ynhd""",Portwest Australia,,"=""476491807026648""",2852 - Top Seller - Auto Low Bid - MJC,AU,12,AUD,2025,458,0.8734%,0.51000,4,2.04,0.00,0
"=""amzn1.ads-account.g.1pajz8jo9dcmlcw2654w4ynhd""",Portwest Australia,,"=""302643831867198""",Droppers - Auto Low Bid - MJC,AU,3,AUD,2026,26437,0.5409%,0.35818,143,51.22,786.24,32
"=""amzn1.ads-account.g.betoci5lb82z6jole1u6tt780""",Portwest FR,,"=""481907341387279""",Home and Garden 2025 - Project Candy - Auto Low Bid - MJC,FR,12,EUR,2025,1570853,0.2806%,0.12995,4408,572.84,8305.18,302
"=""amzn1.ads-account.g.bak81x0kttgh0i1ah3ezzzu2m""",Portwest PL,,"=""442163708910699""",Auto All - EURO Expansion 4 - Campaign A - MJC,PL,10,PLN,2025,323674,0.1712%,0.29771,554,164.93,2392.97,42
"=""amzn1.ads-account.g.1pajz8jo9dcmlcw2654w4ynhd""",Portwest Australia,,"=""217891372626753""",Display Ads Converting S841,AU,8,AUD,2025,2,0.0000%,,0,0.00,0.00,0
"=""amzn1.ads-account.g.95u2ty2xhpic90diqqwzt6a2s""",Portwest USA,,"=""310313949746032""",Growers - Auto Low Bid - MJC,US,11,USD,2025,104040,0.4191%,0.27454,436,119.70,717.11,31
"=""amzn1.ads-account.g.5dfl8rvx53v3cuqmb1snnubcf""",Portwest NL,,"=""443819118758041""",Bridging Promo 24 May - Project Candy Low Bid - MJC,NL,8,EUR,2025,8728,0.3896%,0.11118,34,3.78,147.31,4
"=""amzn1.ads-account.g.1pajz8jo9dcmlcw2654w4ynhd""",Portwest Australia,,"=""108617369848228""",Display Ads Converting FW90,AU,1,AUD,2025,79,0.0000%,,0,0.00,0.00,0
"=""amzn1.ads-account.g.8os9jbxe8uolgs0z0ka9qua0q""",Portwest ES,,"=""429501537032320""",SP - Project Candy Auto Low Bid - Bridging Promo - 22 Sep - MJC,ES,11,EUR,2025,1197925,0.2596%,0.10524,3110,327.30,2502.20,137
"=""amzn1.ads-account.g.8os9jbxe8uolgs0z0ka9qua0q""",Portwest ES,,"=""311119177054404""",SP - PBDD - Project Candy Low Bid - MJC,ES,6,EUR,2026,318596,0.2991%,0.14380,953,137.04,1529.18,126
"=""amzn1.ads-account.g.7qon60b3itwr4fzatg0h6r5fv""",Portwest IT,,"=""370228643995043""",Project Candy - Converting EXT - 20240711,IT,7,EUR,2026,12790,0.3206%,0.13122,41,5.38,100.26,6
"=""amzn1.ads-account.g.8os9jbxe8uolgs0z0ka9qua0q""",Portwest ES,,"=""468167772243698""",Home and Garden 2025 - Project Candy - Auto Low Bid - MJC,ES,8,EUR,2025,830251,0.2288%,0.13566,1900,257.75,2877.85,147
"=""amzn1.ads-account.g.95u2ty2xhpic90diqqwzt6a2s""",Portwest USA,,"=""431207786236144""",Manual Profit EXT Low Bid - Q4 - MJC,US,4,USD,2025,604,0.6623%,0.23750,4,0.95,0.00,0
"=""amzn1.ads-account.g.1pajz8jo9dcmlcw2654w4ynhd""",Portwest Australia,,"=""39192368924791""",Display Ads Converting,AU,2,AUD,2025,1,0.0000%,,0,0.00,0.00,0
"=""amzn1.ads-account.g.6wubx539i9z2ina5h90v21w6e""",WWD - Workwear Depot,,"=""123049042264341""",Portwest + Style Code - Manual EXACT - MJC,US,12,USD,2025,187,7.4866%,0.27357,14,3.83,31.98,2
"=""amzn1.ads-account.g.betoci5lb82z6jole1u6tt780""",Portwest FR,,"=""559985404216891""",SP - Project Candy Auto Low Bid - Bridging Promo - 22 Sep - MJC,FR,9,EUR,2025,108684,0.2162%,0.10749,235,25.26,187.11,6
"=""amzn1.ads-account.g.1pajz8jo9dcmlcw2654w4ynhd""",Portwest Australia,,"=""82479822838699""",Auto Low Bid - Unhealthy Inventory V2 - MJC,AU,6,AUD,2026,38629,0.8103%,0.18633,313,58.32,617.43,17
"=""amzn1.ads-account.g.betoci5lb82z6jole1u6tt780""",Portwest FR,,"=""330209804597144""",SP - Bridging Promo until 4th Aug - Project Candy Low Bid - MJC,FR,9,EUR,2025,453333,0.4350%,0.16325,1972,321.93,3874.26,315
"=""amzn1.ads-account.g.6wubx539i9z2ina5h90v21w6e""",WWD - Workwear Depot,,"=""322086947917851""",SP - Elbow Pads - PAT - Close Competitors - Sugg Bid - MJC,UK,8,GBP,2025,4534,1.3013%,0.65000,59,38.35,24.96,3
"=""amzn1.ads-account.g.95u2ty2xhpic90diqqwzt6a2s""",Portwest USA,,"=""447677372993835""",PAT Profit US440 - Exact - Oct 2024 - JC,US,1,USD,2025,50542,1.0605%,0.52377,536,280.74,1026.51,65
"=""amzn1.ads-account.g.6wubx539i9z2ina5h90v21w6e""",WWD - Workwear Depot,,"=""322086947917851""",SP - Elbow Pads - PAT - Close Competitors - Sugg Bid - MJC,UK,10,GBP,2025,5985,1.6207%,0.77072,97,74.76,49.92,6
"=""amzn1.ads-account.g.8os9jbxe8uolgs0z0ka9qua0q""",Portwest ES,,"=""552946921964248""",Bridging Promo 31 May - Project Candy Low Bid - MJC,ES,8,EUR,2025,232540,0.2709%,0.17505,630,110.28,731.36,20
"=""amzn1.ads-account.g.6wubx539i9z2ina5h90v21w6e""",WWD - Workwear Depot,,"=""26886441161653""",C - Auto Low Bid - May 2023 - MJC,US,11,USD,2025,137,0.0000%,,0,0.00,0.00,0
"=""amzn1.ads-account.g.8os9jbxe8uolgs0z0ka9qua0q""",Portwest ES,,"=""547962426196207""",Auto Low Bid - Q1 2024 - Feb Deals - MJC,ES,7,EUR,2026,91775,0.2986%,0.13734,274,37.63,150.89,5
"=""amzn1.ads-account.g.6wubx539i9z2ina5h90v21w6e""",WWD - Workwear Depot,,"=""474399785060613""",SP - Project Candy Low Bid - New Styles - Phase One - MJC,US,7,USD,2026,3404,0.8519%,0.22034,29,6.39,122.97,3
"=""amzn1.ads-account.g.betoci5lb82z6jole1u6tt780""",Portwest FR,,"=""449898276473828""",SP - PBDD - Project Candy Low Bid - MJC,FR,9,EUR,2026,211389,0.4158%,0.17472,879,153.58,2818.20,145
"=""amzn1.ads-account.g.9zovk6zrqsgpaj8x2od1sbl53""",Portwest - BE BISS - (Pan-EU),,"=""480650557145400""",SP - PBDD - Project Candy Low Bid - MJC,BE,2,EUR,2026,9876,1.1847%,0.13615,117,15.93,497.93,21
"=""amzn1.ads-account.g.95u2ty2xhpic90diqqwzt6a2s""",Portwest USA,,"=""365236114070531""",SP - PBDD - Project Candy Low Bid - with Multi - MJC,US,9,USD,2026,4746,1.8542%,0.12886,88,11.34,0.00,0
"=""amzn1.ads-account.g.9mvvwnjt2tsmdz08926vlb17a""",Portwest DE,,"=""533829515195503""",SP - UK Gap Products - Project Candy - Auto Low Bid - MJC,DE,9,EUR,2025,659384,0.3191%,0.15356,2104,323.10,4390.34,160
"=""amzn1.ads-account.g.6wubx539i9z2ina5h90v21w6e""",WWD - Workwear Depot,,"=""505622175738793""",DX4 Product Launch Auto - Low Bid Oct 2024 - JC,US,1,USD,2025,2036,0.5894%,0.24750,12,2.97,0.00,0
"=""amzn1.ads-account.g.8os9jbxe8uolgs0z0ka9qua0q""",Portwest ES,,"=""470198564047574""",SP - PRIME DAY - Project Candy Low Bid with Multi,ES,11,EUR,2025,30699852,0.2349%,0.20570,72110,14832.75,57487.88,2261
"=""amzn1.ads-account.g.betoci5lb82z6jole1u6tt780""",Portwest FR,,"=""293679770059445""",SP - UK Gap Products - Project Candy - Auto Low Bid - MJC,FR,1,EUR,2026,708195,0.4599%,0.13875,3257,451.90,6787.12,320
"=""amzn1.ads-account.g.9mvvwnjt2tsmdz08926vlb17a""",Portwest DE,,"=""447304808837659""",SP - PRIME DAY - Project Candy Low Bid with Multi,DE,10,EUR,2025,10207221,0.2847%,0.23653,29058,6873.13,64303.49,2983
"=""amzn1.ads-account.g.betoci5lb82z6jole1u6tt780""",Portwest FR,,"=""252762940742890""",SP - Amazon Business Project Candy - Missing Styles June 2026 - Low Bid - MJC (B),FR,6,EUR,2026,12189,0.2215%,0.26630,27,7.19,45.28,4
"=""amzn1.ads-account.g.betoci5lb82z6jole1u6tt780""",Portwest FR,,"=""201893153506278""",Droppers - Profit - MJC,FR,5,EUR,2025,11058,0.3256%,0.14167,36,5.10,143.66,9
"=""amzn1.ads-account.g.9zovk6zrqsgpaj8x2od1sbl53""",Portwest - BE BISS - (Pan-EU),,"=""505560042434740""",Growers (From UK) - Auto Low Bid - MJC,BE,6,EUR,2026,10535,1.3099%,0.10333,138,14.26,467.66,20
"=""amzn1.ads-account.g.bak81x0kttgh0i1ah3ezzzu2m""",Portwest PL,,"=""457018929654451""",Auto All - EURO Expansion 4 - Campaign B - MJC,PL,8,PLN,2025,93089,0.1998%,0.30882,186,57.44,682.84,12
"=""amzn1.ads-account.g.betoci5lb82z6jole1u6tt780""",Portwest FR,,"=""375571445949915""",Keyword Research Low Bid - BRD PHR - SD,FR,10,EUR,2025,580900,0.3023%,0.16901,1756,296.78,4260.10,185
"=""amzn1.ads-account.g.betoci5lb82z6jole1u6tt780""",Portwest FR,,"=""294745696953229""",Keyword Research Low Bid (Seasonal) - BRD PHR - SD,FR,8,EUR,2025,399954,0.3608%,0.20457,1443,295.19,4232.34,302
"=""amzn1.ads-account.g.1pajz8jo9dcmlcw2654w4ynhd""",Portwest Australia,,"=""257891712755572""",Profit MJC,AU,1,AUD,2026,5815,1.6853%,1.26837,98,124.30,782.13,28
"=""amzn1.ads-account.g.95u2ty2xhpic90diqqwzt6a2s""",Portwest USA,,"=""309149749478686""",Portwest Brand Terms Only - JC,US,7,USD,2025,85004,0.1023%,0.65218,87,56.74,0.00,0
"=""amzn1.ads-account.g.9mvvwnjt2tsmdz08926vlb17a""",Portwest DE,,"=""191386157012832""",Growers - Auto Low Bid - MJC,DE,3,EUR,2025,745598,0.3142%,0.16018,2343,375.31,7549.55,384
"=""amzn1.ads-account.g.9mvvwnjt2tsmdz08926vlb17a""",Portwest DE,,"=""52065936047090""",Droppers - Profit - MJC`,DE,12,EUR,2025,9163,0.5893%,0.22722,54,12.27,73.37,4
"=""amzn1.ads-account.g.95u2ty2xhpic90diqqwzt6a2s""",Portwest USA,,"=""312353717160459""",SP - PRIME DAY - Project Candy Low Bid with Multi,US,7,USD,2025,2664135,0.2908%,0.34294,7747,2656.77,17790.25,844
"=""amzn1.ads-account.g.1pajz8jo9dcmlcw2654w4ynhd""",Portwest Australia,,"=""459317093535210""",SP - Black Friday Week - Project Candy Low Bid - with Multi - MJC,AU,7,AUD,2026,201591,0.6493%,0.22942,1309,300.31,4130.86,156
"=""amzn1.ads-account.g.7qon60b3itwr4fzatg0h6r5fv""",Portwest IT,,"=""499173945259706""",Project Candy - Target Styles Q4 2024 - Auto Low Bid - MJC,IT,1,EUR,2026,109691,0.6591%,0.18559,723,134.18,1362.86,89
"=""amzn1.ads-account.g.betoci5lb82z6jole1u6tt780""",Portwest FR,,"=""148284969926993""",Droppers - Auto Low Bid - MJC,FR,8,EUR,2026,138740,0.4454%,0.13862,618,85.67,2732.53,151
"=""amzn1.ads-account.g.7qon60b3itwr4fzatg0h6r5fv""",Portwest IT,,"=""491583009841605""",SP - Bridging Promo until 4th Aug - Project Candy Low Bid - MJC,IT,2,EUR,2026,229449,0.3160%,0.15537,725,112.64,1115.98,65
"=""amzn1.ads-account.g.6wubx539i9z2ina5h90v21w6e""",WWD - Workwear Depot,,"=""317606326104162""",Auto Low Bid - Seller Push May 2024 - MJC,US,12,USD,2025,3634,0.4128%,0.24467,15,3.67,37.99,1
"=""amzn1.ads-account.g.betoci5lb82z6jole1u6tt780""",Portwest FR,,"=""500653553293902""",Bridging Promo 17 May - Project Candy Low Bid - MJC,FR,9,EUR,2025,122788,0.2565%,0.19244,315,60.62,116.17,3
"=""amzn1.ads-account.g.betoci5lb82z6jole1u6tt780""",Portwest FR,,"=""410848499689009""",Store Spotlight SB FR (2) - SD,FR,1,EUR,2025,534944,0.1028%,0.16280,550,89.54,1682.45,103
"=""amzn1.ads-account.g.95u2ty2xhpic90diqqwzt6a2s""",Portwest USA,,"=""283483470831455""",PAT Profit US440 - Low Bid Sep 2024 - JC,US,7,USD,2025,21470,1.2995%,0.23211,279,64.76,753.45,49
"=""amzn1.ads-account.g.7qon60b3itwr4fzatg0h6r5fv""",Portwest IT,,"=""465192037897295""",SP - Project Candy - Bridging Promo - 5 Sep 2025 - Auto Low Bid - MJC,IT,10,EUR,2025,4055723,0.2239%,0.16590,9081,1506.56,8058.26,377
"=""amzn1.ads-account.g.1pajz8jo9dcmlcw2654w4ynhd""",Portwest Australia,,"=""127908567131055""",Auto All Low Bid MJC,AU,9,AUD,2025,180261,0.3412%,0.19946,615,122.67,1944.73,84
"=""amzn1.ads-account.g.95u2ty2xhpic90diqqwzt6a2s""",Portwest USA,,"=""533532889300124""",Auto Low Bid - Vendor Push May 2024 - MJC,US,8,USD,2025,75018,0.5932%,0.20490,445,91.18,375.62,20
"=""amzn1.ads-account.g.9mvvwnjt2tsmdz08926vlb17a""",Portwest DE,,"=""547494018872329""",Keyword Research Low Bid (Seasonal) - BRD PHR - SD,DE,1,EUR,2025,819790,0.4155%,0.19119,3406,651.21,9856.51,352
"=""amzn1.ads-account.g.1pajz8jo9dcmlcw2654w4ynhd""",Portwest Australia,,"=""400393817196319""",SP - Project Candy - DIY Deal Campaign - Auto Low Bid - MJC,AU,4,AUD,2025,42412,0.4763%,0.27847,202,56.25,132.87,20
"=""amzn1.ads-account.g.8os9jbxe8uolgs0z0ka9qua0q""",Portwest ES,,"=""480938456434366""",SP - UK Gap Products - Project Candy - Auto Low Bid - MJC,ES,8,EUR,2026,113755,0.4466%,0.13526,508,68.71,957.13,57
"=""amzn1.ads-account.g.95u2ty2xhpic90diqqwzt6a2s""",Portwest USA,,"=""487432728655131""",Project Candy - Push Styles Q4 2024 - Auto Low Bid - MJC,US,9,USD,2026,8945,1.1515%,0.24777,103,25.52,251.02,14
"=""amzn1.ads-account.g.95u2ty2xhpic90diqqwzt6a2s""",Portwest USA,,"=""533532889300124""",Auto Low Bid - Vendor Push May 2024 - MJC,US,6,USD,2025,70479,0.7917%,0.21016,558,117.27,1289.42,65
"=""amzn1.ads-account.g.95u2ty2xhpic90diqqwzt6a2s""",Portwest USA,,"=""409985325957400""",PAT Profit Style group 3 - Low bid Sep 204 - JC,US,9,USD,2025,3476,0.8631%,0.23567,30,7.07,0.00,0
"=""amzn1.ads-account.g.9mvvwnjt2tsmdz08926vlb17a""",Portwest DE,,"=""64675969377502""",SP - Amazon Business Project Candy - Missing Styles June 2026 - Low Bid - MJC (A),DE,8,EUR,2026,82672,0.1657%,0.29095,137,39.86,634.33,26
"=""amzn1.ads-account.g.1pajz8jo9dcmlcw2654w4ynhd""",Portwest Australia,,"=""533603650852527""",Keyword Research Low Bid - BRD PHR - SD,AU,4,AUD,2026,140595,0.2098%,0.52746,295,155.60,1476.99,40
"=""amzn1.ads-account.g.5dfl8rvx53v3cuqmb1snnubcf""",Portwest NL,,"=""469105961672637""",SP - Project Candy Auto Low Bid - Bridging Promo - 22 Sep - MJC,NL,1,EUR,2026,965,0.3109%,0.12000,3,0.36,0.00,0
"=""amzn1.ads-account.g.95u2ty2xhpic90diqqwzt6a2s""",Portwest USA,,"=""446556638681330""",Keyword Research 3 Low Bid - BRD PHR - JC,US,10,USD,2025,212954,0.3729%,0.25508,794,202.53,654.44,25
"=""amzn1.ads-account.g.9mvvwnjt2tsmdz08926vlb17a""",Portwest DE,,"=""339739082571714""",Auto Low Bid - Q1 2024 - Feb Deals - MJC,DE,9,EUR,2026,17453,0.3782%,0.15470,66,10.21,108.89,6
"=""amzn1.ads-account.g.6wubx539i9z2ina5h90v21w6e""",WWD - Workwear Depot,,"=""499053194388859""",SP - Project Candy Low Bid - PAT Profit - EXT - MJC,US,10,USD,2025,1156,0.9516%,0.13182,11,1.45,0.00,0
"=""amzn1.ads-account.g.95u2ty2xhpic90diqqwzt6a2s""",Portwest USA,,"=""446556638681330""",Keyword Research 3 Low Bid - BRD PHR - JC,US,8,USD,2025,153832,0.1573%,0.24566,242,59.45,670.77,26
"=""amzn1.ads-account.g.betoci5lb82z6jole1u6tt780""",Portwest FR,,"=""294745696953229""",Keyword Research Low Bid (Seasonal) - BRD PHR - SD,FR,3,EUR,2026,163818,0.3412%,0.16791,559,93.86,891.30,61
"=""amzn1.ads-account.g.8os9jbxe8uolgs0z0ka9qua0q""",Portwest ES,,"=""204794077297538""",Base - Top 10 Sellers - Auto Low Bid - MJC,ES,3,EUR,2025,97939,0.2593%,0.17583,254,44.66,942.68,13
"=""amzn1.ads-account.g.1pajz8jo9dcmlcw2654w4ynhd""",Portwest Australia,,"=""110745821211934""",Display Ads Converting A310,AU,9,AUD,2025,1,0.0000%,,0,0.00,0.00,0
"=""amzn1.ads-account.g.betoci5lb82z6jole1u6tt780""",Portwest FR,,"=""294745696953229""",Keyword Research Low Bid (Seasonal) - BRD PHR - SD,FR,9,EUR,2025,680289,0.5237%,0.18628,3563,663.71,7156.90,426
"=""amzn1.ads-account.g.8os9jbxe8uolgs0z0ka9qua0q""",Portwest ES,,"=""391149768868824""",Bridging Promo 17 May - Project Candy Low Bid - MJC,ES,10,EUR,2025,326800,0.2118%,0.16178,692,111.95,300.63,12
"=""amzn1.ads-account.g.95u2ty2xhpic90diqqwzt6a2s""",Portwest USA,,"=""487432728655131""",Project Candy - Push Styles Q4 2024 - Auto Low Bid - MJC,US,8,USD,2026,19978,0.8860%,0.24542,177,43.44,179.45,11
"=""amzn1.ads-account.g.9mvvwnjt2tsmdz08926vlb17a""",Portwest DE,,"=""524187804468115""",Store Spotlight SB DE (2) - SD,DE,1,EUR,2025,421348,0.0610%,0.16479,257,42.35,298.85,5
"=""amzn1.ads-account.g.9mvvwnjt2tsmdz08926vlb17a""",Portwest DE,,"=""488971604344142""",Keyword Research Low Bid (New Selection) - BRD PHR - SD,DE,6,EUR,2026,60503,0.5223%,0.23775,316,75.13,1304.54,76
"=""amzn1.ads-account.g.9mvvwnjt2tsmdz08926vlb17a""",Portwest DE,,"=""524187804468115""",Store Spotlight SB DE (2) - SD,DE,12,EUR,2025,99250,0.0413%,0.16707,41,6.85,0.00,0
"=""amzn1.ads-account.g.95u2ty2xhpic90diqqwzt6a2s""",Portwest USA,,"=""520372994666385""",SP - VIP Keywords (July 2025) - EXT - Our Bid - MJC,US,7,USD,2026,181960,0.4627%,0.78195,842,658.40,4075.33,162
"=""amzn1.ads-account.g.8os9jbxe8uolgs0z0ka9qua0q""",Portwest ES,,"=""195522116641065""",Droppers - Auto Low Bid - MJC,ES,7,EUR,2025,76399,0.4202%,0.16184,321,51.95,590.17,35
"=""amzn1.ads-account.g.95u2ty2xhpic90diqqwzt6a2s""",Portwest USA,,"=""431207786236144""",Manual Profit EXT Low Bid - Q4 - MJC,US,8,USD,2025,326,0.6135%,0.25000,2,0.50,0.00,0
"=""amzn1.ads-account.g.7qon60b3itwr4fzatg0h6r5fv""",Portwest IT,,"=""109993015518345""",SP - Amazon Business Project Candy - Missing Styles June 2026 - Low Bid - MJC (B),IT,6,EUR,2026,179165,0.2244%,0.29346,402,117.97,1618.47,158
"=""amzn1.ads-account.g.betoci5lb82z6jole1u6tt780""",Portwest FR,,"=""19826924345521""",Growers - Auto Low Bid - MJC,FR,4,EUR,2025,562041,0.4405%,0.16293,2476,403.41,7225.38,383
"=""amzn1.ads-account.g.9mvvwnjt2tsmdz08926vlb17a""",Portwest DE,,"=""358197710343541""",Project Candy - Converting EXT - 20240711,DE,8,EUR,2026,79551,0.4500%,0.23631,358,84.60,759.34,39
"=""amzn1.ads-account.g.95u2ty2xhpic90diqqwzt6a2s""",Portwest USA,,"=""538337297480785""",Auto Low Bid - Vendor Push December 2023 - MJC,US,11,USD,2025,5957,1.0744%,0.32328,64,20.69,450.03,6
"=""amzn1.ads-account.g.95u2ty2xhpic90diqqwzt6a2s""",Portwest USA,,"=""401424375599724""",Store Spotlight 2 SB - Nov 2024 - JC,US,7,USD,2025,600765,0.0776%,0.21672,466,100.99,2297.81,73
"=""amzn1.ads-account.g.1pajz8jo9dcmlcw2654w4ynhd""",Portwest Australia,,"=""74703476074231""",Profit PAT MJC,AU,4,AUD,2025,5905,0.5588%,0.22636,33,7.47,85.78,3
"=""amzn1.ads-account.g.9mvvwnjt2tsmdz08926vlb17a""",Portwest DE,,"=""368937778983831""",Manual Profit EXT Low Bid - December 2023 - MJC,DE,2,EUR,2026,44476,0.4767%,0.24863,212,52.71,642.11,34
"=""amzn1.ads-account.g.1pajz8jo9dcmlcw2654w4ynhd""",Portwest Australia,,"=""538175312863476""",SP - PBDD - Project Candy Low Bid - with Multi - MJC,AU,9,AUD,2026,481,2.4948%,0.07667,12,0.92,39.15,3
"=""amzn1.ads-account.g.betoci5lb82z6jole1u6tt780""",Portwest FR,,"=""375571445949915""",Keyword Research Low Bid - BRD PHR - SD,FR,8,EUR,2025,435494,0.2638%,0.17241,1149,198.10,2743.95,110
"=""amzn1.ads-account.g.7qon60b3itwr4fzatg0h6r5fv""",Portwest IT,,"=""432140609662787""",SP - UK Gap Products - Project Candy - Auto Low Bid - MJC,IT,9,EUR,2025,440556,0.1823%,0.13838,803,111.12,877.26,55
"=""amzn1.ads-account.g.betoci5lb82z6jole1u6tt780""",Portwest FR,,"=""294745696953229""",Keyword Research Low Bid (Seasonal) - BRD PHR - SD,FR,5,EUR,2026,275376,0.2063%,0.16982,568,96.46,1264.25,99
"=""amzn1.ads-account.g.1pajz8jo9dcmlcw2654w4ynhd""",Portwest Australia,,"=""476491807026648""",2852 - Top Seller - Auto Low Bid - MJC,AU,5,AUD,2025,711,0.1406%,0.61000,1,0.61,27.81,1
"=""amzn1.ads-account.g.1pajz8jo9dcmlcw2654w4ynhd""",Portwest Australia,,"=""56584912532417""",Converting from Other Channels - MJC,AU,1,AUD,2025,980,0.3061%,1.00333,3,3.01,27.23,1
"=""amzn1.ads-account.g.95u2ty2xhpic90diqqwzt6a2s""",Portwest USA,,"=""312353717160459""",SP - PRIME DAY - Project Candy Low Bid with Multi,US,8,USD,2026,197125,1.0597%,0.36786,2089,768.45,7712.24,265
"=""amzn1.ads-account.g.9mvvwnjt2tsmdz08926vlb17a""",Portwest DE,,"=""358197710343541""",Project Candy - Converting EXT - 20240711,DE,7,EUR,2026,38251,0.3738%,0.23671,143,33.85,325.17,18
"=""amzn1.ads-account.g.95u2ty2xhpic90diqqwzt6a2s""",Portwest USA,,"=""371243070537578""","Style Specific - UH447 - Core Keywords, Close Match EXT - Suggested Bid - MJC",US,5,USD,2025,1148,0.2613%,1.12667,3,3.38,0.00,0
"=""amzn1.ads-account.g.6wubx539i9z2ina5h90v21w6e""",WWD - Workwear Depot,,"=""20901691149359""",T - Auto Low Bid - May 2023 - MJC,US,7,USD,2025,2,0.0000%,,0,0.00,0.00,0
"=""amzn1.ads-account.g.mxheehzl72t4l5it1hfsk6xz""",Portwest SE,,"=""293264327574712""",Auto All - EURO Expansion 4 V2 - Campaign A - MJC,SE,6,SEK,2025,90509,0.3845%,0.70480,348,245.27,6811.49,33
"=""amzn1.ads-account.g.95u2ty2xhpic90diqqwzt6a2s""",Portwest USA,,"=""496148515305885""",Auto Low Bid - Vendor Gloves Push January 2024 - MJC,US,8,USD,2025,290,1.3793%,0.24500,4,0.98,0.00,0
"=""amzn1.ads-account.g.6wubx539i9z2ina5h90v21w6e""",WWD - Workwear Depot,,"=""262860660370351""",B - Auto Low Bid - May 2023 - MJC,US,4,USD,2026,781,0.6402%,0.25000,5,1.25,0.00,0
"=""amzn1.ads-account.g.8os9jbxe8uolgs0z0ka9qua0q""",Portwest ES,,"=""470198564047574""",SP - PRIME DAY - Project Candy Low Bid with Multi,ES,4,EUR,2026,378758,0.1402%,0.18940,531,100.57,1473.86,55
"=""amzn1.ads-account.g.7qon60b3itwr4fzatg0h6r5fv""",Portwest IT,,"=""110783796402197""",Droppers - Auto Low Bid - MJC,IT,10,EUR,2025,110051,0.4798%,0.19203,528,101.39,784.50,33
"=""amzn1.ads-account.g.betoci5lb82z6jole1u6tt780""",Portwest FR,,"=""410848499689009""",Store Spotlight SB FR (2) - SD,FR,4,EUR,2026,641291,0.0465%,0.16362,298,48.76,534.66,27
"=""amzn1.ads-account.g.betoci5lb82z6jole1u6tt780""",Portwest FR,,"=""512965080942787""",B2B SP Auto Low Bid - SD,FR,11,EUR,2025,94563,0.5425%,0.43949,513,225.46,3807.00,387
"=""amzn1.ads-account.g.9mvvwnjt2tsmdz08926vlb17a""",Portwest DE,,"=""312221393101516""",B2B SP Auto Low Bid - SD,DE,9,EUR,2026,337970,0.3397%,0.33415,1148,383.60,12344.72,1060
"=""amzn1.ads-account.g.95u2ty2xhpic90diqqwzt6a2s""",Portwest USA,,"=""319162604580847""",(Dayparting Test) PAT Profit EXT and EXP - Low bid Oct 2024 - JC,US,11,USD,2025,112800,0.7154%,0.30182,807,243.57,1130.69,37
"=""amzn1.ads-account.g.6wubx539i9z2ina5h90v21w6e""",WWD - Workwear Depot,,"=""505622175738793""",DX4 Product Launch Auto - Low Bid Oct 2024 - JC,US,10,USD,2025,119,0.8403%,0.15000,1,0.15,0.00,0
"=""amzn1.ads-account.g.95u2ty2xhpic90diqqwzt6a2s""",Portwest USA,,"=""408324720320680""",(B2B Multiplier Test) - Profit Expand Group 1 - Low Bid BRD & PHR - JC,US,8,USD,2025,25432,0.9122%,0.29875,232,69.31,906.99,18
"=""amzn1.ads-account.g.6wubx539i9z2ina5h90v21w6e""",WWD - Workwear Depot,,"=""316861580179555""",Auto Low Bid April MJC 24,US,6,USD,2025,5893,0.4073%,0.23333,24,5.60,0.00,0
"=""amzn1.ads-account.g.7qon60b3itwr4fzatg0h6r5fv""",Portwest IT,,"=""501655278304804""",Growers - Auto Low Bid - MJC,IT,7,EUR,2026,67528,0.6146%,0.09742,415,40.43,963.32,43
"=""amzn1.ads-account.g.9mvvwnjt2tsmdz08926vlb17a""",Portwest DE,,"=""44819252859905""",Manual Targeting - S999 (CY),DE,7,EUR,2025,14994,0.3201%,0.44250,48,21.24,145.25,6
"=""amzn1.ads-account.g.mxheehzl72t4l5it1hfsk6xz""",Portwest SE,,"=""508987492133915""",Growers (From UK) - Auto Low Bid - MJC,SE,5,SEK,2025,19604,0.4183%,0.77049,82,63.18,1491.00,5
"=""amzn1.ads-account.g.1pajz8jo9dcmlcw2654w4ynhd""",Portwest Australia,,"=""56584912532417""",Converting from Other Channels - MJC,AU,8,AUD,2026,287,0.3484%,1.17000,1,1.17,21.08,1
"=""amzn1.ads-account.g.1pajz8jo9dcmlcw2654w4ynhd""",Portwest Australia,,"=""96146253128422""",Display Ads Converting H441,AU,7,AUD,2025,9,0.0000%,,0,0.00,0.00,0
"=""amzn1.ads-account.g.9mvvwnjt2tsmdz08926vlb17a""",Portwest DE,,"=""165105723572633""",Auto Targeting - S999 (CY),DE,2,EUR,2025,71249,2.2807%,0.23694,1625,385.03,2885.05,105
"=""amzn1.ads-account.g.6wubx539i9z2ina5h90v21w6e""",WWD - Workwear Depot,,"=""353455736089883""",SP - Project Candy Low Bid - Winning Terms - Profit - EXT - MJC,US,9,USD,2025,10464,0.6403%,0.24254,67,16.25,22.99,1
"=""amzn1.ads-account.g.95u2ty2xhpic90diqqwzt6a2s""",Portwest USA,,"=""309711536950673""",Auto Low Bid - Vendor Push April 2024 - MJC,US,7,USD,2025,53731,0.3052%,0.25262,164,41.43,555.01,35
"=""amzn1.ads-account.g.betoci5lb82z6jole1u6tt780""",Portwest FR,,"=""456555263277852""",Keyword Research Low Bid (New Selection) - BRD PHR - SD,FR,1,EUR,2026,326421,0.4644%,0.16900,1516,256.20,3643.16,194
"=""amzn1.ads-account.g.1pajz8jo9dcmlcw2654w4ynhd""",Portwest Australia,,"=""56584912532417""",Converting from Other Channels - MJC,AU,6,AUD,2026,838,0.4773%,1.06250,4,4.25,24.46,1
"=""amzn1.ads-account.g.9mvvwnjt2tsmdz08926vlb17a""",Portwest DE,,"=""456161439841495""",Store Spotlight (DE) SB - Homepage - SD,DE,10,EUR,2025,510110,0.1064%,0.18917,543,102.72,2122.99,50
"=""amzn1.ads-account.g.1pajz8jo9dcmlcw2654w4ynhd""",Portwest Australia,,"=""411010298200586""",Store Spotlight SB - SD,AU,3,AUD,2025,508027,0.1047%,0.21974,532,116.90,1859.91,66
"=""amzn1.ads-account.g.betoci5lb82z6jole1u6tt780""",Portwest FR,,"=""481907341387279""",Home and Garden 2025 - Project Candy - Auto Low Bid - MJC,FR,1,EUR,2026,1796348,0.3284%,0.12958,5899,764.39,10646.12,356
"=""amzn1.ads-account.g.8os9jbxe8uolgs0z0ka9qua0q""",Portwest ES,,"=""466433429362650""",Keyword Research Low Bid (Top Sellers) - BRD PHR - SD,ES,5,EUR,2025,1292168,0.1109%,0.18669,1433,267.52,2498.47,180
"=""amzn1.ads-account.g.bak81x0kttgh0i1ah3ezzzu2m""",Portwest PL,,"=""442163708910699""",Auto All - EURO Expansion 4 - Campaign A - MJC,PL,1,PLN,2025,153140,0.1456%,0.30126,223,67.18,270.42,4
"=""amzn1.ads-account.g.7qon60b3itwr4fzatg0h6r5fv""",Portwest IT,,"=""325147263942313""",Keyword Research Low Bid Group 2 - BRD PHR Oct 2024 - JC,IT,12,EUR,2025,219682,0.4047%,0.17127,889,152.26,1929.08,112
"=""amzn1.ads-account.g.9mvvwnjt2tsmdz08926vlb17a""",Portwest DE,,"=""288384587728489""",Bridging Promo 17 May - Project Candy Low Bid - MJC,DE,6,EUR,2025,256964,0.3343%,0.14643,859,125.78,1788.75,86
"=""amzn1.ads-account.g.5dfl8rvx53v3cuqmb1snnubcf""",Portwest NL,,"=""332773737266901""",Droppers (From UK) - Auto Low Bid - MJC,NL,5,EUR,2025,6645,0.5267%,0.04686,35,1.64,83.40,6
"=""amzn1.ads-account.g.9mvvwnjt2tsmdz08926vlb17a""",Portwest DE,,"=""555695194898382""",SP - PBDD - Project Candy Low Bid - MJC,DE,3,EUR,2026,1050972,0.3900%,0.16144,4099,661.75,10028.96,556
"=""amzn1.ads-account.g.9mvvwnjt2tsmdz08926vlb17a""",Portwest DE,,"=""447304808837659""",SP - PRIME DAY - Project Candy Low Bid with Multi,DE,7,EUR,2025,5926445,0.2951%,0.23797,17488,4161.66,37271.57,1990
"=""amzn1.ads-account.g.betoci5lb82z6jole1u6tt780""",Portwest FR,,"=""533713501725385""",SP - Project Candy - Bridging Promo - 5 Sep 2025 - Auto Low Bid - MJC,FR,9,EUR,2025,2834775,0.1732%,0.16270,4910,798.87,7685.72,422
"=""amzn1.ads-account.g.95u2ty2xhpic90diqqwzt6a2s""",Portwest USA,,"=""520372994666385""",SP - VIP Keywords (July 2025) - EXT - Our Bid - MJC,US,10,USD,2025,162899,0.6421%,0.63635,1046,665.62,2525.33,61
"=""amzn1.ads-account.g.9mvvwnjt2tsmdz08926vlb17a""",Portwest DE,,"=""234439264649803""",PAT Competitor - S999 (CY),DE,5,EUR,2025,447,0.4474%,0.72500,2,1.45,0.00,0
"=""amzn1.ads-account.g.7qon60b3itwr4fzatg0h6r5fv""",Portwest IT,,"=""465192037897295""",SP - Project Candy - Bridging Promo - 5 Sep 2025 - Auto Low Bid - MJC,IT,9,EUR,2025,4666174,0.1723%,0.16770,8040,1348.33,7358.06,371
"=""amzn1.ads-account.g.mxheehzl72t4l5it1hfsk6xz""",Portwest SE,,"=""329244351830333""",Droppers (From UK) - Auto Low Bid - MJC,SE,5,SEK,2026,17473,0.4292%,1.00200,75,75.15,706.26,4
"=""amzn1.ads-account.g.1pajz8jo9dcmlcw2654w4ynhd""",Portwest Australia,,"=""519485767745737""",Keyword Research Low Bid - BRD PHR - AH,AU,9,AUD,2026,32858,0.5235%,0.48360,172,83.18,1424.52,32
"=""amzn1.ads-account.g.95u2ty2xhpic90diqqwzt6a2s""",Portwest USA,,"=""552636415923349""",Auto Low Bid - Vendor Push March 2024 - MJC,US,8,USD,2026,37960,1.1617%,0.27893,441,123.01,1161.93,41
"=""amzn1.ads-account.g.1pajz8jo9dcmlcw2654w4ynhd""",Portwest Australia,,"=""108617369848228""",Display Ads Converting FW90,AU,11,AUD,2025,97,0.0000%,,0,0.00,0.00,0
"=""amzn1.ads-account.g.95u2ty2xhpic90diqqwzt6a2s""",Portwest USA,,"=""360269261984589""",Vendor Purchased - Not Advertised (Sep 2023) - Auto Low Bid - MJC,US,4,USD,2025,102267,0.7177%,0.18864,734,138.46,822.10,22
"=""amzn1.ads-account.g.1pajz8jo9dcmlcw2654w4ynhd""",Portwest Australia,,"=""355925356602496""","Core Keywords, Close Match EXT - Suggested Bid - AH",AU,4,AUD,2026,15060,0.4117%,0.33403,62,20.71,207.42,10
"=""amzn1.ads-account.g.betoci5lb82z6jole1u6tt780""",Portwest FR,,"=""148284969926993""",Droppers - Auto Low Bid - MJC,FR,6,EUR,2026,135975,0.4508%,0.15297,613,93.77,2567.64,134
"=""amzn1.ads-account.g.6wubx539i9z2ina5h90v21w6e""",WWD - Workwear Depot,,"=""505622175738793""",DX4 Product Launch Auto - Low Bid Oct 2024 - JC,US,2,USD,2026,3168,0.9154%,0.22724,29,6.59,0.00,0
"=""amzn1.ads-account.g.9mvvwnjt2tsmdz08926vlb17a""",Portwest DE,,"=""448372766050370""",Bridging Promo 24 May - Project Candy Low Bid - MJC,DE,5,EUR,2025,169855,0.2555%,0.19532,434,84.77,726.97,31
"=""amzn1.ads-account.g.1pajz8jo9dcmlcw2654w4ynhd""",Portwest Australia,,"=""463416327324191""",Growers - Auto Low Bid - MJC,AU,2,AUD,2026,2035,0.6880%,0.35643,14,4.99,11.69,1
"=""amzn1.ads-account.g.7qon60b3itwr4fzatg0h6r5fv""",Portwest IT,,"=""491583009841605""",SP - Bridging Promo until 4th Aug - Project Candy Low Bid - MJC,IT,4,EUR,2026,196401,0.2627%,0.16297,516,84.09,573.80,39
"=""amzn1.ads-account.g.6wubx539i9z2ina5h90v21w6e""",WWD - Workwear Depot,,"=""474399785060613""",SP - Project Candy Low Bid - New Styles - Phase One - MJC,US,9,USD,2025,12138,0.0165%,0.15500,2,0.31,0.00,0
"=""amzn1.ads-account.g.mxheehzl72t4l5it1hfsk6xz""",Portwest SE,,"=""293264327574712""",Auto All - EURO Expansion 4 V2 - Campaign A - MJC,SE,5,SEK,2026,242839,0.4110%,1.11102,998,1108.80,19176.40,97
"=""amzn1.ads-account.g.95u2ty2xhpic90diqqwzt6a2s""",Portwest USA,,"=""409985325957400""",PAT Profit Style group 3 - Low bid Sep 204 - JC,US,10,USD,2025,2163,0.6935%,0.25200,15,3.78,20.40,1
"=""amzn1.ads-account.g.95u2ty2xhpic90diqqwzt6a2s""",Portwest USA,,"=""520372994666385""",SP - VIP Keywords (July 2025) - EXT - Our Bid - MJC,US,11,USD,2025,65407,0.5489%,0.71749,359,257.58,438.20,15
"=""amzn1.ads-account.g.9zovk6zrqsgpaj8x2od1sbl53""",Portwest - BE BISS - (Pan-EU),,"=""457392713613897""",Droppers (From UK) - Auto Low Bid - MJC,BE,2,EUR,2026,7669,1.5126%,0.10879,116,12.62,263.82,15
"=""amzn1.ads-account.g.1pajz8jo9dcmlcw2654w4ynhd""",Portwest Australia,,"=""519274833218421""",Facemasks - Keyword Res - All Match Types - MJC,AU,7,AUD,2025,39706,0.2896%,0.72322,115,83.17,523.06,32
"=""amzn1.ads-account.g.7qon60b3itwr4fzatg0h6r5fv""",Portwest IT,,"=""320546710532715""",Bridging Promo 31 May - Project Candy Low Bid - MJC,IT,11,EUR,2025,341051,0.3791%,0.18144,1293,234.60,1878.71,98
"=""amzn1.ads-account.g.betoci5lb82z6jole1u6tt780""",Portwest FR,,"=""449898276473828""",SP - PBDD - Project Candy Low Bid - MJC,FR,6,EUR,2026,505723,0.3243%,0.14963,1640,245.40,5490.08,289
"=""amzn1.ads-account.g.6wubx539i9z2ina5h90v21w6e""",WWD - Workwear Depot,,"=""349831502064744""",SP - Project Candy Low Bid - Seller Focus Styles - MJC,US,5,USD,2026,48915,0.6256%,0.20634,306,63.14,732.82,20
"=""amzn1.ads-account.g.95u2ty2xhpic90diqqwzt6a2s""",Portwest USA,,"=""347103425994483""",Display Ads Top Styles Converting Group 1 SD - Sep 2024 - JC,US,8,USD,2025,3299,0.3334%,1.33636,11,14.70,1547.96,34
"=""amzn1.ads-account.g.1pajz8jo9dcmlcw2654w4ynhd""",Portwest Australia,,"=""529658289585474""",May Promo - Project Candy - Auto Low Bid - MJC,AU,9,AUD,2026,27109,0.4205%,0.29526,114,33.66,368.20,22
"=""amzn1.ads-account.g.95u2ty2xhpic90diqqwzt6a2s""",Portwest USA,,"=""310313949746032""",Growers - Auto Low Bid - MJC,US,1,USD,2025,390052,0.2677%,0.25975,1044,271.18,3004.81,108
"=""amzn1.ads-account.g.6wubx539i9z2ina5h90v21w6e""",WWD - Workwear Depot,,"=""262860660370351""",B - Auto Low Bid - May 2023 - MJC,US,1,USD,2025,449,0.2227%,0.25000,1,0.25,0.00,0
"=""amzn1.ads-account.g.7qon60b3itwr4fzatg0h6r5fv""",Portwest IT,,"=""379427410422618""",SP - Bridging Promo 5th August 2025,IT,10,EUR,2025,1267043,0.3722%,0.16422,4716,774.45,5456.21,406
"=""amzn1.ads-account.g.6wubx539i9z2ina5h90v21w6e""",WWD - Workwear Depot,,"=""157714611577244""",M - Auto Low Bid - May 2023 - MJC,US,8,USD,2026,805,0.3727%,0.25000,3,0.75,0.00,0
"=""amzn1.ads-account.g.8os9jbxe8uolgs0z0ka9qua0q""",Portwest ES,,"=""195522116641065""",Droppers - Auto Low Bid - MJC,ES,2,EUR,2025,445791,0.2900%,0.15937,1293,206.07,1885.21,115
"=""amzn1.ads-account.g.1pajz8jo9dcmlcw2654w4ynhd""",Portwest Australia,,"=""327823251042498""",Display Ads Converting SP AH,AU,2,AUD,2025,22905,0.2576%,0.46186,59,27.25,217.17,7
"=""amzn1.ads-account.g.1pajz8jo9dcmlcw2654w4ynhd""",Portwest Australia,,"=""108617369848228""",Display Ads Converting FW90,AU,2,AUD,2025,320,0.9375%,0.02000,3,0.06,0.00,0
"=""amzn1.ads-account.g.9mvvwnjt2tsmdz08926vlb17a""",Portwest DE,,"=""555695194898382""",SP - PBDD - Project Candy Low Bid - MJC,DE,10,EUR,2025,2185372,0.4074%,0.17199,8903,1531.23,20385.26,1266
"=""amzn1.ads-account.g.1pajz8jo9dcmlcw2654w4ynhd""",Portwest Australia,,"=""82479822838699""",Auto Low Bid - Unhealthy Inventory V2 - MJC,AU,5,AUD,2025,59460,0.6122%,0.15577,364,56.70,789.75,39
"=""amzn1.ads-account.g.9mvvwnjt2tsmdz08926vlb17a""",Portwest DE,,"=""555695194898382""",SP - PBDD - Project Candy Low Bid - MJC,DE,11,EUR,2025,2367145,0.3078%,0.17331,7286,1262.76,14941.30,725
"=""amzn1.ads-account.g.6wubx539i9z2ina5h90v21w6e""",WWD - Workwear Depot,,"=""499053194388859""",SP - Project Candy Low Bid - PAT Profit - EXT - MJC,US,11,USD,2025,833,0.7203%,0.13667,6,0.82,0.00,0
"=""amzn1.ads-account.g.5dfl8rvx53v3cuqmb1snnubcf""",Portwest NL,,"=""420604139575816""",SP - Project Candy - Bridging Promo - 22 Sep 2025 - Auto Low Bid - MJC,NL,8,EUR,2026,196258,0.3414%,0.12466,670,83.52,870.35,49
"=""amzn1.ads-account.g.7qon60b3itwr4fzatg0h6r5fv""",Portwest IT,,"=""394086876968340""",PAT Profit Style - Low bid EXT and EXP Oct 2024 - JC,IT,9,EUR,2026,26779,0.5191%,0.17863,139,24.83,208.80,9
"=""amzn1.ads-account.g.1pajz8jo9dcmlcw2654w4ynhd""",Portwest Australia,,"=""534285577334243""",Project Candy V3 - Top 100 (May 2025) - Auto Low Bid with Multi - MJC,AU,11,AUD,2025,132930,0.6266%,0.35155,833,292.84,3967.90,278
"=""amzn1.ads-account.g.5dfl8rvx53v3cuqmb1snnubcf""",Portwest NL,,"=""360807979703590""",Auto Low Bid - Q4 2023 - MJC,NL,11,EUR,2025,31779,0.3776%,0.08642,120,10.37,215.83,12
"=""amzn1.ads-account.g.1pajz8jo9dcmlcw2654w4ynhd""",Portwest Australia,,"=""228877476300003""",Auto Low Bid - April 2023 - All Styles - MJC,AU,5,AUD,2025,571002,0.4151%,0.22448,2370,532.02,9457.19,416
"=""amzn1.ads-account.g.1pajz8jo9dcmlcw2654w4ynhd""",Portwest Australia,,"=""534285577334243""",Project Candy V3 - Top 100 (May 2025) - Auto Low Bid with Multi - MJC,AU,8,AUD,2025,124017,0.7813%,0.35937,969,348.23,5876.69,315
"=""amzn1.ads-account.g.6wubx539i9z2ina5h90v21w6e""",WWD - Workwear Depot,,"=""349831502064744""",SP - Project Candy Low Bid - Seller Focus Styles - MJC,US,6,USD,2026,32755,0.7846%,0.20428,257,52.50,432.92,8
"=""amzn1.ads-account.g.9mvvwnjt2tsmdz08926vlb17a""",Portwest DE,,"=""479578890600664""",SP - Bridging Promo until 4th Aug - Project Candy Low Bid - MJC,DE,8,EUR,2025,1399562,0.3225%,0.17549,4513,791.97,6311.99,467
"=""amzn1.ads-account.g.7qon60b3itwr4fzatg0h6r5fv""",Portwest IT,,"=""501655278304804""",Growers - Auto Low Bid - MJC,IT,1,EUR,2025,811710,0.5403%,0.16236,4386,712.11,8317.38,308
"=""amzn1.ads-account.g.9zovk6zrqsgpaj8x2od1sbl53""",Portwest - BE BISS - (Pan-EU),,"=""314375037758059""",SP - Project Candy - Bridging Promo - 5 Sep 2025 - Auto Low Bid - MJC,BE,4,EUR,2026,20390,0.7308%,0.12960,149,19.31,134.83,10
"=""amzn1.ads-account.g.bak81x0kttgh0i1ah3ezzzu2m""",Portwest PL,,"=""498483964951140""",Auto Low Bid - Q1 2024 - Feb Deals - MJC,PL,3,PLN,2026,2557,0.5084%,0.10923,13,1.42,0.00,0
"=""amzn1.ads-account.g.9mvvwnjt2tsmdz08926vlb17a""",Portwest DE,,"=""358197710343541""",Project Candy - Converting EXT - 20240711,DE,10,EUR,2025,50052,0.4196%,0.23505,210,49.36,498.75,34
"=""amzn1.ads-account.g.6wubx539i9z2ina5h90v21w6e""",WWD - Workwear Depot,,"=""455322468550172""",SP - Catch All B2B - All Live Product - with Multi - MJC,US,3,USD,2026,36532,0.4270%,0.52006,156,81.13,2493.08,54
"=""amzn1.ads-account.g.1pajz8jo9dcmlcw2654w4ynhd""",Portwest Australia,,"=""302643831867198""",Droppers - Auto Low Bid - MJC,AU,1,AUD,2026,17185,0.5528%,0.36105,95,34.30,723.51,25
"=""amzn1.ads-account.g.9zovk6zrqsgpaj8x2od1sbl53""",Portwest - BE BISS - (Pan-EU),,"=""289395542376704""",Bridging Promo 24 May - Project Candy Low Bid - MJC,BE,3,EUR,2026,1892,0.4757%,0.12556,9,1.13,93.40,2
"=""amzn1.ads-account.g.7qon60b3itwr4fzatg0h6r5fv""",Portwest IT,,"=""421546352398518""",SP - PRIME DAY - Project Candy Low Bid with Multi,IT,1,EUR,2026,2247627,0.2614%,0.18188,5876,1068.75,12792.18,468
"=""amzn1.ads-account.g.betoci5lb82z6jole1u6tt780""",Portwest FR,,"=""424060741780397""",Auto Low Bid - Q1 2024 - Feb Deals - MJC,FR,2,EUR,2025,578659,0.2680%,0.14773,1551,229.13,2600.38,73
"=""amzn1.ads-account.g.mxheehzl72t4l5it1hfsk6xz""",Portwest SE,,"=""293264327574712""",Auto All - EURO Expansion 4 V2 - Campaign A - MJC,SE,8,SEK,2025,2422,0.4129%,0.89600,10,8.96,0.00,0
"=""amzn1.ads-account.g.9mvvwnjt2tsmdz08926vlb17a""",Portwest DE,,"=""324958907979592""",Project Candy - Focus Styles from SD - Auto Low Bid - Q4 2024 - MJC,DE,6,EUR,2025,435408,0.2903%,0.20691,1264,261.54,3774.92,229
"=""amzn1.ads-account.g.7qon60b3itwr4fzatg0h6r5fv""",Portwest IT,,"=""397507002813117""",Auto Low Bid - Q1 2024 - Feb Deals - MJC,IT,1,EUR,2025,1187283,0.2259%,0.15021,2682,402.86,3156.66,102
"=""amzn1.ads-account.g.1pajz8jo9dcmlcw2654w4ynhd""",Portwest Australia,,"=""534285577334243""",Project Candy V3 - Top 100 (May 2025) - Auto Low Bid with Multi - MJC,AU,6,AUD,2025,45649,1.2158%,0.39142,555,217.24,4216.49,207
"=""amzn1.ads-account.g.9mvvwnjt2tsmdz08926vlb17a""",Portwest DE,,"=""368937778983831""",Manual Profit EXT Low Bid - December 2023 - MJC,DE,4,EUR,2025,99509,0.2733%,0.24188,272,65.79,1475.88,65
"=""amzn1.ads-account.g.6wubx539i9z2ina5h90v21w6e""",WWD - Workwear Depot,,"=""129758628454478""",UH440 - Auto - May 2023,US,3,USD,2026,24751,0.4889%,0.48835,121,59.09,341.91,9
"=""amzn1.ads-account.g.betoci5lb82z6jole1u6tt780""",Portwest FR,,"=""375571445949915""",Keyword Research Low Bid - BRD PHR - SD,FR,6,EUR,2026,196415,0.2851%,0.16805,560,94.11,1760.08,81
"=""amzn1.ads-account.g.95u2ty2xhpic90diqqwzt6a2s""",Portwest USA,,"=""378183114449311""",Store Spotlight SB - Oct 2024 - JC,US,5,USD,2025,204583,0.1212%,0.20359,248,50.49,710.37,25
"=""amzn1.ads-account.g.9mvvwnjt2tsmdz08926vlb17a""",Portwest DE,,"=""561617050692541""",Auto Low Bid - Q4 2023 - MJC,DE,9,EUR,2026,18733,0.4217%,0.20329,79,16.06,330.69,20
"=""amzn1.ads-account.g.95u2ty2xhpic90diqqwzt6a2s""",Portwest USA,,"=""466909516541266""",Keyword Research 2 Low Bid - BRD PHR - JC,US,10,USD,2025,39143,0.4292%,0.23345,168,39.22,98.48,3
"=""amzn1.ads-account.g.1pajz8jo9dcmlcw2654w4ynhd""",Portwest Australia,,"=""371634636717287""",Manual Profit Expand BRD PHR Low Bid - Q2 2024 - MJC,AU,2,AUD,2026,26307,0.3801%,0.22880,100,22.88,252.58,12
"=""amzn1.ads-account.g.9mvvwnjt2tsmdz08926vlb17a""",Portwest DE,,"=""339739082571714""",Auto Low Bid - Q1 2024 - Feb Deals - MJC,DE,7,EUR,2026,53527,0.4988%,0.15704,267,41.93,609.52,24
"=""amzn1.ads-account.g.1pajz8jo9dcmlcw2654w4ynhd""",Portwest Australia,,"=""476491807026648""",2852 - Top Seller - Auto Low Bid - MJC,AU,7,AUD,2026,6431,0.4509%,0.51552,29,14.95,222.39,7
"=""amzn1.ads-account.g.8os9jbxe8uolgs0z0ka9qua0q""",Portwest ES,,"=""195522116641065""",Droppers - Auto Low Bid - MJC,ES,1,EUR,2025,501369,0.3991%,0.15824,2001,316.63,3189.35,148
"=""amzn1.ads-account.g.9mvvwnjt2tsmdz08926vlb17a""",Portwest DE,,"=""488971604344142""",Keyword Research Low Bid (New Selection) - BRD PHR - SD,DE,5,EUR,2026,74153,0.3870%,0.22794,287,65.42,1215.21,71
"=""amzn1.ads-account.g.1pajz8jo9dcmlcw2654w4ynhd""",Portwest Australia,,"=""302643831867198""",Droppers - Auto Low Bid - MJC,AU,9,AUD,2026,12212,0.4995%,0.45066,61,27.49,218.86,9
